instance,feature,n_seeds,n_seeds_naming,selection_frequency,mean_weight_when_named,sd_weight_when_named,cv_when_named,sign_consistency,task,pv,fold
0,ST011Q04TA,30,30,1.0,0.047508181538598766,0.0027286961277295024,0.05743634126497834,1.0,low_vs_high,1,0
0,ST011Q09TA,30,1,0.03333333333333333,-0.02629027969380935,,,1.0,low_vs_high,1,0
0,ST012Q01TA,30,30,1.0,-0.041737714459169614,0.002134356955180327,0.05113737018993423,1.0,low_vs_high,1,0
0,ST013Q01TA,30,30,1.0,-0.0950530970953048,0.002055281251587474,0.021622454337566197,1.0,low_vs_high,1,0
0,ST166Q02HA,30,30,1.0,-0.051951391400280586,0.002229067096748752,0.04290678337321131,1.0,low_vs_high,1,0
0,ST166Q03HA,30,30,1.0,0.0778290938561786,0.003465119706757753,0.044522164335627404,1.0,low_vs_high,1,0
0,ST166Q05HA,30,30,1.0,-0.07214960337821216,0.0023533616867229775,0.032617804901664216,1.0,low_vs_high,1,0
0,ST004D01T,30,30,1.0,-0.05938160847264872,0.002099790189772382,0.0353609517118343,1.0,low_vs_high,1,0
0,ST019AQ01T,30,9,0.3,0.03283433473605263,0.0031721856905558747,0.09661184598550017,1.0,low_vs_high,1,0
0,missingindicator_ST011Q01TA,30,8,0.26666666666666666,-0.023246924717474606,0.054326883049516606,2.336949239943094,0.625,low_vs_high,1,0
0,missingindicator_ST011Q02TA,30,12,0.4,0.03176906463478035,0.01901377697552844,0.5984997416232521,0.9166666666666666,low_vs_high,1,0
0,missingindicator_ST011Q03TA,30,2,0.06666666666666667,-0.007820169836984681,0.05171108734659715,6.612527403437574,0.5,low_vs_high,1,0
0,missingindicator_ST011Q04TA,30,5,0.16666666666666666,-0.016213533390338108,0.04864622692186079,3.000347040383549,0.6,low_vs_high,1,0
0,missingindicator_ST011Q05TA,30,1,0.03333333333333333,0.03636456735882484,,,1.0,low_vs_high,1,0
0,missingindicator_ST011Q07TA,30,1,0.03333333333333333,0.04143642543710236,,,1.0,low_vs_high,1,0
0,missingindicator_ST011Q08TA,30,2,0.06666666666666667,0.03777958426015329,0.0021707496319514903,0.057458272092237216,1.0,low_vs_high,1,0
0,missingindicator_ST011Q09TA,30,10,0.3333333333333333,0.0367228990651752,0.009763535899480046,0.26587050990042704,1.0,low_vs_high,1,0
0,missingindicator_ST011Q10TA,30,1,0.03333333333333333,0.03572124532945615,,,1.0,low_vs_high,1,0
0,missingindicator_ST011Q11TA,30,3,0.1,-0.03687901103240391,0.005151515955966416,0.13968693334645046,1.0,low_vs_high,1,0
0,missingindicator_ST012Q01TA,30,5,0.16666666666666666,0.00136744063902266,0.04376704798666032,32.006543273382306,0.6,low_vs_high,1,0
0,missingindicator_ST012Q02TA,30,20,0.6666666666666666,0.037156745219144194,0.00610867810465029,0.1644029386487525,1.0,low_vs_high,1,0
0,missingindicator_ST012Q03TA,30,28,0.9333333333333333,0.04118105946068589,0.006116445070782957,0.1485256851301291,1.0,low_vs_high,1,0
0,missingindicator_ST012Q08NA,30,20,0.6666666666666666,0.040042530821188194,0.007836829169489436,0.19571263376146641,1.0,low_vs_high,1,0
0,missingindicator_ST012Q09NA,30,3,0.1,-0.014145369208667673,0.045996738346665754,3.2517170579387162,0.6666666666666666,low_vs_high,1,0
0,missingindicator_ST013Q01TA,30,1,0.03333333333333333,-0.04269693252901313,,,1.0,low_vs_high,1,0
0,missingindicator_ST166Q03HA,30,14,0.4666666666666667,0.034479362813630954,0.0030913354158023086,0.08965755639138988,1.0,low_vs_high,1,0
0,missingindicator_ST166Q04HA,30,2,0.06666666666666667,0.03155113683679736,0.0007445642340438141,0.02359864995975188,1.0,low_vs_high,1,0
0,missingindicator_ST166Q05HA,30,30,1.0,0.05816221333049941,0.0050840718458445705,0.08741193903600222,1.0,low_vs_high,1,0
0,missingindicator_ST019AQ01T,30,2,0.06666666666666667,0.034623288820808285,0.00048297856636456187,0.013949528852218571,1.0,low_vs_high,1,0
0,missingindicator_ST019BQ01T,30,30,1.0,0.054039641467607584,0.006299446608291825,0.11657084386964034,1.0,low_vs_high,1,0
0,missingindicator_ST019CQ01T,30,30,1.0,0.05717768504615073,0.005118087332786618,0.08951197182354577,1.0,low_vs_high,1,0
1,ST011Q04TA,30,30,1.0,0.048225305515267845,0.0033014616244734993,0.06845911268365684,1.0,low_vs_high,1,0
1,ST011Q09TA,30,1,0.03333333333333333,0.02872448770016273,,,1.0,low_vs_high,1,0
1,ST012Q01TA,30,30,1.0,-0.0422342953180369,0.003158977226671468,0.07479649424439126,1.0,low_vs_high,1,0
1,ST012Q03TA,30,2,0.06666666666666667,0.02879156096614771,0.0006963020494648611,0.02418424101018882,1.0,low_vs_high,1,0
1,ST166Q03HA,30,30,1.0,0.07874710048023552,0.0043376697278956775,0.05508354849185051,1.0,low_vs_high,1,0
1,ST004D01T,30,30,1.0,-0.06012279481606686,0.0026059168936327756,0.043343242801753216,1.0,low_vs_high,1,0
1,ST019AQ01T,30,20,0.6666666666666666,0.03134089668728748,0.0030950304265840024,0.09875372927154989,1.0,low_vs_high,1,0
1,missingindicator_ST011Q01TA,30,13,0.43333333333333335,-0.017479529697455896,0.044820397471667904,2.564164954517707,0.6153846153846154,low_vs_high,1,0
1,missingindicator_ST011Q02TA,30,18,0.6,0.0282113670567232,0.034147568002286036,1.2104187625373564,0.8888888888888888,low_vs_high,1,0
1,missingindicator_ST011Q03TA,30,6,0.2,-0.003908496258905255,0.04439908227522772,11.359632793319758,0.5,low_vs_high,1,0
1,missingindicator_ST011Q04TA,30,8,0.26666666666666666,-0.01243882203610737,0.044494942886098905,3.577102619278509,0.625,low_vs_high,1,0
1,missingindicator_ST011Q05TA,30,2,0.06666666666666667,0.0362601198326998,0.002347845733430398,0.06475008202573791,1.0,low_vs_high,1,0
1,missingindicator_ST011Q06TA,30,4,0.13333333333333333,1.699546549136649e-05,0.04500023368166291,2647.778826918423,0.5,low_vs_high,1,0
1,missingindicator_ST011Q07TA,30,4,0.13333333333333333,-0.03772139917817194,0.013687721451092835,0.36286356681629783,1.0,low_vs_high,1,0
1,missingindicator_ST011Q08TA,30,6,0.2,0.034095216399859955,0.0073134051764085686,0.21449945032284964,1.0,low_vs_high,1,0
1,missingindicator_ST011Q09TA,30,14,0.4666666666666667,0.038433238516846935,0.010996748015745312,0.28612597949363455,1.0,low_vs_high,1,0
1,missingindicator_ST011Q10TA,30,1,0.03333333333333333,0.037951062730541836,,,1.0,low_vs_high,1,0
1,missingindicator_ST011Q11TA,30,10,0.3333333333333333,0.03261921606366985,0.005402840892606471,0.1656336829818534,1.0,low_vs_high,1,0
1,missingindicator_ST011Q16NA,30,1,0.03333333333333333,-0.02372908977656751,,,1.0,low_vs_high,1,0
1,missingindicator_ST012Q01TA,30,7,0.23333333333333334,0.008326127940274344,0.03865690112598454,4.642842555781194,0.5714285714285714,low_vs_high,1,0
1,missingindicator_ST012Q02TA,30,26,0.8666666666666667,0.03663671173075953,0.00646896503570704,0.17657056897592183,1.0,low_vs_high,1,0
1,missingindicator_ST012Q03TA,30,29,0.9666666666666667,0.04195123748486378,0.005639421640322288,0.13442801639300914,1.0,low_vs_high,1,0
1,missingindicator_ST012Q05NA,30,4,0.13333333333333333,-0.007783383805095629,0.04131729807661375,5.308397878254973,0.5,low_vs_high,1,0
1,missingindicator_ST012Q06NA,30,1,0.03333333333333333,-0.031141895016764128,,,1.0,low_vs_high,1,0
1,missingindicator_ST012Q07NA,30,1,0.03333333333333333,0.027718211786447396,,,1.0,low_vs_high,1,0
1,missingindicator_ST012Q08NA,30,16,0.5333333333333333,0.0378477544421442,0.007581952987216259,0.20032768387372563,1.0,low_vs_high,1,0
1,missingindicator_ST012Q09NA,30,9,0.3,0.005788006077824848,0.037569316324049765,6.490890959494023,0.5555555555555556,low_vs_high,1,0
1,missingindicator_ST013Q01TA,30,3,0.1,-0.019339493193749956,0.04569151494624367,2.3626014647069464,0.6666666666666666,low_vs_high,1,0
1,missingindicator_ST166Q03HA,30,18,0.6,-0.03382511642155477,0.004401808559483501,0.13013432103602415,1.0,low_vs_high,1,0
1,missingindicator_ST166Q04HA,30,8,0.26666666666666666,-0.03241054109351221,0.004864541328055165,0.15009133337267624,1.0,low_vs_high,1,0
1,missingindicator_ST166Q05HA,30,30,1.0,-0.05861596246291281,0.005827500100217816,0.09941831295365937,1.0,low_vs_high,1,0
1,missingindicator_ST019AQ01T,30,8,0.26666666666666666,0.031073842620608375,0.007820485851111043,0.25167424404487543,1.0,low_vs_high,1,0
1,missingindicator_ST019BQ01T,30,30,1.0,0.05259866028229569,0.005923274218735808,0.11261264425644577,1.0,low_vs_high,1,0
1,missingindicator_ST019CQ01T,30,30,1.0,0.058060327339287794,0.005314969106117021,0.09154218292738646,1.0,low_vs_high,1,0
2,ST011Q04TA,30,30,1.0,0.047904518773182164,0.0034107701753444577,0.07119934116223436,1.0,low_vs_high,1,0
2,ST011Q09TA,30,2,0.06666666666666667,0.02595653540215646,0.00041044756139852596,0.015812879301465868,1.0,low_vs_high,1,0
2,ST012Q01TA,30,30,1.0,-0.04184510042833985,0.002113148823277503,0.0504993129816068,1.0,low_vs_high,1,0
2,ST012Q03TA,30,2,0.06666666666666667,0.031065342559230887,0.0056676102834006615,0.18244158333662294,1.0,low_vs_high,1,0
2,ST012Q09NA,30,3,0.1,0.028800750182748622,0.002097583640893503,0.07283086820946545,1.0,low_vs_high,1,0
2,ST013Q01TA,30,30,1.0,-0.09560350014992629,0.0020854122311659198,0.021813136840131975,1.0,low_vs_high,1,0
2,ST166Q05HA,30,30,1.0,-0.07232844558264909,0.0029206033637960336,0.040379733592624846,1.0,low_vs_high,1,0
2,ST004D01T,30,30,1.0,0.05938616357453067,0.002443801353638273,0.04115102250326812,1.0,low_vs_high,1,0
2,ST019AQ01T,30,13,0.43333333333333335,0.031924950595918274,0.003931235901912019,0.12313992123811282,1.0,low_vs_high,1,0
2,missingindicator_ST011Q01TA,30,7,0.23333333333333334,-0.03180977284500981,0.06801069901014116,2.138044158363438,0.5714285714285714,low_vs_high,1,0
2,missingindicator_ST011Q02TA,30,15,0.5,0.028325840383588544,0.0317683166418338,1.1215313018652664,0.8,low_vs_high,1,0
2,missingindicator_ST011Q03TA,30,7,0.23333333333333334,0.001837247213395372,0.04169585806453231,22.694745573991213,0.5714285714285714,low_vs_high,1,0
2,missingindicator_ST011Q04TA,30,5,0.16666666666666666,-0.026720770485043427,0.04396778910236973,1.6454536416522898,0.8,low_vs_high,1,0
2,missingindicator_ST011Q05TA,30,2,0.06666666666666667,0.035217386549223614,0.0009370335490127239,0.026607129058342387,1.0,low_vs_high,1,0
2,missingindicator_ST011Q06TA,30,4,0.13333333333333333,0.008331601323462067,0.02956222229299681,3.548204138110714,0.75,low_vs_high,1,0
2,missingindicator_ST011Q07TA,30,1,0.03333333333333333,0.04041434517648214,,,1.0,low_vs_high,1,0
2,missingindicator_ST011Q08TA,30,9,0.3,0.03387671268797418,0.0036942899113520788,0.10905101523216881,1.0,low_vs_high,1,0
2,missingindicator_ST011Q09TA,30,12,0.4,0.0357470993251462,0.010478937881866941,0.29314092834647315,1.0,low_vs_high,1,0
2,missingindicator_ST011Q10TA,30,2,0.06666666666666667,-0.005508717892303266,0.05559845100534652,10.092811447656125,0.5,low_vs_high,1,0
2,missingindicator_ST011Q11TA,30,9,0.3,-0.0338595023027454,0.006685996454164435,0.19746292767044957,1.0,low_vs_high,1,0
2,missingindicator_ST011Q12TA,30,1,0.03333333333333333,0.03234349346341169,,,1.0,low_vs_high,1,0
2,missingindicator_ST012Q01TA,30,4,0.13333333333333333,0.003506120804175049,0.043713083445515874,12.467648973607192,0.5,low_vs_high,1,0
2,missingindicator_ST012Q02TA,30,26,0.8666666666666667,0.03763428572845785,0.005668322516134379,0.15061591860764806,1.0,low_vs_high,1,0
2,missingindicator_ST012Q03TA,30,30,1.0,0.041427057403325605,0.007880851919796617,0.19023441233274688,1.0,low_vs_high,1,0
2,missingindicator_ST012Q05NA,30,3,0.1,-0.017051083664846558,0.03607782710767052,2.115867109493488,0.6666666666666666,low_vs_high,1,0
2,missingindicator_ST012Q08NA,30,19,0.6333333333333333,0.03689419714266015,0.007538213671074062,0.204319764485612,1.0,low_vs_high,1,0
2,missingindicator_ST012Q09NA,30,6,0.2,-0.023638737223265455,0.033760419510793074,1.4281820213968863,0.8333333333333334,low_vs_high,1,0
2,missingindicator_ST013Q01TA,30,2,0.06666666666666667,-0.031660734611376,0.020767307644593547,0.6559325896731296,1.0,low_vs_high,1,0
2,missingindicator_ST166Q03HA,30,15,0.5,0.03469142189835474,0.003724465512881658,0.10735984024506914,1.0,low_vs_high,1,0
2,missingindicator_ST166Q04HA,30,6,0.2,0.029712615858527875,0.003485882060735328,0.11731993161870459,1.0,low_vs_high,1,0
2,missingindicator_ST166Q05HA,30,30,1.0,0.05835559386032007,0.005130960225269159,0.08792576488126612,1.0,low_vs_high,1,0
2,missingindicator_ST019AQ01T,30,5,0.16666666666666666,0.029505015520568147,0.0034672618300380584,0.11751431981525333,1.0,low_vs_high,1,0
2,missingindicator_ST019BQ01T,30,30,1.0,0.05384885670770512,0.006677664427686227,0.12400754326007324,1.0,low_vs_high,1,0
2,missingindicator_ST019CQ01T,30,30,1.0,0.05712080046436561,0.0061015644991293605,0.1068186098501154,1.0,low_vs_high,1,0
3,ST011Q04TA,30,30,1.0,0.048338959418744394,0.003027117492822918,0.06262272769672185,1.0,low_vs_high,1,0
3,ST011Q09TA,30,1,0.03333333333333333,0.0257626371926314,,,1.0,low_vs_high,1,0
3,ST012Q01TA,30,30,1.0,-0.04233864997305013,0.002818733779621245,0.06657590124898778,1.0,low_vs_high,1,0
3,ST012Q03TA,30,29,0.9666666666666667,-0.04333494429282933,0.0026839992780920033,0.0619361423417389,1.0,low_vs_high,1,0
3,ST166Q02HA,30,30,1.0,0.04979821128586073,0.00335597918598336,0.06739156084781357,1.0,low_vs_high,1,0
3,ST166Q05HA,30,30,1.0,-0.07231779510850388,0.0025046135718449496,0.03463343383308476,1.0,low_vs_high,1,0
3,ST004D01T,30,30,1.0,0.05983139578193838,0.0024439811565701366,0.040847804478395845,1.0,low_vs_high,1,0
3,ST019AQ01T,30,11,0.36666666666666664,0.03255148075397443,0.003513517817398419,0.10793726540287818,1.0,low_vs_high,1,0
3,missingindicator_ST011Q01TA,30,13,0.43333333333333335,-0.011856773029691558,0.05583914603498532,4.7094724589189445,0.5384615384615384,low_vs_high,1,0
3,missingindicator_ST011Q02TA,30,16,0.5333333333333333,0.02887213921040331,0.02423650882183103,0.8394427806408624,0.875,low_vs_high,1,0
3,missingindicator_ST011Q03TA,30,5,0.16666666666666666,-0.01941910392173711,0.040014419656008826,2.060569829446043,0.6,low_vs_high,1,0
3,missingindicator_ST011Q04TA,30,8,0.26666666666666666,-0.005549867644581198,0.04415703477068482,7.956412224316564,0.5,low_vs_high,1,0
3,missingindicator_ST011Q06TA,30,6,0.2,-0.006767989053503825,0.039595592714979054,5.850422097606703,0.6666666666666666,low_vs_high,1,0
3,missingindicator_ST011Q07TA,30,3,0.1,0.007020229135298678,0.041937636006342094,5.973827235278389,0.6666666666666666,low_vs_high,1,0
3,missingindicator_ST011Q08TA,30,5,0.16666666666666666,0.03760225287890243,0.0070478410409181525,0.18743135055273505,1.0,low_vs_high,1,0
3,missingindicator_ST011Q09TA,30,9,0.3,0.03937587130156431,0.00766261165435242,0.19460170406560637,1.0,low_vs_high,1,0
3,missingindicator_ST011Q10TA,30,2,0.06666666666666667,-0.007186219858085735,0.04782102538884159,6.654545273205731,0.5,low_vs_high,1,0
3,missingindicator_ST011Q11TA,30,4,0.13333333333333333,-0.039412516632175876,0.009839263793451462,0.24964819895359872,1.0,low_vs_high,1,0
3,missingindicator_ST012Q01TA,30,4,0.13333333333333333,0.02375938502445536,0.03741286648712412,1.5746563494221477,0.75,low_vs_high,1,0
3,missingindicator_ST012Q02TA,30,24,0.8,0.03836706564767276,0.006106803916882369,0.15916786477656494,1.0,low_vs_high,1,0
3,missingindicator_ST012Q03TA,30,29,0.9666666666666667,0.042738486276164875,0.005542071752995854,0.1296740300342984,1.0,low_vs_high,1,0
3,missingindicator_ST012Q05NA,30,2,0.06666666666666667,-0.0003979741133128892,0.050851504794239895,127.7759107770414,0.5,low_vs_high,1,0
3,missingindicator_ST012Q08NA,30,16,0.5333333333333333,0.039794602883923044,0.007415012812535981,0.186332122327363,1.0,low_vs_high,1,0
3,missingindicator_ST012Q09NA,30,4,0.13333333333333333,-0.006472708701040018,0.04096834243125034,6.329396906841745,0.5,low_vs_high,1,0
3,missingindicator_ST013Q01TA,30,3,0.1,-0.019199080506939293,0.04502771984734413,2.345306059374529,0.6666666666666666,low_vs_high,1,0
3,missingindicator_ST166Q03HA,30,10,0.3333333333333333,0.03445046927901586,0.0035565581246262998,0.10323685566723574,1.0,low_vs_high,1,0
3,missingindicator_ST166Q04HA,30,3,0.1,0.03441684990869064,0.006138715518572227,0.17836366590372155,1.0,low_vs_high,1,0
3,missingindicator_ST166Q05HA,30,30,1.0,0.05777375346467059,0.005943585107137813,0.10287690777737668,1.0,low_vs_high,1,0
3,missingindicator_ST019AQ01T,30,3,0.1,0.04029088851794361,0.004300543786135999,0.10673737771309623,1.0,low_vs_high,1,0
3,missingindicator_ST019BQ01T,30,30,1.0,0.053734898703338266,0.007971126043034788,0.14834169665122277,1.0,low_vs_high,1,0
3,missingindicator_ST019CQ01T,30,30,1.0,0.05640724592002326,0.005414541982661346,0.0959901852031267,1.0,low_vs_high,1,0
4,ST011Q04TA,30,30,1.0,0.04830291405652377,0.003463946022604841,0.07171298233790518,1.0,low_vs_high,1,0
4,ST012Q01TA,30,30,1.0,-0.04233485050883413,0.002892662757057854,0.06832816750951405,1.0,low_vs_high,1,0
4,ST012Q08NA,30,17,0.5666666666666667,0.035940365379400374,0.002729929047477798,0.07595718681932176,1.0,low_vs_high,1,0
4,ST013Q01TA,30,30,1.0,0.09733141805713642,0.0036526326733197717,0.03752778646639637,1.0,low_vs_high,1,0
4,ST166Q02HA,30,30,1.0,0.05019509527831765,0.0030375067606951815,0.06051401524099243,1.0,low_vs_high,1,0
4,ST166Q05HA,30,30,1.0,0.060644727684183025,0.002716635660526704,0.044795908305071665,1.0,low_vs_high,1,0
4,ST004D01T,30,30,1.0,-0.06011669311056047,0.00242076858501895,0.0402678267842664,1.0,low_vs_high,1,0
4,ST019AQ01T,30,8,0.26666666666666666,0.033086302517517555,0.002990630784998304,0.09038878803138893,1.0,low_vs_high,1,0
4,missingindicator_ST011Q01TA,30,10,0.3333333333333333,-0.0218546908760822,0.04886266597909976,2.235797626063662,0.7,low_vs_high,1,0
4,missingindicator_ST011Q02TA,30,10,0.3333333333333333,0.03198297216018946,0.04329046736151417,1.3535473546576646,0.8,low_vs_high,1,0
4,missingindicator_ST011Q03TA,30,5,0.16666666666666666,-0.023867578932642373,0.02632259837855849,1.1028600116017013,0.8,low_vs_high,1,0
4,missingindicator_ST011Q04TA,30,8,0.26666666666666666,-0.006959243330972479,0.04879404005830576,7.011400196504886,0.5,low_vs_high,1,0
4,missingindicator_ST011Q05TA,30,1,0.03333333333333333,0.032900308330543235,,,1.0,low_vs_high,1,0
4,missingindicator_ST011Q06TA,30,4,0.13333333333333333,-0.004543532906605677,0.043336912517008774,9.538153108565103,0.5,low_vs_high,1,0
4,missingindicator_ST011Q07TA,30,1,0.03333333333333333,0.058334369403245115,,,1.0,low_vs_high,1,0
4,missingindicator_ST011Q08TA,30,3,0.1,0.04025666697986183,0.0012041230764576341,0.029911146818488228,1.0,low_vs_high,1,0
4,missingindicator_ST011Q09TA,30,11,0.36666666666666664,0.039597536272265955,0.006163323755471853,0.15564917254179356,1.0,low_vs_high,1,0
4,missingindicator_ST011Q10TA,30,1,0.03333333333333333,-0.029505609487423763,,,1.0,low_vs_high,1,0
4,missingindicator_ST011Q11TA,30,5,0.16666666666666666,-0.03471306264951274,0.0031528269981593556,0.09082537689032205,1.0,low_vs_high,1,0
4,missingindicator_ST011Q12TA,30,1,0.03333333333333333,0.040933400654039984,,,1.0,low_vs_high,1,0
4,missingindicator_ST012Q01TA,30,4,0.13333333333333333,0.019376193263801574,0.03940638746775637,2.0337528084721894,0.75,low_vs_high,1,0
4,missingindicator_ST012Q02TA,30,23,0.7666666666666667,0.03869170072777879,0.005220817519381651,0.1349337822111643,1.0,low_vs_high,1,0
4,missingindicator_ST012Q03TA,30,28,0.9333333333333333,0.04402117467679694,0.006576844361596423,0.14940183695422837,1.0,low_vs_high,1,0
4,missingindicator_ST012Q05NA,30,1,0.03333333333333333,-0.04924752232671785,,,1.0,low_vs_high,1,0
4,missingindicator_ST012Q06NA,30,1,0.03333333333333333,0.030400561839033297,,,1.0,low_vs_high,1,0
4,missingindicator_ST012Q08NA,30,14,0.4666666666666667,0.038789641841939684,0.004076337453019232,0.10508829830472581,1.0,low_vs_high,1,0
4,missingindicator_ST012Q09NA,30,2,0.06666666666666667,0.0027517011394988487,0.05247259659657876,19.069148114731416,0.5,low_vs_high,1,0
4,missingindicator_ST013Q01TA,30,6,0.2,-0.02221281306085836,0.026530874616655712,1.1943950792709948,0.8333333333333334,low_vs_high,1,0
4,missingindicator_ST166Q03HA,30,8,0.26666666666666666,0.03465303019845242,0.0034040893414863057,0.09823352595694011,1.0,low_vs_high,1,0
4,missingindicator_ST166Q04HA,30,2,0.06666666666666667,0.03160756227958626,0.0027536394771215888,0.08711964095060967,1.0,low_vs_high,1,0
4,missingindicator_ST166Q05HA,30,30,1.0,0.05953168934515983,0.005228722090668454,0.08783090398044568,1.0,low_vs_high,1,0
4,missingindicator_ST019AQ01T,30,6,0.2,0.03562306593447725,0.00442265193138197,0.12415135574003397,1.0,low_vs_high,1,0
4,missingindicator_ST019BQ01T,30,30,1.0,0.054697427906647965,0.006779731335271944,0.12394972843774123,1.0,low_vs_high,1,0
4,missingindicator_ST019CQ01T,30,30,1.0,0.056749001217331035,0.0060115952671803636,0.10593305852481566,1.0,low_vs_high,1,0
5,ST011Q04TA,30,30,1.0,0.04849158721889287,0.0034456296765629385,0.07105623622937386,1.0,low_vs_high,1,0
5,ST012Q01TA,30,30,1.0,0.04279625470233696,0.0027450596989136563,0.0641425217698725,1.0,low_vs_high,1,0
5,ST012Q03TA,30,2,0.06666666666666667,0.030180422865426222,0.003102406390127815,0.10279532543203156,1.0,low_vs_high,1,0
5,ST012Q06NA,30,3,0.1,0.03222979057572912,0.0022386713777849294,0.06945969358767033,1.0,low_vs_high,1,0
5,ST013Q01TA,30,30,1.0,0.09776864094400096,0.003572546156309254,0.03654081842413565,1.0,low_vs_high,1,0
5,ST166Q02HA,30,30,1.0,0.050473510884151605,0.0032012787931934325,0.06342492798927954,1.0,low_vs_high,1,0
5,ST166Q05HA,30,30,1.0,0.06105631033446521,0.0029238518188748107,0.04788779084189678,1.0,low_vs_high,1,0
5,ST004D01T,30,30,1.0,0.060593646247514885,0.002461433452539377,0.04062197284653962,1.0,low_vs_high,1,0
5,ST019AQ01T,30,12,0.4,0.0327202909108934,0.002164584185082032,0.0661541852111525,1.0,low_vs_high,1,0
5,missingindicator_ST011Q01TA,30,11,0.36666666666666664,-0.019785886428906368,0.05053408854075372,2.5540472357571753,0.6363636363636364,low_vs_high,1,0
5,missingindicator_ST011Q02TA,30,9,0.3,0.039974754748895815,0.03746800947514646,0.9372917910442315,0.8888888888888888,low_vs_high,1,0
5,missingindicator_ST011Q03TA,30,5,0.16666666666666666,-0.022228311950802042,0.031047848304320693,1.3967704058247403,0.8,low_vs_high,1,0
5,missingindicator_ST011Q04TA,30,8,0.26666666666666666,-0.0069973163548250755,0.04763948855425284,6.808251355021631,0.5,low_vs_high,1,0
5,missingindicator_ST011Q05TA,30,2,0.06666666666666667,0.03453582189871495,0.0026593415201242466,0.07700241007506466,1.0,low_vs_high,1,0
5,missingindicator_ST011Q06TA,30,4,0.13333333333333333,-0.017608597391967202,0.03830385023893657,2.175292522527107,0.75,low_vs_high,1,0
5,missingindicator_ST011Q07TA,30,2,0.06666666666666667,0.0396891060025374,0.021689237914953842,0.5464783689904027,1.0,low_vs_high,1,0
5,missingindicator_ST011Q08TA,30,3,0.1,0.040691634511827536,0.0014392178751247784,0.03536888828357218,1.0,low_vs_high,1,0
5,missingindicator_ST011Q09TA,30,11,0.36666666666666664,0.040344138287214934,0.00626067870339713,0.15518186703670755,1.0,low_vs_high,1,0
5,missingindicator_ST011Q10TA,30,2,0.06666666666666667,0.0022233895839060304,0.045265468780080656,20.358766231403628,0.5,low_vs_high,1,0
5,missingindicator_ST011Q11TA,30,6,0.2,-0.032826102612593167,0.005038228761812744,0.15348239238976588,1.0,low_vs_high,1,0
5,missingindicator_ST011Q12TA,30,1,0.03333333333333333,0.03695457672281062,,,1.0,low_vs_high,1,0
5,missingindicator_ST012Q01TA,30,6,0.2,0.01540713114943438,0.03871111999721716,2.5125456272005775,0.6666666666666666,low_vs_high,1,0
5,missingindicator_ST012Q02TA,30,25,0.8333333333333334,0.03872882521591728,0.005436413743863756,0.14037125354448984,1.0,low_vs_high,1,0
5,missingindicator_ST012Q03TA,30,28,0.9333333333333333,0.04412258439984438,0.006631426018022274,0.1502955030450497,1.0,low_vs_high,1,0
5,missingindicator_ST012Q05NA,30,1,0.03333333333333333,-0.04956206959066167,,,1.0,low_vs_high,1,0
5,missingindicator_ST012Q08NA,30,16,0.5333333333333333,0.03936947142479418,0.004470002626396853,0.11353981815416819,1.0,low_vs_high,1,0
5,missingindicator_ST012Q09NA,30,4,0.13333333333333333,0.016540886150757883,0.027889073697341973,1.6860688987974282,0.75,low_vs_high,1,0
5,missingindicator_ST013Q01TA,30,4,0.13333333333333333,-0.017749239797915473,0.0347700308370523,1.9589588755872127,0.75,low_vs_high,1,0
5,missingindicator_ST166Q03HA,30,8,0.26666666666666666,0.03463660622470627,0.002924783111853206,0.08444196561518087,1.0,low_vs_high,1,0
5,missingindicator_ST166Q04HA,30,3,0.1,0.03255762503999963,0.0017022893610038241,0.052285428034521145,1.0,low_vs_high,1,0
5,missingindicator_ST166Q05HA,30,30,1.0,0.059758854877050134,0.005215315513788263,0.08727268158866879,1.0,low_vs_high,1,0
5,missingindicator_ST019AQ01T,30,4,0.13333333333333333,0.03766260556845987,0.006472611800314983,0.17185778048599484,1.0,low_vs_high,1,0
5,missingindicator_ST019BQ01T,30,30,1.0,0.055244309723118785,0.0072937067674257415,0.13202638975817363,1.0,low_vs_high,1,0
5,missingindicator_ST019CQ01T,30,30,1.0,0.05718725364003068,0.0061355990454854585,0.10728962583351934,1.0,low_vs_high,1,0
0,ST011Q04TA,30,30,1.0,0.07971122113405779,0.004608076556282488,0.05780963446203711,1.0,low_vs_medium,1,0
0,ST011Q06TA,30,3,0.1,0.07146259241767096,0.008934942867479166,0.1250296492920088,1.0,low_vs_medium,1,0
0,ST012Q01TA,30,18,0.6,-0.07009030670597409,0.0034176849181016054,0.048761163686137816,1.0,low_vs_medium,1,0
0,ST013Q01TA,30,30,1.0,-0.18355770428442286,0.0038252499126350224,0.020839495283225994,1.0,low_vs_medium,1,0
0,ST166Q02HA,30,30,1.0,-0.09511220064967904,0.0030982815408580225,0.03257501687159709,1.0,low_vs_medium,1,0
0,ST166Q05HA,30,2,0.06666666666666667,-0.06164096073478893,0.0007743854276265704,0.012562838385312879,1.0,low_vs_medium,1,0
0,ST004D01T,30,11,0.36666666666666664,0.06597417127691661,0.0034758671496987552,0.05268527186358019,1.0,low_vs_medium,1,0
0,ST019AQ01T,30,27,0.9,0.07350892475367361,0.0049373574193038155,0.06716677513443116,1.0,low_vs_medium,1,0
0,missingindicator_ST011Q01TA,30,4,0.13333333333333333,0.0757585352526414,0.018439148914635595,0.24339368301069014,1.0,low_vs_medium,1,0
0,missingindicator_ST011Q02TA,30,3,0.1,0.02361055052139885,0.06525990200843787,2.7640144158981443,0.6666666666666666,low_vs_medium,1,0
0,missingindicator_ST011Q03TA,30,4,0.13333333333333333,0.07308200440878848,0.015092452269652253,0.20651393447327657,1.0,low_vs_medium,1,0
0,missingindicator_ST011Q04TA,30,2,0.06666666666666667,-0.023200996167447318,0.08648523356018366,3.7276517325376193,0.5,low_vs_medium,1,0
0,missingindicator_ST011Q05TA,30,1,0.03333333333333333,0.10952961633957675,,,1.0,low_vs_medium,1,0
0,missingindicator_ST011Q07TA,30,3,0.1,0.0787892585876018,0.009561401477414059,0.12135412426534282,1.0,low_vs_medium,1,0
0,missingindicator_ST011Q09TA,30,21,0.7,0.08496512228672104,0.018272201898954458,0.21505532396332663,1.0,low_vs_medium,1,0
0,missingindicator_ST011Q10TA,30,5,0.16666666666666666,-0.08793445342048181,0.01783218155790221,0.20278947402598757,1.0,low_vs_medium,1,0
0,missingindicator_ST011Q12TA,30,25,0.8333333333333334,0.08108807330690919,0.019549630981151415,0.24109132433271996,1.0,low_vs_medium,1,0
0,missingindicator_ST012Q01TA,30,2,0.06666666666666667,-0.07359718356950712,0.0012449172334583207,0.016915283616561062,1.0,low_vs_medium,1,0
0,missingindicator_ST012Q02TA,30,27,0.9,0.07601188860107834,0.010763542377767246,0.14160340672833313,1.0,low_vs_medium,1,0
0,missingindicator_ST012Q03TA,30,9,0.3,0.07283248680907889,0.010411736371532601,0.14295456365269588,1.0,low_vs_medium,1,0
0,missingindicator_ST012Q09NA,30,30,1.0,0.11352809357732747,0.021283237815566014,0.1874711108494863,1.0,low_vs_medium,1,0
0,missingindicator_ST013Q01TA,30,25,0.8333333333333334,0.09137000683226647,0.019451732944869512,0.21288969563697474,1.0,low_vs_medium,1,0
0,missingindicator_ST166Q03HA,30,16,0.5333333333333333,0.0808901702248416,0.010859628243054274,0.1342515192250053,1.0,low_vs_medium,1,0
0,missingindicator_ST166Q04HA,30,2,0.06666666666666667,0.07061481419686816,0.0002915711564515962,0.004129036658493788,1.0,low_vs_medium,1,0
0,missingindicator_ST166Q05HA,30,30,1.0,0.12092541920432692,0.010478791969443207,0.08665499808387894,1.0,low_vs_medium,1,0
0,missingindicator_ST019AQ01T,30,30,1.0,0.21358015858798315,0.017193803439459723,0.08050281240135343,1.0,low_vs_medium,1,0
0,missingindicator_ST019BQ01T,30,30,1.0,0.0891314467153885,0.015023189266209594,0.16855094155692468,1.0,low_vs_medium,1,0
0,missingindicator_ST019CQ01T,30,30,1.0,0.10064990975485975,0.012802113515281762,0.1271944857820762,1.0,low_vs_medium,1,0
1,ST011Q04TA,30,30,1.0,0.07979904511324155,0.004672880181956161,0.05855809647001353,1.0,low_vs_medium,1,0
1,ST011Q06TA,30,3,0.1,0.06802148773759759,0.011956739173768617,0.175778854174631,1.0,low_vs_medium,1,0
1,ST012Q01TA,30,18,0.6,-0.06983064032391681,0.0037652620574908416,0.053919913092952826,1.0,low_vs_medium,1,0
1,ST013Q01TA,30,30,1.0,-0.18387709611044897,0.0037827756851862714,0.020572304899322977,1.0,low_vs_medium,1,0
1,ST166Q02HA,30,30,1.0,-0.09475308186100266,0.0030887789408353176,0.03259818973873989,1.0,low_vs_medium,1,0
1,ST166Q05HA,30,1,0.03333333333333333,-0.06086475888965764,,,1.0,low_vs_medium,1,0
1,ST004D01T,30,10,0.3333333333333333,-0.06577508299404915,0.004135313549407191,0.06287051815322413,1.0,low_vs_medium,1,0
1,ST019AQ01T,30,27,0.9,0.07364742607402727,0.005595470327430195,0.07597645465309087,1.0,low_vs_medium,1,0
1,missingindicator_ST011Q01TA,30,2,0.06666666666666667,0.09068510565809262,0.003783205257578713,0.04171804432629125,1.0,low_vs_medium,1,0
1,missingindicator_ST011Q02TA,30,2,0.06666666666666667,0.004616165561868883,0.09362880847283421,20.282809881482674,0.5,low_vs_medium,1,0
1,missingindicator_ST011Q03TA,30,3,0.1,0.07889468773486401,0.006451247910819903,0.08177037131448155,1.0,low_vs_medium,1,0
1,missingindicator_ST011Q04TA,30,2,0.06666666666666667,-0.01756668230612177,0.09354360292158141,5.325058044055514,0.5,low_vs_medium,1,0
1,missingindicator_ST011Q05TA,30,2,0.06666666666666667,0.08047929864135767,0.041761691228328436,0.5189122163505963,1.0,low_vs_medium,1,0
1,missingindicator_ST011Q07TA,30,4,0.13333333333333333,0.07188575358397378,0.012966407909528488,0.18037521015039093,1.0,low_vs_medium,1,0
1,missingindicator_ST011Q09TA,30,23,0.7666666666666667,0.08293766850695017,0.02076797220538323,0.25040458188962567,1.0,low_vs_medium,1,0
1,missingindicator_ST011Q10TA,30,4,0.13333333333333333,-0.08068256341619981,0.01966416907282406,0.24372266125689063,1.0,low_vs_medium,1,0
1,missingindicator_ST011Q12TA,30,25,0.8333333333333334,0.07894020866309073,0.021174753050797995,0.2682378652071952,1.0,low_vs_medium,1,0
1,missingindicator_ST012Q01TA,30,2,0.06666666666666667,-0.06974905015926268,0.0028719808870829753,0.041175913944708764,1.0,low_vs_medium,1,0
1,missingindicator_ST012Q02TA,30,29,0.9666666666666667,0.07455583277003795,0.010701574137790229,0.14353771851490757,1.0,low_vs_medium,1,0
1,missingindicator_ST012Q03TA,30,9,0.3,0.07172652738848491,0.01204930663626916,0.1679895441055965,1.0,low_vs_medium,1,0
1,missingindicator_ST012Q09NA,30,30,1.0,0.11339193120042687,0.021933169885895987,0.193427959588481,1.0,low_vs_medium,1,0
1,missingindicator_ST013Q01TA,30,24,0.8,0.09154079292190132,0.01952525807631544,0.21329570624293756,1.0,low_vs_medium,1,0
1,missingindicator_ST166Q03HA,30,19,0.6333333333333333,0.0790742168067065,0.011382430410625748,0.1439461669086095,1.0,low_vs_medium,1,0
1,missingindicator_ST166Q04HA,30,1,0.03333333333333333,0.07203100961957755,,,1.0,low_vs_medium,1,0
1,missingindicator_ST166Q05HA,30,30,1.0,0.12112780381438415,0.009725843406412532,0.08029406214048414,1.0,low_vs_medium,1,0
1,missingindicator_ST019AQ01T,30,30,1.0,0.21395366339514382,0.01566659112058014,0.07322422468479094,1.0,low_vs_medium,1,0
1,missingindicator_ST019BQ01T,30,30,1.0,0.08835928549980435,0.014414627889490307,0.16313653746693352,1.0,low_vs_medium,1,0
1,missingindicator_ST019CQ01T,30,30,1.0,0.10079580835598821,0.012094591223033626,0.11999101371674346,1.0,low_vs_medium,1,0
2,ST011Q04TA,30,30,1.0,-0.0794165241323834,0.005180555639380002,0.06523271694369642,1.0,low_vs_medium,1,0
2,ST011Q06TA,30,3,0.1,0.0696582108547561,0.008166229015307416,0.11723282747434856,1.0,low_vs_medium,1,0
2,ST012Q01TA,30,16,0.5333333333333333,-0.06971361209276401,0.003862473658219317,0.05540487061665574,1.0,low_vs_medium,1,0
2,ST013Q01TA,30,30,1.0,-0.1837660202385621,0.003461044119647082,0.01883397221724675,1.0,low_vs_medium,1,0
2,ST166Q02HA,30,30,1.0,0.09421067764038987,0.0036209776122631105,0.03843489615990969,1.0,low_vs_medium,1,0
2,ST166Q03HA,30,26,0.8666666666666667,0.07578474708946252,0.0028258722399168708,0.03728813974375318,1.0,low_vs_medium,1,0
2,ST004D01T,30,4,0.13333333333333333,0.06751470387178334,0.001455544889395865,0.021558931698198353,1.0,low_vs_medium,1,0
2,ST019AQ01T,30,23,0.7666666666666667,0.07485495867430118,0.00404441154305606,0.05402997496336293,1.0,low_vs_medium,1,0
2,missingindicator_ST011Q01TA,30,1,0.03333333333333333,0.09610461104771813,,,1.0,low_vs_medium,1,0
2,missingindicator_ST011Q02TA,30,1,0.03333333333333333,-0.03594158652990284,,,1.0,low_vs_medium,1,0
2,missingindicator_ST011Q03TA,30,3,0.1,0.07793330754524574,0.016215460536998193,0.20806842475643655,1.0,low_vs_medium,1,0
2,missingindicator_ST011Q04TA,30,2,0.06666666666666667,-0.00662502317552861,0.09129223918641738,13.779912427118896,0.5,low_vs_medium,1,0
2,missingindicator_ST011Q05TA,30,1,0.03333333333333333,0.10259343022640054,,,1.0,low_vs_medium,1,0
2,missingindicator_ST011Q07TA,30,3,0.1,0.0687408492632164,0.027592408053241795,0.4013975438037924,1.0,low_vs_medium,1,0
2,missingindicator_ST011Q09TA,30,22,0.7333333333333333,0.08426187509811602,0.01950222270062877,0.231447765408971,1.0,low_vs_medium,1,0
2,missingindicator_ST011Q10TA,30,4,0.13333333333333333,-0.07896795103304344,0.016416983190168054,0.2078942529900328,1.0,low_vs_medium,1,0
2,missingindicator_ST011Q12TA,30,25,0.8333333333333334,0.0805142416125952,0.017728927204398223,0.22019616466988876,1.0,low_vs_medium,1,0
2,missingindicator_ST012Q01TA,30,2,0.06666666666666667,-0.06650922286831587,0.0008392491120377812,0.012618537337286925,1.0,low_vs_medium,1,0
2,missingindicator_ST012Q02TA,30,23,0.7666666666666667,0.07788410832135009,0.009718681204538159,0.124783879715729,1.0,low_vs_medium,1,0
2,missingindicator_ST012Q03TA,30,2,0.06666666666666667,0.07200672572040823,0.009543199852596381,0.13253206220834504,1.0,low_vs_medium,1,0
2,missingindicator_ST012Q06NA,30,1,0.03333333333333333,-0.05061769794874784,,,1.0,low_vs_medium,1,0
2,missingindicator_ST012Q09NA,30,30,1.0,0.11082245852050758,0.022415300945745266,0.20226316258448046,1.0,low_vs_medium,1,0
2,missingindicator_ST013Q01TA,30,28,0.9333333333333333,0.08461774946856206,0.021332811491828047,0.2521079989223042,1.0,low_vs_medium,1,0
2,missingindicator_ST166Q03HA,30,20,0.6666666666666666,0.07697817317092358,0.012381617096857762,0.16084581624670957,1.0,low_vs_medium,1,0
2,missingindicator_ST166Q04HA,30,1,0.03333333333333333,0.06631837588211208,,,1.0,low_vs_medium,1,0
2,missingindicator_ST166Q05HA,30,30,1.0,0.12003107575036427,0.010378893151946343,0.08646838401691859,1.0,low_vs_medium,1,0
2,missingindicator_ST019AQ01T,30,30,1.0,0.21141010409812147,0.01663207799347026,0.07867210540585533,1.0,low_vs_medium,1,0
2,missingindicator_ST019BQ01T,30,29,0.9666666666666667,0.09026442245398057,0.013427582298818179,0.14875830292565104,1.0,low_vs_medium,1,0
2,missingindicator_ST019CQ01T,30,30,1.0,0.1007475406847234,0.011338145105204511,0.11254016751322786,1.0,low_vs_medium,1,0
3,ST011Q04TA,30,27,0.9,0.07932044164306683,0.005485197138729849,0.06915237768610298,1.0,low_vs_medium,1,0
3,ST011Q06TA,30,3,0.1,0.07355823081362932,0.006201657782324583,0.08430950165233585,1.0,low_vs_medium,1,0
3,ST012Q01TA,30,18,0.6,-0.06972880211211946,0.0037321488283035185,0.053523776621064875,1.0,low_vs_medium,1,0
3,ST013Q01TA,30,30,1.0,0.14285190677663578,0.003857098908268739,0.027000682002094135,1.0,low_vs_medium,1,0
3,ST166Q02HA,30,30,1.0,0.09368958175034589,0.004628707386409588,0.049404718218762876,1.0,low_vs_medium,1,0
3,ST004D01T,30,8,0.26666666666666666,-0.06621819447080897,0.004293446652480443,0.06483786951293466,1.0,low_vs_medium,1,0
3,ST019AQ01T,30,27,0.9,0.07454684237688279,0.006044249522670415,0.08107988655123448,1.0,low_vs_medium,1,0
3,missingindicator_ST011Q01TA,30,6,0.2,0.036631474144215755,0.08809120147740657,2.404795426211819,0.5,low_vs_medium,1,0
3,missingindicator_ST011Q02TA,30,3,0.1,-0.021618374942614732,0.08089498984183921,3.741955168072175,0.6666666666666666,low_vs_medium,1,0
3,missingindicator_ST011Q03TA,30,5,0.16666666666666666,0.07557188345452717,0.027234306550008674,0.36037617834939895,1.0,low_vs_medium,1,0
3,missingindicator_ST011Q04TA,30,2,0.06666666666666667,-0.0006524900449081938,0.09985482203624405,153.03654487218077,0.5,low_vs_medium,1,0
3,missingindicator_ST011Q05TA,30,1,0.03333333333333333,0.11818874432660306,,,1.0,low_vs_medium,1,0
3,missingindicator_ST011Q07TA,30,3,0.1,0.09782057368461716,0.021129171531508596,0.21599926002919442,1.0,low_vs_medium,1,0
3,missingindicator_ST011Q08TA,30,2,0.06666666666666667,0.059467863420139086,0.006121128107485832,0.10293169714607371,1.0,low_vs_medium,1,0
3,missingindicator_ST011Q09TA,30,18,0.6,0.08069144750315399,0.019895960699484388,0.24656839498023272,1.0,low_vs_medium,1,0
3,missingindicator_ST011Q10TA,30,7,0.23333333333333334,-0.06801704783034011,0.01962652833982938,0.2885530755287301,1.0,low_vs_medium,1,0
3,missingindicator_ST011Q12TA,30,21,0.7,0.0846738346076086,0.01840163410401083,0.21732373630279997,1.0,low_vs_medium,1,0
3,missingindicator_ST012Q01TA,30,3,0.1,-0.09168732753063269,0.019585894164340846,0.2136161527643742,1.0,low_vs_medium,1,0
3,missingindicator_ST012Q02TA,30,24,0.8,0.07889945987751472,0.01132542677607908,0.1435425133918651,1.0,low_vs_medium,1,0
3,missingindicator_ST012Q03TA,30,12,0.4,0.0732458115994828,0.011617828068126057,0.1586142308266551,1.0,low_vs_medium,1,0
3,missingindicator_ST012Q06NA,30,3,0.1,-0.07354340482829867,0.013464018129688471,0.18307580620074404,1.0,low_vs_medium,1,0
3,missingindicator_ST012Q09NA,30,29,0.9666666666666667,0.11295665947162,0.02648450129464596,0.23446604581379382,1.0,low_vs_medium,1,0
3,missingindicator_ST013Q01TA,30,24,0.8,0.09006977844247212,0.024232601948644725,0.2690425397695651,1.0,low_vs_medium,1,0
3,missingindicator_ST166Q02HA,30,2,0.06666666666666667,0.06825046141570867,0.008701643303860628,0.1274957432281599,1.0,low_vs_medium,1,0
3,missingindicator_ST166Q03HA,30,21,0.7,0.07718881952438733,0.011448051047638902,0.14831229597988554,1.0,low_vs_medium,1,0
3,missingindicator_ST166Q04HA,30,3,0.1,0.0661835676843443,0.010826299737851897,0.16357987513587688,1.0,low_vs_medium,1,0
3,missingindicator_ST166Q05HA,30,30,1.0,0.12054963038365878,0.011060074233282771,0.09174706051012521,1.0,low_vs_medium,1,0
3,missingindicator_ST019AQ01T,30,30,1.0,0.21636871171833486,0.012175652268154907,0.056272703069956645,1.0,low_vs_medium,1,0
3,missingindicator_ST019BQ01T,30,28,0.9333333333333333,0.09350031868360009,0.01699288132930202,0.1817414268587147,1.0,low_vs_medium,1,0
3,missingindicator_ST019CQ01T,30,30,1.0,0.10127235656894934,0.013637916413508784,0.1346657357995187,1.0,low_vs_medium,1,0
4,ST011Q04TA,30,30,1.0,0.07928475583868347,0.004564624235310068,0.0575725331688915,1.0,low_vs_medium,1,0
4,ST011Q06TA,30,3,0.1,0.06279026499727759,0.012898077996575488,0.205415250232416,1.0,low_vs_medium,1,0
4,ST012Q01TA,30,19,0.6333333333333333,0.06949167694886663,0.003658607669718526,0.0526481419121689,1.0,low_vs_medium,1,0
4,ST013Q01TA,30,30,1.0,-0.18405267444287093,0.0035102997755003134,0.019072256277318553,1.0,low_vs_medium,1,0
4,ST166Q02HA,30,30,1.0,0.09413375056664126,0.0038507120320684196,0.04090681619386171,1.0,low_vs_medium,1,0
4,ST004D01T,30,13,0.43333333333333335,0.06563555469045985,0.0030265116361530486,0.04611085638608845,1.0,low_vs_medium,1,0
4,ST019AQ01T,30,27,0.9,0.07453081207542794,0.004878552900789287,0.06545685958516072,1.0,low_vs_medium,1,0
4,missingindicator_ST011Q01TA,30,3,0.1,0.09004751850771124,0.007892532542911295,0.08764852906230187,1.0,low_vs_medium,1,0
4,missingindicator_ST011Q02TA,30,4,0.13333333333333333,0.002793543207205953,0.07196120572536335,25.759832724168795,0.5,low_vs_medium,1,0
4,missingindicator_ST011Q03TA,30,3,0.1,0.06054526105334516,0.018500560460369863,0.3055657889404326,1.0,low_vs_medium,1,0
4,missingindicator_ST011Q04TA,30,1,0.03333333333333333,-0.07635998562766748,,,1.0,low_vs_medium,1,0
4,missingindicator_ST011Q05TA,30,1,0.03333333333333333,0.10385000785699995,,,1.0,low_vs_medium,1,0
4,missingindicator_ST011Q07TA,30,2,0.06666666666666667,0.08364248897418178,0.014278507455603903,0.1707087824707285,1.0,low_vs_medium,1,0
4,missingindicator_ST011Q09TA,30,23,0.7666666666666667,0.0862949960775466,0.019250929466154316,0.22308280133479585,1.0,low_vs_medium,1,0
4,missingindicator_ST011Q10TA,30,6,0.2,-0.08271407305112065,0.014653268336515585,0.1771556857979811,1.0,low_vs_medium,1,0
4,missingindicator_ST011Q12TA,30,24,0.8,0.08413953275424818,0.013437279782505973,0.1597023342374994,1.0,low_vs_medium,1,0
4,missingindicator_ST012Q01TA,30,2,0.06666666666666667,-0.06001569980189185,0.004963426355767957,0.08270213247786701,1.0,low_vs_medium,1,0
4,missingindicator_ST012Q02TA,30,26,0.8666666666666667,0.07756803995011802,0.009187061220184044,0.11843874392200711,1.0,low_vs_medium,1,0
4,missingindicator_ST012Q03TA,30,7,0.23333333333333334,0.06972127015571554,0.0073477985455332765,0.10538819113769295,1.0,low_vs_medium,1,0
4,missingindicator_ST012Q06NA,30,1,0.03333333333333333,-0.050118285439251925,,,1.0,low_vs_medium,1,0
4,missingindicator_ST012Q09NA,30,30,1.0,0.11422111711511126,0.02444441153394454,0.2140095645300827,1.0,low_vs_medium,1,0
4,missingindicator_ST013Q01TA,30,25,0.8333333333333334,0.09148601174167856,0.01657151867027343,0.18113718539906462,1.0,low_vs_medium,1,0
4,missingindicator_ST166Q03HA,30,19,0.6333333333333333,0.07781579140504787,0.012051874185561697,0.1548769725007243,1.0,low_vs_medium,1,0
4,missingindicator_ST166Q04HA,30,2,0.06666666666666667,0.06894743339677306,0.001631957990275004,0.02366959740014607,1.0,low_vs_medium,1,0
4,missingindicator_ST166Q05HA,30,30,1.0,0.12088689872030194,0.010011473356135017,0.08281685990885358,1.0,low_vs_medium,1,0
4,missingindicator_ST019AQ01T,30,30,1.0,0.21275763260169525,0.016271634224069357,0.07647967325586656,1.0,low_vs_medium,1,0
4,missingindicator_ST019BQ01T,30,29,0.9666666666666667,0.09036056825287685,0.014388306362528178,0.15923213676857428,1.0,low_vs_medium,1,0
4,missingindicator_ST019CQ01T,30,30,1.0,0.10145803096149696,0.011651628780179342,0.11484185795603606,1.0,low_vs_medium,1,0
5,ST011Q04TA,30,27,0.9,0.07933596022426193,0.005533445687032854,0.06974700591498806,1.0,low_vs_medium,1,0
5,ST011Q06TA,30,3,0.1,0.0734489770171592,0.0062288414806145175,0.08480501340623615,1.0,low_vs_medium,1,0
5,ST012Q01TA,30,18,0.6,-0.06959764511831201,0.0037319134146647495,0.05362125986189203,1.0,low_vs_medium,1,0
5,ST013Q01TA,30,30,1.0,0.1429428145736181,0.0037921656852866743,0.026529250152225323,1.0,low_vs_medium,1,0
5,ST166Q02HA,30,30,1.0,0.09373798089664982,0.004626028347050732,0.04935062930522397,1.0,low_vs_medium,1,0
5,ST004D01T,30,8,0.26666666666666666,0.06634139864037088,0.004397715854314085,0.06628916399778664,1.0,low_vs_medium,1,0
5,ST019AQ01T,30,27,0.9,0.07464646966424829,0.006100375616994978,0.0817235650183298,1.0,low_vs_medium,1,0
5,missingindicator_ST011Q01TA,30,6,0.2,0.03603995534835202,0.08810287699490997,2.444588960872245,0.5,low_vs_medium,1,0
5,missingindicator_ST011Q02TA,30,4,0.13333333333333333,-0.02478377339891661,0.06724296066951659,2.7131849370627323,0.75,low_vs_medium,1,0
5,missingindicator_ST011Q03TA,30,5,0.16666666666666666,0.07588372098003161,0.027482521506584374,0.36216623475562365,1.0,low_vs_medium,1,0
5,missingindicator_ST011Q04TA,30,2,0.06666666666666667,-0.0009029881454585345,0.10045816022285987,111.25080736452807,0.5,low_vs_medium,1,0
5,missingindicator_ST011Q05TA,30,1,0.03333333333333333,-0.11114548215214534,,,1.0,low_vs_medium,1,0
5,missingindicator_ST011Q06TA,30,1,0.03333333333333333,-0.07805204809911971,,,1.0,low_vs_medium,1,0
5,missingindicator_ST011Q07TA,30,3,0.1,0.09753092103487482,0.021120426367416296,0.21655108086043928,1.0,low_vs_medium,1,0
5,missingindicator_ST011Q08TA,30,2,0.06666666666666667,0.05924475445415342,0.005853944485775117,0.09880949865874109,1.0,low_vs_medium,1,0
5,missingindicator_ST011Q09TA,30,19,0.6333333333333333,0.0817720555801794,0.019817333459735808,0.24234848101995493,1.0,low_vs_medium,1,0
5,missingindicator_ST011Q10TA,30,6,0.2,-0.07163726592878036,0.018627492655137946,0.260025175634939,1.0,low_vs_medium,1,0
5,missingindicator_ST011Q12TA,30,21,0.7,0.08478655399058817,0.01835929455116346,0.21653544916097728,1.0,low_vs_medium,1,0
5,missingindicator_ST012Q01TA,30,3,0.1,-0.09082794294598472,0.019776941058335964,0.21774071301050263,1.0,low_vs_medium,1,0
5,missingindicator_ST012Q02TA,30,25,0.8333333333333334,0.07894094263535098,0.01115676741899216,0.14133055733231117,1.0,low_vs_medium,1,0
5,missingindicator_ST012Q03TA,30,12,0.4,0.07295355160800733,0.01167654546956827,0.16005451704816878,1.0,low_vs_medium,1,0
5,missingindicator_ST012Q06NA,30,3,0.1,-0.07353574101956627,0.012975045926307311,0.1764454365511178,1.0,low_vs_medium,1,0
5,missingindicator_ST012Q09NA,30,29,0.9666666666666667,0.11308783482976746,0.026300225655759533,0.2325645874761825,1.0,low_vs_medium,1,0
5,missingindicator_ST013Q01TA,30,23,0.7666666666666667,0.09178402806973981,0.023961400105008867,0.2610628516630627,1.0,low_vs_medium,1,0
5,missingindicator_ST166Q02HA,30,1,0.03333333333333333,0.07463939854409665,,,1.0,low_vs_medium,1,0
5,missingindicator_ST166Q03HA,30,21,0.7,0.07708797675882077,0.011336473392661108,0.14705890424558243,1.0,low_vs_medium,1,0
5,missingindicator_ST166Q04HA,30,2,0.06666666666666667,0.0709541449138196,0.011550822826205781,0.1627927845545222,1.0,low_vs_medium,1,0
5,missingindicator_ST166Q05HA,30,30,1.0,0.12041105769718742,0.011100386376031323,0.09218743351583902,1.0,low_vs_medium,1,0
5,missingindicator_ST019AQ01T,30,30,1.0,0.21630271280051896,0.012023790505554808,0.05558779337475771,1.0,low_vs_medium,1,0
5,missingindicator_ST019BQ01T,30,28,0.9333333333333333,0.09367507421662775,0.01698781666250429,0.18134831282032626,1.0,low_vs_medium,1,0
5,missingindicator_ST019CQ01T,30,30,1.0,0.10109788236228547,0.013543386302078056,0.1339631057112074,1.0,low_vs_medium,1,0
0,ST011Q01TA,30,1,0.03333333333333333,-0.017839866123737984,,,1.0,medium_vs_high,1,0
0,ST011Q04TA,30,30,1.0,0.03572488319183874,0.003994462169503682,0.11181176291196963,1.0,medium_vs_high,1,0
0,ST012Q01TA,30,2,0.06666666666666667,0.023549040504613955,0.0013258460728046311,0.056301490183638635,1.0,medium_vs_high,1,0
0,ST012Q06NA,30,29,0.9666666666666667,-0.03326229574350299,0.0019779414707258537,0.05946497156956456,1.0,medium_vs_high,1,0
0,ST166Q02HA,30,15,0.5,-0.027280697224295093,0.0016696765872532453,0.06120358924574327,1.0,medium_vs_high,1,0
0,ST166Q03HA,30,30,1.0,-0.037984450857577186,0.001893512810142684,0.049849682367198514,1.0,medium_vs_high,1,0
0,ST166Q05HA,30,30,1.0,-0.06163389262587563,0.0015477927762943728,0.025112688982499316,1.0,medium_vs_high,1,0
0,ST019AQ01T,30,27,0.9,0.034930850273431464,0.003219058655919007,0.09215517603267262,1.0,medium_vs_high,1,0
0,missingindicator_ST011Q01TA,30,13,0.43333333333333335,-0.01274772644200433,0.03508176165403414,2.75200145011256,0.6923076923076923,medium_vs_high,1,0
0,missingindicator_ST011Q02TA,30,30,1.0,0.07549009992677788,0.013082915776436195,0.17330637777835842,1.0,medium_vs_high,1,0
0,missingindicator_ST011Q03TA,30,16,0.5333333333333333,-0.05088539639026397,0.023030420541817406,0.4525939105433376,1.0,medium_vs_high,1,0
0,missingindicator_ST011Q04TA,30,10,0.3333333333333333,0.03280363734460347,0.012160955946232623,0.37071974118239737,1.0,medium_vs_high,1,0
0,missingindicator_ST011Q05TA,30,4,0.13333333333333333,0.03204951698732408,0.005538184920901446,0.17280088567611976,1.0,medium_vs_high,1,0
0,missingindicator_ST011Q06TA,30,6,0.2,-0.012297920511964293,0.03601784059063343,2.928774873409916,0.6666666666666666,medium_vs_high,1,0
0,missingindicator_ST011Q07TA,30,22,0.7333333333333333,-0.05267063803528002,0.025133160522291698,0.47717592685049537,1.0,medium_vs_high,1,0
0,missingindicator_ST011Q08TA,30,1,0.03333333333333333,0.02542365342999117,,,1.0,medium_vs_high,1,0
0,missingindicator_ST011Q09TA,30,10,0.3333333333333333,-0.03900827913586582,0.009038467805749205,0.2317063968463778,1.0,medium_vs_high,1,0
0,missingindicator_ST011Q10TA,30,23,0.7666666666666667,-0.04014785896351838,0.011182669671845611,0.27853713648857586,1.0,medium_vs_high,1,0
0,missingindicator_ST011Q11TA,30,1,0.03333333333333333,-0.01973795908823957,,,1.0,medium_vs_high,1,0
0,missingindicator_ST011Q12TA,30,2,0.06666666666666667,-0.006903723874258746,0.035042703681111016,5.075913278016722,0.5,medium_vs_high,1,0
0,missingindicator_ST011Q16NA,30,1,0.03333333333333333,0.030286360109172,,,1.0,medium_vs_high,1,0
0,missingindicator_ST012Q01TA,30,10,0.3333333333333333,-0.012559438088478234,0.03352730290696075,2.669490678704647,0.7,medium_vs_high,1,0
0,missingindicator_ST012Q02TA,30,1,0.03333333333333333,0.024362342348293136,,,1.0,medium_vs_high,1,0
0,missingindicator_ST012Q03TA,30,11,0.36666666666666664,0.028110612176743797,0.005292851178968772,0.18828658535396833,1.0,medium_vs_high,1,0
0,missingindicator_ST012Q05NA,30,1,0.03333333333333333,0.02666329791889724,,,1.0,medium_vs_high,1,0
0,missingindicator_ST012Q06NA,30,1,0.03333333333333333,-0.033073771760200876,,,1.0,medium_vs_high,1,0
0,missingindicator_ST012Q08NA,30,30,1.0,0.09064046371438624,0.009068785840215346,0.10005228866427314,1.0,medium_vs_high,1,0
0,missingindicator_ST012Q09NA,30,5,0.16666666666666666,0.034767678787712794,0.010203878375719306,0.29348747835663525,1.0,medium_vs_high,1,0
0,missingindicator_ST013Q01TA,30,2,0.06666666666666667,0.00011709225238896309,0.0361277455465075,308.54087106033705,0.5,medium_vs_high,1,0
0,missingindicator_ST166Q05HA,30,30,1.0,0.03912050780903804,0.005951521565492586,0.1521330345338105,1.0,medium_vs_high,1,0
0,missingindicator_ST019AQ01T,30,2,0.06666666666666667,0.030153702252155322,0.00040262435530538773,0.01335240203469904,1.0,medium_vs_high,1,0
0,missingindicator_ST019BQ01T,30,24,0.8,0.03625107568755914,0.0070546412738972854,0.19460501902618957,1.0,medium_vs_high,1,0
0,missingindicator_ST019CQ01T,30,30,1.0,0.04282699310871499,0.007648268606949139,0.1785852344929808,1.0,medium_vs_high,1,0
1,ST011Q04TA,30,29,0.9666666666666667,0.03615751484504983,0.004060993114402662,0.11231394446785757,1.0,medium_vs_high,1,0
1,ST011Q09TA,30,1,0.03333333333333333,0.01866670400409701,,,1.0,medium_vs_high,1,0
1,ST012Q01TA,30,5,0.16666666666666666,-0.022828977588785066,0.002037047659892196,0.08923078801798437,1.0,medium_vs_high,1,0
1,ST012Q06NA,30,29,0.9666666666666667,-0.03329427512595251,0.002007154111991108,0.06028526238814414,1.0,medium_vs_high,1,0
1,ST166Q03HA,30,30,1.0,0.04351465414689262,0.001639947425776189,0.03768724485871382,1.0,medium_vs_high,1,0
1,ST166Q05HA,30,30,1.0,-0.06192048097276583,0.0016452204563443774,0.026569891423614527,1.0,medium_vs_high,1,0
1,ST019AQ01T,30,30,1.0,0.03455997862286771,0.003715915391668785,0.10752076649752415,1.0,medium_vs_high,1,0
1,missingindicator_ST011Q01TA,30,14,0.4666666666666667,-0.01017634457740732,0.03410519213233221,3.3514187607257067,0.6428571428571429,medium_vs_high,1,0
1,missingindicator_ST011Q02TA,30,30,1.0,0.07684273308359237,0.012919212801308977,0.16812536830587455,1.0,medium_vs_high,1,0
1,missingindicator_ST011Q03TA,30,17,0.5666666666666667,-0.047924511739668156,0.025775089170768872,0.5378268496668746,1.0,medium_vs_high,1,0
1,missingindicator_ST011Q04TA,30,14,0.4666666666666667,0.030640931945884634,0.00844328500949565,0.27555575086317385,1.0,medium_vs_high,1,0
1,missingindicator_ST011Q05TA,30,4,0.13333333333333333,0.0313415205599947,0.0028326717882737515,0.09038080277092435,1.0,medium_vs_high,1,0
1,missingindicator_ST011Q06TA,30,5,0.16666666666666666,-0.013887452557501578,0.036179566810122854,2.605198229143887,0.6,medium_vs_high,1,0
1,missingindicator_ST011Q07TA,30,21,0.7,-0.053315876331607295,0.02688284225568404,0.5042183324246902,1.0,medium_vs_high,1,0
1,missingindicator_ST011Q09TA,30,9,0.3,-0.03790765746556019,0.007557289085327518,0.19936048784321359,1.0,medium_vs_high,1,0
1,missingindicator_ST011Q10TA,30,25,0.8333333333333334,-0.0392084017908371,0.010434103151478524,0.26611906313194705,1.0,medium_vs_high,1,0
1,missingindicator_ST011Q11TA,30,2,0.06666666666666667,-0.023230281726485565,0.0016789130067263404,0.0722726063546685,1.0,medium_vs_high,1,0
1,missingindicator_ST011Q12TA,30,3,0.1,0.006316123305873996,0.02897451889733326,4.587389684173353,0.6666666666666666,medium_vs_high,1,0
1,missingindicator_ST011Q16NA,30,4,0.13333333333333333,0.026317890219526435,0.005164586519545399,0.1962386223388666,1.0,medium_vs_high,1,0
1,missingindicator_ST012Q01TA,30,6,0.2,-0.022734182669228206,0.032131526531097465,1.4133574537776987,0.8333333333333334,medium_vs_high,1,0
1,missingindicator_ST012Q03TA,30,11,0.36666666666666664,0.026926065764528485,0.00478533043550219,0.17772111519560452,1.0,medium_vs_high,1,0
1,missingindicator_ST012Q05NA,30,3,0.1,0.025469947430427627,0.006404749555839549,0.2514630064837953,1.0,medium_vs_high,1,0
1,missingindicator_ST012Q06NA,30,1,0.03333333333333333,-0.03556374705702984,,,1.0,medium_vs_high,1,0
1,missingindicator_ST012Q08NA,30,30,1.0,0.09094263204699657,0.008210152353226028,0.0902783674545867,1.0,medium_vs_high,1,0
1,missingindicator_ST012Q09NA,30,7,0.23333333333333334,0.020568258067930143,0.02179166937291001,1.0594805501243394,0.8571428571428571,medium_vs_high,1,0
1,missingindicator_ST013Q01TA,30,3,0.1,0.0075466971018747315,0.027409795313571916,3.6320253673309404,0.6666666666666666,medium_vs_high,1,0
1,missingindicator_ST166Q05HA,30,30,1.0,0.03950071587126473,0.0061488070626695614,0.15566318045244806,1.0,medium_vs_high,1,0
1,missingindicator_ST019BQ01T,30,27,0.9,0.03618598083776748,0.00612990153259048,0.1693998999245772,1.0,medium_vs_high,1,0
1,missingindicator_ST019CQ01T,30,30,1.0,0.041568179181300825,0.0057462278683039015,0.13823621773861108,1.0,medium_vs_high,1,0
2,ST011Q01TA,30,1,0.03333333333333333,-0.03167600975230282,,,1.0,medium_vs_high,1,0
2,ST011Q04TA,30,29,0.9666666666666667,0.03608183706637444,0.003831385583422271,0.10618598982014789,1.0,medium_vs_high,1,0
2,ST012Q01TA,30,2,0.06666666666666667,-0.022389331529743414,0.0018078127336662946,0.08074438181705787,1.0,medium_vs_high,1,0
2,ST012Q06NA,30,30,1.0,0.03294094127224484,0.0019767193608586264,0.06000798048002828,1.0,medium_vs_high,1,0
2,ST012Q08NA,30,30,1.0,0.047428132575371464,0.0031897374487486804,0.06725412272304078,1.0,medium_vs_high,1,0
2,ST166Q02HA,30,12,0.4,-0.027371751749631742,0.0016750805952096568,0.06119742026493402,1.0,medium_vs_high,1,0
2,ST166Q03HA,30,30,1.0,0.043482057019777726,0.0020239083612138514,0.046545828323928666,1.0,medium_vs_high,1,0
2,ST019AQ01T,30,29,0.9666666666666667,0.0350251874836099,0.0029766855789088646,0.08498699915030604,1.0,medium_vs_high,1,0
2,missingindicator_ST011Q01TA,30,14,0.4666666666666667,-0.016406886749436408,0.035477491617206355,2.162353660326511,0.6428571428571429,medium_vs_high,1,0
2,missingindicator_ST011Q02TA,30,30,1.0,0.07708767426685702,0.010482433608729943,0.1359806701709867,1.0,medium_vs_high,1,0
2,missingindicator_ST011Q03TA,30,16,0.5333333333333333,-0.04506270194991979,0.03531655128668154,0.7837202333302253,0.9375,medium_vs_high,1,0
2,missingindicator_ST011Q04TA,30,13,0.43333333333333335,0.02614977115324416,0.020719608470888686,0.792343778057048,0.9230769230769231,medium_vs_high,1,0
2,missingindicator_ST011Q05TA,30,4,0.13333333333333333,0.03158152444861619,0.005656767265321685,0.17911634615755692,1.0,medium_vs_high,1,0
2,missingindicator_ST011Q06TA,30,4,0.13333333333333333,-0.008156441880647097,0.03827466245366693,4.692568526048319,0.5,medium_vs_high,1,0
2,missingindicator_ST011Q07TA,30,18,0.6,-0.052999822863707684,0.02939654652006712,0.5546536748936342,1.0,medium_vs_high,1,0
2,missingindicator_ST011Q09TA,30,8,0.26666666666666666,-0.03528647842035825,0.012482279293164478,0.353741145389077,1.0,medium_vs_high,1,0
2,missingindicator_ST011Q10TA,30,18,0.6,-0.040663749471901524,0.0102124780570722,0.2511445252762286,1.0,medium_vs_high,1,0
2,missingindicator_ST011Q11TA,30,3,0.1,-0.028929117174984097,0.00288491028033936,0.099723412328463,1.0,medium_vs_high,1,0
2,missingindicator_ST011Q12TA,30,4,0.13333333333333333,0.0016467510624836581,0.030774842063422257,18.68821752390863,0.5,medium_vs_high,1,0
2,missingindicator_ST011Q16NA,30,2,0.06666666666666667,0.03351793408376108,0.009353397868643053,0.27905651479798776,1.0,medium_vs_high,1,0
2,missingindicator_ST012Q01TA,30,9,0.3,-0.021008132892330972,0.026765924500573777,1.2740744090753866,0.7777777777777778,medium_vs_high,1,0
2,missingindicator_ST012Q03TA,30,10,0.3333333333333333,0.030370999586128516,0.004464302966214612,0.14699229617235296,1.0,medium_vs_high,1,0
2,missingindicator_ST012Q05NA,30,2,0.06666666666666667,0.023387031582027585,0.0036673957316564277,0.15681322012985777,1.0,medium_vs_high,1,0
2,missingindicator_ST012Q06NA,30,1,0.03333333333333333,-0.03562509571128786,,,1.0,medium_vs_high,1,0
2,missingindicator_ST012Q08NA,30,30,1.0,0.09153850858654276,0.008414033243653547,0.09191796298165282,1.0,medium_vs_high,1,0
2,missingindicator_ST012Q09NA,30,9,0.3,0.019366237288684727,0.02971606004504289,1.5344261046726584,0.7777777777777778,medium_vs_high,1,0
2,missingindicator_ST013Q01TA,30,4,0.13333333333333333,-0.0011324815962071412,0.02926702099999016,25.84326411838392,0.5,medium_vs_high,1,0
2,missingindicator_ST166Q05HA,30,29,0.9666666666666667,0.03977270825627026,0.006021847122187698,0.15140651432099397,1.0,medium_vs_high,1,0
2,missingindicator_ST019AQ01T,30,2,0.06666666666666667,0.005434892009047362,0.033539534688392984,6.171150159480695,0.5,medium_vs_high,1,0
2,missingindicator_ST019BQ01T,30,27,0.9,0.03628206967764516,0.006063268680714276,0.1671147410989649,1.0,medium_vs_high,1,0
2,missingindicator_ST019CQ01T,30,30,1.0,0.041634117727580834,0.006908115259808227,0.16592438213796698,1.0,medium_vs_high,1,0
3,ST011Q04TA,30,29,0.9666666666666667,0.03672452591319356,0.00287076452387109,0.07817022691203064,1.0,medium_vs_high,1,0
3,ST011Q06TA,30,1,0.03333333333333333,-0.02570013605126168,,,1.0,medium_vs_high,1,0
3,ST012Q01TA,30,1,0.03333333333333333,-0.023808317697128167,,,1.0,medium_vs_high,1,0
3,ST012Q06NA,30,29,0.9666666666666667,0.03333568172180332,0.0015175216838467834,0.04552244338396845,1.0,medium_vs_high,1,0
3,ST013Q01TA,30,30,1.0,-0.06255258406050311,0.0016168606664392611,0.025848023558473224,1.0,medium_vs_high,1,0
3,ST166Q03HA,30,30,1.0,0.04354418911045362,0.0014721049164666282,0.03380714962293835,1.0,medium_vs_high,1,0
3,ST166Q05HA,30,30,1.0,0.033529476185173525,0.001680757425408673,0.05012775672743409,1.0,medium_vs_high,1,0
3,ST019AQ01T,30,29,0.9666666666666667,0.034565752802623646,0.0029544629727552333,0.08547370542240817,1.0,medium_vs_high,1,0
3,missingindicator_ST011Q01TA,30,13,0.43333333333333335,-0.012341454345778664,0.033449888415694594,2.7103684443102907,0.6923076923076923,medium_vs_high,1,0
3,missingindicator_ST011Q02TA,30,30,1.0,0.07638929618986658,0.01391051446725318,0.1821003093506506,1.0,medium_vs_high,1,0
3,missingindicator_ST011Q03TA,30,16,0.5333333333333333,-0.03972664079256421,0.038199001787666824,0.9615462325930332,0.875,medium_vs_high,1,0
3,missingindicator_ST011Q04TA,30,13,0.43333333333333335,0.02814982701559353,0.014239642229938664,0.5058518555744818,1.0,medium_vs_high,1,0
3,missingindicator_ST011Q05TA,30,5,0.16666666666666666,0.03100210136912441,0.005523297153278992,0.17815879922190533,1.0,medium_vs_high,1,0
3,missingindicator_ST011Q06TA,30,1,0.03333333333333333,-0.03016233765023776,,,1.0,medium_vs_high,1,0
3,missingindicator_ST011Q07TA,30,20,0.6666666666666666,-0.052965151232780186,0.026887417782835224,0.507643557264018,1.0,medium_vs_high,1,0
3,missingindicator_ST011Q09TA,30,9,0.3,-0.03482133998839245,0.010871295893902575,0.31220211219690214,1.0,medium_vs_high,1,0
3,missingindicator_ST011Q10TA,30,21,0.7,-0.038258443481861096,0.01093992946229225,0.285948106265197,1.0,medium_vs_high,1,0
3,missingindicator_ST011Q11TA,30,1,0.03333333333333333,-0.026840969103305697,,,1.0,medium_vs_high,1,0
3,missingindicator_ST011Q12TA,30,2,0.06666666666666667,0.025543971905385,0.0064377718537374905,0.25202704879190396,1.0,medium_vs_high,1,0
3,missingindicator_ST012Q01TA,30,5,0.16666666666666666,-0.03244880567858337,0.010193622091686451,0.31414475443742984,1.0,medium_vs_high,1,0
3,missingindicator_ST012Q03TA,30,4,0.13333333333333333,0.028460586919026157,0.0073427471779550935,0.25799703986590666,1.0,medium_vs_high,1,0
3,missingindicator_ST012Q05NA,30,1,0.03333333333333333,0.02640552319147686,,,1.0,medium_vs_high,1,0
3,missingindicator_ST012Q06NA,30,2,0.06666666666666667,-0.005787969598133377,0.04175418667385398,7.213960952268949,0.5,medium_vs_high,1,0
3,missingindicator_ST012Q07NA,30,1,0.03333333333333333,-0.020383378505454717,,,1.0,medium_vs_high,1,0
3,missingindicator_ST012Q08NA,30,30,1.0,0.09038546302012256,0.010647823085407834,0.11780459743883046,1.0,medium_vs_high,1,0
3,missingindicator_ST012Q09NA,30,4,0.13333333333333333,0.028885010475862984,0.007592065387205381,0.2628375500694208,1.0,medium_vs_high,1,0
3,missingindicator_ST013Q01TA,30,3,0.1,-0.00963978138720017,0.04574351681972464,4.745285705385756,0.6666666666666666,medium_vs_high,1,0
3,missingindicator_ST166Q03HA,30,1,0.03333333333333333,0.021888010230566107,,,1.0,medium_vs_high,1,0
3,missingindicator_ST166Q05HA,30,30,1.0,0.03821021885291586,0.00531699264463416,0.1391510649311137,1.0,medium_vs_high,1,0
3,missingindicator_ST019AQ01T,30,1,0.03333333333333333,0.025901403534729292,,,1.0,medium_vs_high,1,0
3,missingindicator_ST019BQ01T,30,28,0.9333333333333333,0.035222010862171374,0.006336726278082792,0.1799081347989836,1.0,medium_vs_high,1,0
3,missingindicator_ST019CQ01T,30,30,1.0,0.04160298819272693,0.006412889409194907,0.15414492294368445,1.0,medium_vs_high,1,0
4,ST011Q04TA,30,29,0.9666666666666667,0.03689120115816248,0.00285615751526812,0.07742110382969115,1.0,medium_vs_high,1,0
4,ST011Q06TA,30,1,0.03333333333333333,-0.02594840660975924,,,1.0,medium_vs_high,1,0
4,ST012Q01TA,30,3,0.1,0.02336525347404998,0.0006728551136928317,0.028797252914038406,1.0,medium_vs_high,1,0
4,ST012Q06NA,30,30,1.0,0.03343702643762657,0.0015815751418729658,0.047300113388468804,1.0,medium_vs_high,1,0
4,ST013Q01TA,30,30,1.0,-0.06254945665243923,0.0015902076506597977,0.02542320486484649,1.0,medium_vs_high,1,0
4,ST166Q03HA,30,30,1.0,0.04369895169901314,0.0014505611007539125,0.03319441415311276,1.0,medium_vs_high,1,0
4,ST166Q05HA,30,29,0.9666666666666667,0.033731404021334066,0.0016992495635883356,0.0503758919288866,1.0,medium_vs_high,1,0
4,ST019AQ01T,30,29,0.9666666666666667,0.034705485754027446,0.0029812784400416468,0.0859022248289863,1.0,medium_vs_high,1,0
4,missingindicator_ST011Q01TA,30,13,0.43333333333333335,-0.012123957181612698,0.033329121741976754,2.7490299778131844,0.6923076923076923,medium_vs_high,1,0
4,missingindicator_ST011Q02TA,30,30,1.0,0.07610708208434744,0.013902923575933562,0.18267581932158855,1.0,medium_vs_high,1,0
4,missingindicator_ST011Q03TA,30,16,0.5333333333333333,-0.03955060732468135,0.03829836646424661,0.9683382646907348,0.875,medium_vs_high,1,0
4,missingindicator_ST011Q04TA,30,12,0.4,0.02919570978301253,0.014800916997486056,0.506955203606591,1.0,medium_vs_high,1,0
4,missingindicator_ST011Q05TA,30,5,0.16666666666666666,0.03058680647234837,0.0059836091253800345,0.19562712867031226,1.0,medium_vs_high,1,0
4,missingindicator_ST011Q06TA,30,3,0.1,0.00532781617009848,0.030779977046171244,5.777222048110248,0.6666666666666666,medium_vs_high,1,0
4,missingindicator_ST011Q07TA,30,21,0.7,-0.050494304901991575,0.027928256661079016,0.5530971604676448,1.0,medium_vs_high,1,0
4,missingindicator_ST011Q09TA,30,8,0.26666666666666666,-0.03679727843633575,0.008410525343407822,0.22856378788880172,1.0,medium_vs_high,1,0
4,missingindicator_ST011Q10TA,30,21,0.7,-0.03900903967219639,0.010158186226721395,0.2604059549295088,1.0,medium_vs_high,1,0
4,missingindicator_ST011Q12TA,30,2,0.06666666666666667,0.02426086986174634,0.005879690927150296,0.2423528488737817,1.0,medium_vs_high,1,0
4,missingindicator_ST012Q01TA,30,6,0.2,-0.03199403660319879,0.009109987864499732,0.28474018385003996,1.0,medium_vs_high,1,0
4,missingindicator_ST012Q03TA,30,3,0.1,0.030589624054675992,0.008241667818680043,0.26942690776286954,1.0,medium_vs_high,1,0
4,missingindicator_ST012Q05NA,30,1,0.03333333333333333,0.026714288440183236,,,1.0,medium_vs_high,1,0
4,missingindicator_ST012Q06NA,30,2,0.06666666666666667,-0.0056965540004947045,0.04176673012779074,7.331929114366966,0.5,medium_vs_high,1,0
4,missingindicator_ST012Q07NA,30,1,0.03333333333333333,-0.023462056517771727,,,1.0,medium_vs_high,1,0
4,missingindicator_ST012Q08NA,30,30,1.0,0.09075649814930524,0.010697094772913843,0.1178658827857797,1.0,medium_vs_high,1,0
4,missingindicator_ST012Q09NA,30,4,0.13333333333333333,0.02795956652085093,0.008223540830704774,0.2941226154050723,1.0,medium_vs_high,1,0
4,missingindicator_ST013Q01TA,30,3,0.1,-0.00951111754367999,0.04605106167501098,4.841813957562883,0.6666666666666666,medium_vs_high,1,0
4,missingindicator_ST166Q03HA,30,1,0.03333333333333333,0.022114482882738283,,,1.0,medium_vs_high,1,0
4,missingindicator_ST166Q05HA,30,30,1.0,0.03839631522626617,0.005268277308186047,0.13720788771371792,1.0,medium_vs_high,1,0
4,missingindicator_ST019AQ01T,30,1,0.03333333333333333,0.025634517376115964,,,1.0,medium_vs_high,1,0
4,missingindicator_ST019BQ01T,30,26,0.8666666666666667,0.035951131631487554,0.0062673993862392635,0.17433107392786504,1.0,medium_vs_high,1,0
4,missingindicator_ST019CQ01T,30,30,1.0,0.04157310261131369,0.006500728173752629,0.1563686077156898,1.0,medium_vs_high,1,0
5,ST011Q04TA,30,29,0.9666666666666667,0.03665366340377792,0.0036517178347980515,0.09962763597653561,1.0,medium_vs_high,1,0
5,ST012Q06NA,30,27,0.9,0.03343356500785058,0.0017679407723271913,0.05287921799281826,1.0,medium_vs_high,1,0
5,ST013Q01TA,30,30,1.0,0.06969873558336498,0.00361937553056769,0.051928854953740756,1.0,medium_vs_high,1,0
5,ST166Q03HA,30,30,1.0,0.04382081433877996,0.0017787694913262838,0.040591885800536846,1.0,medium_vs_high,1,0
5,ST166Q05HA,30,30,1.0,0.033588762652177535,0.0018204599058666427,0.05419848074542346,1.0,medium_vs_high,1,0
5,ST019AQ01T,30,28,0.9333333333333333,0.03550630306730832,0.0026826105274282614,0.07555307919112025,1.0,medium_vs_high,1,0
5,missingindicator_ST011Q01TA,30,14,0.4666666666666667,-0.006001470351701124,0.03621576180901168,6.0344814998121725,0.5,medium_vs_high,1,0
5,missingindicator_ST011Q02TA,30,30,1.0,0.07549554309853145,0.013483803250882385,0.1786039638563071,1.0,medium_vs_high,1,0
5,missingindicator_ST011Q03TA,30,18,0.6,-0.044887245116091976,0.034844057398344855,0.7762574269868333,0.9444444444444444,medium_vs_high,1,0
5,missingindicator_ST011Q04TA,30,9,0.3,0.031185846083775854,0.014980280642668969,0.48035511374059914,1.0,medium_vs_high,1,0
5,missingindicator_ST011Q05TA,30,3,0.1,0.03459709346227447,0.003181668015690222,0.09196344829254491,1.0,medium_vs_high,1,0
5,missingindicator_ST011Q06TA,30,2,0.06666666666666667,-0.041714008582931936,0.011876838787933698,0.2847206296254474,1.0,medium_vs_high,1,0
5,missingindicator_ST011Q07TA,30,22,0.7333333333333333,-0.0532186346978313,0.03284907943936037,0.6172476920137712,0.9545454545454546,medium_vs_high,1,0
5,missingindicator_ST011Q08TA,30,1,0.03333333333333333,-0.022776368657577574,,,1.0,medium_vs_high,1,0
5,missingindicator_ST011Q09TA,30,10,0.3333333333333333,-0.0382116387893027,0.009251318245521651,0.24210734055487687,1.0,medium_vs_high,1,0
5,missingindicator_ST011Q10TA,30,21,0.7,-0.03843125841389445,0.011791481260226467,0.30682006644787285,1.0,medium_vs_high,1,0
5,missingindicator_ST011Q11TA,30,2,0.06666666666666667,-0.025128615486990236,0.008612142937431398,0.34272254043960904,1.0,medium_vs_high,1,0
5,missingindicator_ST011Q12TA,30,2,0.06666666666666667,-0.005241902740551178,0.02778766843443282,5.301065244776172,0.5,medium_vs_high,1,0
5,missingindicator_ST011Q16NA,30,3,0.1,0.02888843080304847,0.0067426293861288745,0.23340241053928598,1.0,medium_vs_high,1,0
5,missingindicator_ST012Q01TA,30,7,0.23333333333333334,-0.02193876783196764,0.024702716778785584,1.1259846937616302,0.8571428571428571,medium_vs_high,1,0
5,missingindicator_ST012Q03TA,30,6,0.2,0.026779029318833542,0.0025464440590654337,0.09509097692628216,1.0,medium_vs_high,1,0
5,missingindicator_ST012Q05NA,30,2,0.06666666666666667,0.026003629703520086,0.004960553716827225,0.190763896170838,1.0,medium_vs_high,1,0
5,missingindicator_ST012Q06NA,30,1,0.03333333333333333,-0.05014153631054119,,,1.0,medium_vs_high,1,0
5,missingindicator_ST012Q07NA,30,1,0.03333333333333333,0.02541314640507448,,,1.0,medium_vs_high,1,0
5,missingindicator_ST012Q08NA,30,30,1.0,0.09146832850573208,0.00844585356965287,0.09233637159034332,1.0,medium_vs_high,1,0
5,missingindicator_ST012Q09NA,30,5,0.16666666666666666,0.03560373467277587,0.006497914938790703,0.18250655439692637,1.0,medium_vs_high,1,0
5,missingindicator_ST013Q01TA,30,4,0.13333333333333333,0.0015073989886025914,0.031818130538072614,21.107968612589474,0.5,medium_vs_high,1,0
5,missingindicator_ST166Q03HA,30,1,0.03333333333333333,0.023930660188650765,,,1.0,medium_vs_high,1,0
5,missingindicator_ST166Q05HA,30,28,0.9333333333333333,0.03810450371219681,0.005176388460419221,0.13584715600855124,1.0,medium_vs_high,1,0
5,missingindicator_ST019BQ01T,30,24,0.8,0.03624933896366878,0.005980001966109609,0.16496857976094734,1.0,medium_vs_high,1,0
5,missingindicator_ST019CQ01T,30,30,1.0,0.04109601075459305,0.006265276257170718,0.15245460914890593,1.0,medium_vs_high,1,0
0,ST011Q04TA,30,26,0.8666666666666667,0.04071337537365202,0.0036715946479752995,0.09018153406046016,1.0,low_vs_high,1,1
0,ST012Q01TA,30,6,0.2,0.035208083852261214,0.001496787490187108,0.04251260865169116,1.0,low_vs_high,1,1
0,ST012Q03TA,30,13,0.43333333333333335,-0.03682373910095798,0.002012128978669436,0.05464216909512837,1.0,low_vs_high,1,1
0,ST012Q08NA,30,15,0.5,-0.03754695917050692,0.0021963776289584433,0.058496817784479724,1.0,low_vs_high,1,1
0,ST013Q01TA,30,30,1.0,-0.07150519168709783,0.002139422335275504,0.02991981819498478,1.0,low_vs_high,1,1
0,ST166Q02HA,30,30,1.0,-0.0518033223081313,0.0019987659020999143,0.0385837396723526,1.0,low_vs_high,1,1
0,ST166Q03HA,30,30,1.0,0.05575070875899265,0.003999682437018484,0.07174227065540814,1.0,low_vs_high,1,1
0,ST166Q05HA,30,30,1.0,-0.06572581482687453,0.002064124475600648,0.031405080044084155,1.0,low_vs_high,1,1
0,ST004D01T,30,30,1.0,-0.05899865290861297,0.0017291312385717096,0.029307978289776864,1.0,low_vs_high,1,1
0,ST019AQ01T,30,22,0.7333333333333333,0.039570976913709394,0.002617995092193188,0.06615947586793547,1.0,low_vs_high,1,1
0,missingindicator_ST011Q01TA,30,6,0.2,0.009248868739837601,0.03532636089608299,3.8195331655991556,0.6666666666666666,low_vs_high,1,1
0,missingindicator_ST011Q02TA,30,9,0.3,0.04248148755441458,0.013698065145322222,0.3224478692695579,1.0,low_vs_high,1,1
0,missingindicator_ST011Q03TA,30,1,0.03333333333333333,-0.04810767090472986,,,1.0,low_vs_high,1,1
0,missingindicator_ST011Q04TA,30,2,0.06666666666666667,-0.054851001915382086,0.006070485263737838,0.11067227674533082,1.0,low_vs_high,1,1
0,missingindicator_ST011Q05TA,30,2,0.06666666666666667,0.040378691757875784,0.0015751794761780325,0.039010166194173364,1.0,low_vs_high,1,1
0,missingindicator_ST011Q06TA,30,2,0.06666666666666667,0.05175386164788553,0.012685795337451775,0.24511785079461929,1.0,low_vs_high,1,1
0,missingindicator_ST011Q07TA,30,1,0.03333333333333333,0.01874508007590964,,,1.0,low_vs_high,1,1
0,missingindicator_ST011Q08TA,30,3,0.1,0.03918613566429351,0.0051260688546970684,0.1308133289439906,1.0,low_vs_high,1,1
0,missingindicator_ST011Q09TA,30,5,0.16666666666666666,0.038366718153592785,0.007212674658603824,0.18799300554531287,1.0,low_vs_high,1,1
0,missingindicator_ST011Q10TA,30,15,0.5,-0.05264292667890307,0.01966570529232103,0.37356785674688114,1.0,low_vs_high,1,1
0,missingindicator_ST011Q12TA,30,2,0.06666666666666667,0.03812407464299972,0.0053954258117219055,0.14152280054652042,1.0,low_vs_high,1,1
0,missingindicator_ST012Q02TA,30,4,0.13333333333333333,0.041390372687816965,0.006637716120342399,0.16036859997388175,1.0,low_vs_high,1,1
0,missingindicator_ST012Q08NA,30,14,0.4666666666666667,0.042852562678456184,0.005728543034061491,0.1336802906525232,1.0,low_vs_high,1,1
0,missingindicator_ST012Q09NA,30,4,0.13333333333333333,0.04174096740273403,0.006362495364070705,0.15242807629930402,1.0,low_vs_high,1,1
0,missingindicator_ST013Q01TA,30,4,0.13333333333333333,-0.05028945731641942,0.004414976813548823,0.08779129959128314,1.0,low_vs_high,1,1
0,missingindicator_ST166Q03HA,30,28,0.9333333333333333,0.044818020672148094,0.005397252287820817,0.12042594043370837,1.0,low_vs_high,1,1
0,missingindicator_ST166Q04HA,30,23,0.7666666666666667,0.04133799182481873,0.003310964306081938,0.08009494801085337,1.0,low_vs_high,1,1
0,missingindicator_ST166Q05HA,30,30,1.0,0.05338167859006851,0.004555597750004097,0.08534009926865903,1.0,low_vs_high,1,1
0,missingindicator_ST019AQ01T,30,22,0.7333333333333333,0.04226557183401053,0.006414102942019651,0.15175715514295515,1.0,low_vs_high,1,1
0,missingindicator_ST019BQ01T,30,11,0.36666666666666664,0.03920611297173146,0.0036114195603152285,0.09211368550917425,1.0,low_vs_high,1,1
0,missingindicator_ST019CQ01T,30,30,1.0,0.05061179026058049,0.004660082309693616,0.09207503401283887,1.0,low_vs_high,1,1
1,ST011Q04TA,30,28,0.9333333333333333,0.04002420924989197,0.0030142989082565866,0.07531189159632734,1.0,low_vs_high,1,1
1,ST012Q01TA,30,15,0.5,-0.0356230200723737,0.002036627222200689,0.05717166085477773,1.0,low_vs_high,1,1
1,ST012Q03TA,30,17,0.5666666666666667,-0.036621361388007076,0.0023091079107964776,0.06305357920289316,1.0,low_vs_high,1,1
1,ST012Q08NA,30,21,0.7,-0.03715667985668999,0.002846005997077279,0.0765947336536545,1.0,low_vs_high,1,1
1,ST166Q02HA,30,30,1.0,-0.052029024616144004,0.00217499764479642,0.04180354448008513,1.0,low_vs_high,1,1
1,ST166Q05HA,30,30,1.0,-0.06620003999904657,0.002143386696349766,0.03237742298011657,1.0,low_vs_high,1,1
1,ST004D01T,30,30,1.0,0.05908304598491218,0.0021795380858525377,0.03688939948033685,1.0,low_vs_high,1,1
1,ST019AQ01T,30,27,0.9,0.03945846308460203,0.0025420777774225424,0.0644241457649308,1.0,low_vs_high,1,1
1,missingindicator_ST011Q01TA,30,7,0.23333333333333334,0.01298884639616226,0.042069971675879045,3.238930571102082,0.5714285714285714,low_vs_high,1,1
1,missingindicator_ST011Q02TA,30,10,0.3333333333333333,0.03689531065455519,0.03052263861762166,0.8272769107001205,0.9,low_vs_high,1,1
1,missingindicator_ST011Q03TA,30,2,0.06666666666666667,-0.00633742667102127,0.05419519231077266,8.551608582484658,0.5,low_vs_high,1,1
1,missingindicator_ST011Q04TA,30,6,0.2,-0.021083709280379254,0.044047139480020266,2.089155133675223,0.6666666666666666,low_vs_high,1,1
1,missingindicator_ST011Q05TA,30,3,0.1,0.04078277300218722,0.002912334667793334,0.07141090351156708,1.0,low_vs_high,1,1
1,missingindicator_ST011Q06TA,30,5,0.16666666666666666,-0.00551011669507844,0.04540133438576361,8.239632098230416,0.6,low_vs_high,1,1
1,missingindicator_ST011Q08TA,30,3,0.1,0.038751631735998826,0.007639037182976667,0.19712814250039143,1.0,low_vs_high,1,1
1,missingindicator_ST011Q09TA,30,6,0.2,0.04367693722564689,0.005286947057629242,0.12104665284370654,1.0,low_vs_high,1,1
1,missingindicator_ST011Q10TA,30,15,0.5,-0.05535157764853557,0.02270208636365708,0.41014343814747084,1.0,low_vs_high,1,1
1,missingindicator_ST011Q12TA,30,6,0.2,0.03202816554310863,0.007373490311951511,0.23021893970252802,1.0,low_vs_high,1,1
1,missingindicator_ST012Q01TA,30,1,0.03333333333333333,-0.04795696376068168,,,1.0,low_vs_high,1,1
1,missingindicator_ST012Q02TA,30,9,0.3,0.036519326552465765,0.00494505961991776,0.135409386939636,1.0,low_vs_high,1,1
1,missingindicator_ST012Q07NA,30,2,0.06666666666666667,-0.04137853341434625,0.00696814237015002,0.16839993579216883,1.0,low_vs_high,1,1
1,missingindicator_ST012Q08NA,30,13,0.43333333333333335,0.04335216695548575,0.008310895457071308,0.19170657525850973,1.0,low_vs_high,1,1
1,missingindicator_ST012Q09NA,30,8,0.26666666666666666,0.03740893805643845,0.007706305242262228,0.20600171089154712,1.0,low_vs_high,1,1
1,missingindicator_ST013Q01TA,30,3,0.1,-0.05816462100521711,0.008213971296516097,0.141219372782973,1.0,low_vs_high,1,1
1,missingindicator_ST166Q03HA,30,28,0.9333333333333333,0.045032575245696295,0.0060973140032878105,0.13539785299910254,1.0,low_vs_high,1,1
1,missingindicator_ST166Q04HA,30,25,0.8333333333333334,0.04091907767846479,0.004058295376127824,0.09917856428771989,1.0,low_vs_high,1,1
1,missingindicator_ST166Q05HA,30,30,1.0,0.05264626398233378,0.005162436017039109,0.09805892434782151,1.0,low_vs_high,1,1
1,missingindicator_ST019AQ01T,30,25,0.8333333333333334,0.043314546021506084,0.00752771098767588,0.17379175540563901,1.0,low_vs_high,1,1
1,missingindicator_ST019BQ01T,30,15,0.5,0.038487407968451744,0.0037352280316646823,0.09705065185804305,1.0,low_vs_high,1,1
1,missingindicator_ST019CQ01T,30,30,1.0,0.051245052529483706,0.004580126642441352,0.08937695282498127,1.0,low_vs_high,1,1
2,ST011Q04TA,30,28,0.9333333333333333,0.04069954846387024,0.0025468180516464217,0.06257607633920755,1.0,low_vs_high,1,1
2,ST012Q01TA,30,15,0.5,-0.035539810712176274,0.0021757698805921852,0.06122063784224788,1.0,low_vs_high,1,1
2,ST012Q08NA,30,20,0.6666666666666666,-0.037692695498644214,0.0020935475144481706,0.05554252585951234,1.0,low_vs_high,1,1
2,ST013Q01TA,30,30,1.0,-0.07215366169277665,0.002325602705733609,0.03223124996255632,1.0,low_vs_high,1,1
2,ST166Q02HA,30,30,1.0,0.050860903871833736,0.0023231130735751806,0.04567581180683062,1.0,low_vs_high,1,1
2,ST166Q05HA,30,30,1.0,0.05082165104157294,0.002824840355072866,0.05558340386781414,1.0,low_vs_high,1,1
2,ST004D01T,30,30,1.0,-0.05961939241379957,0.0019247690997065599,0.03228427902027815,1.0,low_vs_high,1,1
2,ST019AQ01T,30,26,0.8666666666666667,0.03933290171841664,0.0034049864615108448,0.08656840234893083,1.0,low_vs_high,1,1
2,missingindicator_ST011Q01TA,30,12,0.4,0.02751485890601114,0.03189347537248579,1.1591364317524468,0.75,low_vs_high,1,1
2,missingindicator_ST011Q02TA,30,5,0.16666666666666666,0.039941783219948145,0.01670164532586895,0.4181497163984316,1.0,low_vs_high,1,1
2,missingindicator_ST011Q03TA,30,1,0.03333333333333333,-0.057212961157106154,,,1.0,low_vs_high,1,1
2,missingindicator_ST011Q04TA,30,3,0.1,-0.027528007246455988,0.042434287190801806,1.5414950603177018,0.6666666666666666,low_vs_high,1,1
2,missingindicator_ST011Q05TA,30,5,0.16666666666666666,0.040648351586056765,0.0017431516122078706,0.042883697473375726,1.0,low_vs_high,1,1
2,missingindicator_ST011Q06TA,30,5,0.16666666666666666,0.025205995971285405,0.03171010378403719,1.258038119983882,0.8,low_vs_high,1,1
2,missingindicator_ST011Q08TA,30,4,0.13333333333333333,0.03624469337580019,0.0067456766033327465,0.18611487572513694,1.0,low_vs_high,1,1
2,missingindicator_ST011Q09TA,30,4,0.13333333333333333,0.04076827133893659,0.010837376040439491,0.26582868697915646,1.0,low_vs_high,1,1
2,missingindicator_ST011Q10TA,30,16,0.5333333333333333,-0.05605741452337964,0.02393552555341303,0.4269823315420717,1.0,low_vs_high,1,1
2,missingindicator_ST011Q12TA,30,3,0.1,0.03609323232574451,0.00899814907357108,0.2493029438971277,1.0,low_vs_high,1,1
2,missingindicator_ST012Q02TA,30,5,0.16666666666666666,0.04120843045812986,0.004712378131766204,0.11435471041670107,1.0,low_vs_high,1,1
2,missingindicator_ST012Q07NA,30,1,0.03333333333333333,-0.04221787303039718,,,1.0,low_vs_high,1,1
2,missingindicator_ST012Q08NA,30,13,0.43333333333333335,0.04379360637477561,0.0059987720424140014,0.1369782609606957,1.0,low_vs_high,1,1
2,missingindicator_ST012Q09NA,30,5,0.16666666666666666,0.040392800538879364,0.011238834287171573,0.278238550861405,1.0,low_vs_high,1,1
2,missingindicator_ST013Q01TA,30,5,0.16666666666666666,-0.04346563627875327,0.00914360688515934,0.21036404083721852,1.0,low_vs_high,1,1
2,missingindicator_ST166Q03HA,30,28,0.9333333333333333,0.04535759010194469,0.005382254077099381,0.11866269934100002,1.0,low_vs_high,1,1
2,missingindicator_ST166Q04HA,30,26,0.8666666666666667,-0.040944043618307384,0.0037758244926485805,0.0922191400499654,1.0,low_vs_high,1,1
2,missingindicator_ST166Q05HA,30,30,1.0,0.054168786174679344,0.005316013311783672,0.09813794414076403,1.0,low_vs_high,1,1
2,missingindicator_ST019AQ01T,30,25,0.8333333333333334,0.04260047385400804,0.0048823780333813556,0.11460853816117823,1.0,low_vs_high,1,1
2,missingindicator_ST019BQ01T,30,15,0.5,0.03820490956122631,0.002974860017006805,0.07786590915074312,1.0,low_vs_high,1,1
2,missingindicator_ST019CQ01T,30,30,1.0,0.05081973583321501,0.00494740738843777,0.09735208787142532,1.0,low_vs_high,1,1
3,ST011Q04TA,30,29,0.9666666666666667,0.04065308203526188,0.003401914651941073,0.08368159267703991,1.0,low_vs_high,1,1
3,ST012Q01TA,30,18,0.6,-0.03595174017412531,0.0021001806805296674,0.05841666273615263,1.0,low_vs_high,1,1
3,ST012Q06NA,30,20,0.6666666666666666,0.0376316572087145,0.0018301678749192995,0.04863373049899808,1.0,low_vs_high,1,1
3,ST012Q08NA,30,19,0.6333333333333333,-0.03745272911537753,0.0027278374570637027,0.07283414377254803,1.0,low_vs_high,1,1
3,ST013Q01TA,30,30,1.0,0.08088171915032122,0.004602339358506433,0.056902096133155146,1.0,low_vs_high,1,1
3,ST166Q05HA,30,30,1.0,0.051350250393892634,0.0025720432900771042,0.05008823268334075,1.0,low_vs_high,1,1
3,ST004D01T,30,30,1.0,0.059702396238875376,0.0018992958786998807,0.031812724418976486,1.0,low_vs_high,1,1
3,ST019AQ01T,30,26,0.8666666666666667,0.039820725682699495,0.003349589360287947,0.08411673325539643,1.0,low_vs_high,1,1
3,missingindicator_ST011Q01TA,30,4,0.13333333333333333,0.04728238518017455,0.004321882611393695,0.0914057654859141,1.0,low_vs_high,1,1
3,missingindicator_ST011Q02TA,30,9,0.3,0.021736030661399,0.03482668886359695,1.6022561527503565,0.7777777777777778,low_vs_high,1,1
3,missingindicator_ST011Q03TA,30,1,0.03333333333333333,-0.024679825070035594,,,1.0,low_vs_high,1,1
3,missingindicator_ST011Q04TA,30,5,0.16666666666666666,-0.013684184030924789,0.046839359517813595,3.4228828998471275,0.6,low_vs_high,1,1
3,missingindicator_ST011Q05TA,30,4,0.13333333333333333,0.033531252505771235,0.00710621837574176,0.21192821158466038,1.0,low_vs_high,1,1
3,missingindicator_ST011Q06TA,30,7,0.23333333333333334,0.003518058795478255,0.03749521869662318,10.657928385055877,0.5714285714285714,low_vs_high,1,1
3,missingindicator_ST011Q07TA,30,1,0.03333333333333333,0.03918402706721239,,,1.0,low_vs_high,1,1
3,missingindicator_ST011Q08TA,30,3,0.1,0.03932473931087456,0.004103158061717382,0.10434037538763102,1.0,low_vs_high,1,1
3,missingindicator_ST011Q09TA,30,8,0.26666666666666666,0.04245371163912358,0.00909719756284688,0.21428509337834387,1.0,low_vs_high,1,1
3,missingindicator_ST011Q10TA,30,15,0.5,-0.055278071971151636,0.025185002359170348,0.45560565810460657,1.0,low_vs_high,1,1
3,missingindicator_ST011Q12TA,30,3,0.1,0.03664142581755461,0.0012052346565621672,0.03289267897388286,1.0,low_vs_high,1,1
3,missingindicator_ST011Q16NA,30,1,0.03333333333333333,0.03973339135485235,,,1.0,low_vs_high,1,1
3,missingindicator_ST012Q01TA,30,1,0.03333333333333333,0.041168544161215744,,,1.0,low_vs_high,1,1
3,missingindicator_ST012Q02TA,30,6,0.2,0.03823945998430693,0.006154607064865838,0.16094911035332674,1.0,low_vs_high,1,1
3,missingindicator_ST012Q03TA,30,1,0.03333333333333333,0.028570901573275055,,,1.0,low_vs_high,1,1
3,missingindicator_ST012Q07NA,30,3,0.1,-0.036935723276147914,0.0034647980165690567,0.09380615050271748,1.0,low_vs_high,1,1
3,missingindicator_ST012Q08NA,30,13,0.43333333333333335,0.0439971415876654,0.008123573324811615,0.18463866132360424,1.0,low_vs_high,1,1
3,missingindicator_ST012Q09NA,30,7,0.23333333333333334,0.04096181365547937,0.012203864600995542,0.297932721037196,1.0,low_vs_high,1,1
3,missingindicator_ST013Q01TA,30,3,0.1,-0.044351203215049484,0.009060345992436982,0.20428636284128088,1.0,low_vs_high,1,1
3,missingindicator_ST166Q03HA,30,29,0.9666666666666667,0.04397834076820392,0.004581139526770205,0.10416808471506368,1.0,low_vs_high,1,1
3,missingindicator_ST166Q04HA,30,27,0.9,0.04177085771621182,0.003837282074895382,0.09186505340554887,1.0,low_vs_high,1,1
3,missingindicator_ST166Q05HA,30,30,1.0,0.05420952657241025,0.005256007983357993,0.09695727514493771,1.0,low_vs_high,1,1
3,missingindicator_ST019AQ01T,30,25,0.8333333333333334,0.043922503295523364,0.004859590708217528,0.11064011255280214,1.0,low_vs_high,1,1
3,missingindicator_ST019BQ01T,30,12,0.4,0.03927295476628465,0.004253878154150691,0.10831571445198702,1.0,low_vs_high,1,1
3,missingindicator_ST019CQ01T,30,30,1.0,0.05092869470707487,0.005050520741999079,0.09916847017281742,1.0,low_vs_high,1,1
4,ST011Q04TA,30,28,0.9333333333333333,0.04070346500074449,0.002979688435698655,0.07320478577546542,1.0,low_vs_high,1,1
4,ST012Q01TA,30,13,0.43333333333333335,-0.03621722669194714,0.002300432010098746,0.0635176191061102,1.0,low_vs_high,1,1
4,ST012Q06NA,30,22,0.7333333333333333,0.03837736597841111,0.002191297100971225,0.05709868421412564,1.0,low_vs_high,1,1
4,ST012Q08NA,30,15,0.5,-0.03813075012411253,0.002491329680116461,0.06533649802344257,1.0,low_vs_high,1,1
4,ST013Q01TA,30,9,0.3,0.037033402778382206,0.002224550536610449,0.060068758734452644,1.0,low_vs_high,1,1
4,ST166Q02HA,30,30,1.0,0.05145636895583421,0.0025218073089485304,0.04900865257540881,1.0,low_vs_high,1,1
4,ST166Q05HA,30,30,1.0,0.05195689504575694,0.0029128584028862555,0.05606298067505737,1.0,low_vs_high,1,1
4,ST004D01T,30,30,1.0,0.05986635914795895,0.0022146838088280565,0.03699379485153746,1.0,low_vs_high,1,1
4,ST019AQ01T,30,25,0.8333333333333334,0.04011216635628443,0.0030251627117600308,0.07541758490154632,1.0,low_vs_high,1,1
4,missingindicator_ST011Q01TA,30,12,0.4,0.031149942441887207,0.02920205318725247,0.9374673241124382,0.8333333333333334,low_vs_high,1,1
4,missingindicator_ST011Q02TA,30,8,0.26666666666666666,0.04366053324461522,0.017211401995041127,0.3942096148622706,1.0,low_vs_high,1,1
4,missingindicator_ST011Q03TA,30,2,0.06666666666666667,-0.04276025754932795,0.005403352715791574,0.12636389548304994,1.0,low_vs_high,1,1
4,missingindicator_ST011Q04TA,30,7,0.23333333333333334,-0.007627825950290893,0.047114475812943084,6.176658476475375,0.5714285714285714,low_vs_high,1,1
4,missingindicator_ST011Q05TA,30,6,0.2,0.03949125143751968,0.003919603205215102,0.09925244358023007,1.0,low_vs_high,1,1
4,missingindicator_ST011Q06TA,30,5,0.16666666666666666,-0.023392941695238388,0.031586919704713036,1.3502756564875518,0.8,low_vs_high,1,1
4,missingindicator_ST011Q08TA,30,2,0.06666666666666667,0.04073794759611092,0.00028676121562008484,0.007039166981683209,1.0,low_vs_high,1,1
4,missingindicator_ST011Q09TA,30,5,0.16666666666666666,0.043913887662165065,0.009736466646708918,0.22171725540705375,1.0,low_vs_high,1,1
4,missingindicator_ST011Q10TA,30,17,0.5666666666666667,-0.055837046560424264,0.02359376231984276,0.4225467458116841,1.0,low_vs_high,1,1
4,missingindicator_ST011Q12TA,30,2,0.06666666666666667,0.03972613352198999,0.004703139400250899,0.11838905484339483,1.0,low_vs_high,1,1
4,missingindicator_ST011Q16NA,30,1,0.03333333333333333,0.03552791974057771,,,1.0,low_vs_high,1,1
4,missingindicator_ST012Q01TA,30,1,0.03333333333333333,-0.04863989918717264,,,1.0,low_vs_high,1,1
4,missingindicator_ST012Q02TA,30,6,0.2,0.03991995767391044,0.004205506315680199,0.10534846629931911,1.0,low_vs_high,1,1
4,missingindicator_ST012Q07NA,30,1,0.03333333333333333,-0.04638973552196226,,,1.0,low_vs_high,1,1
4,missingindicator_ST012Q08NA,30,13,0.43333333333333335,0.04335269608153934,0.009003832368968151,0.20768794522106337,1.0,low_vs_high,1,1
4,missingindicator_ST012Q09NA,30,7,0.23333333333333334,0.036811971627127134,0.010962098943745245,0.297786248853543,1.0,low_vs_high,1,1
4,missingindicator_ST013Q01TA,30,2,0.06666666666666667,-0.05279539609622832,0.007428189057906386,0.14069766697776614,1.0,low_vs_high,1,1
4,missingindicator_ST166Q03HA,30,30,1.0,0.04506909596436267,0.005201172349111648,0.1154044082274105,1.0,low_vs_high,1,1
4,missingindicator_ST166Q04HA,30,23,0.7666666666666667,0.0425999253858233,0.003382490248318937,0.0794013186099285,1.0,low_vs_high,1,1
4,missingindicator_ST166Q05HA,30,30,1.0,0.05336383030936791,0.005430084839678173,0.10175590485537042,1.0,low_vs_high,1,1
4,missingindicator_ST019AQ01T,30,24,0.8,0.045223718392905156,0.005906999862102076,0.13061729711789435,1.0,low_vs_high,1,1
4,missingindicator_ST019BQ01T,30,14,0.4666666666666667,0.038395459606025376,0.0033201208146152405,0.08647170391194421,1.0,low_vs_high,1,1
4,missingindicator_ST019CQ01T,30,30,1.0,0.05096740874901491,0.004388758411332241,0.08610911402116488,1.0,low_vs_high,1,1
5,ST011Q04TA,30,28,0.9333333333333333,0.04122980993440618,0.0032485643139215426,0.07879163932818967,1.0,low_vs_high,1,1
5,ST012Q01TA,30,16,0.5333333333333333,0.036419250792296305,0.0021269922563592844,0.05840296574165669,1.0,low_vs_high,1,1
5,ST012Q08NA,30,30,1.0,0.06564855049777416,0.0061820520624539695,0.09416890419634741,1.0,low_vs_high,1,1
5,ST013Q01TA,30,30,1.0,0.08195146732253676,0.004651724565606651,0.05676194359399128,1.0,low_vs_high,1,1
5,ST166Q02HA,30,30,1.0,0.051484306461227786,0.0024048571379542134,0.04671048914226479,1.0,low_vs_high,1,1
5,ST166Q05HA,30,30,1.0,0.05192837348923576,0.002622145341883087,0.050495426020355366,1.0,low_vs_high,1,1
5,ST004D01T,30,30,1.0,0.060322528801150285,0.0021273789264958454,0.035266739786533594,1.0,low_vs_high,1,1
5,ST019AQ01T,30,25,0.8333333333333334,0.04027331704739817,0.002877333873503713,0.0714451672832745,1.0,low_vs_high,1,1
5,missingindicator_ST011Q01TA,30,9,0.3,0.035800632194452196,0.022295599290577492,0.6227711055346252,0.8888888888888888,low_vs_high,1,1
5,missingindicator_ST011Q02TA,30,6,0.2,0.030668462225895112,0.033379548603810934,1.0883998147004155,0.8333333333333334,low_vs_high,1,1
5,missingindicator_ST011Q03TA,30,2,0.06666666666666667,-0.03071176735610684,0.004073551329883447,0.13263812800644464,1.0,low_vs_high,1,1
5,missingindicator_ST011Q04TA,30,4,0.13333333333333333,-0.00402615425006423,0.050600590123596766,12.567971066381652,0.5,low_vs_high,1,1
5,missingindicator_ST011Q05TA,30,3,0.1,0.040582075540807255,0.0009603124411885287,0.02366346295479362,1.0,low_vs_high,1,1
5,missingindicator_ST011Q06TA,30,1,0.03333333333333333,-0.02555204520140827,,,1.0,low_vs_high,1,1
5,missingindicator_ST011Q08TA,30,3,0.1,0.04240570569362447,0.009983127383890764,0.23541943756383915,1.0,low_vs_high,1,1
5,missingindicator_ST011Q09TA,30,6,0.2,0.043362028743578064,0.00827083555737611,0.19073912815024882,1.0,low_vs_high,1,1
5,missingindicator_ST011Q10TA,30,15,0.5,-0.05766430378742105,0.02415216609225205,0.41884085137468746,1.0,low_vs_high,1,1
5,missingindicator_ST011Q12TA,30,2,0.06666666666666667,0.03432872675221042,0.0013377473571155685,0.03896874378043838,1.0,low_vs_high,1,1
5,missingindicator_ST012Q01TA,30,1,0.03333333333333333,0.039116112019907195,,,1.0,low_vs_high,1,1
5,missingindicator_ST012Q02TA,30,7,0.23333333333333334,0.03815780267300083,0.005465717567206385,0.14323984046056565,1.0,low_vs_high,1,1
5,missingindicator_ST012Q05NA,30,1,0.03333333333333333,0.032921413730877355,,,1.0,low_vs_high,1,1
5,missingindicator_ST012Q07NA,30,2,0.06666666666666667,-0.03668425805397803,9.850641917939197e-05,0.0026852504154356196,1.0,low_vs_high,1,1
5,missingindicator_ST012Q08NA,30,11,0.36666666666666664,0.043087540272841465,0.00890888980389036,0.20676255241020866,1.0,low_vs_high,1,1
5,missingindicator_ST012Q09NA,30,5,0.16666666666666666,0.0457648377498457,0.007603686655760338,0.1661469160520726,1.0,low_vs_high,1,1
5,missingindicator_ST013Q01TA,30,1,0.03333333333333333,-0.049861088812171495,,,1.0,low_vs_high,1,1
5,missingindicator_ST166Q03HA,30,28,0.9333333333333333,0.044773204726071124,0.004634607398719601,0.103512970024701,1.0,low_vs_high,1,1
5,missingindicator_ST166Q04HA,30,24,0.8,0.042704377616946565,0.005084242386041021,0.11905670260894796,1.0,low_vs_high,1,1
5,missingindicator_ST166Q05HA,30,30,1.0,0.054529573086865485,0.004698192502438666,0.08615861516015275,1.0,low_vs_high,1,1
5,missingindicator_ST019AQ01T,30,25,0.8333333333333334,0.043468752760544016,0.004815638485374883,0.11078391211044757,1.0,low_vs_high,1,1
5,missingindicator_ST019BQ01T,30,15,0.5,0.03727974963171048,0.00410593604201794,0.11013850904528055,1.0,low_vs_high,1,1
5,missingindicator_ST019CQ01T,30,30,1.0,0.051722006427087686,0.005621052042496843,0.10867815134783719,1.0,low_vs_high,1,1
0,ST011Q06TA,30,5,0.16666666666666666,0.07268166220693253,0.011417161838917594,0.15708448998334273,1.0,low_vs_medium,1,1
0,ST012Q01TA,30,14,0.4666666666666667,0.07559634765788455,0.0024571440422538142,0.03250347560934763,1.0,low_vs_medium,1,1
0,ST013Q01TA,30,30,1.0,-0.1735586728755291,0.002922025267119812,0.016835950740504903,1.0,low_vs_medium,1,1
0,ST166Q02HA,30,30,1.0,-0.09820113564067048,0.003039519404516169,0.03095197814858403,1.0,low_vs_medium,1,1
0,ST166Q03HA,30,30,1.0,-0.11207099895977372,0.004265051726075056,0.03805669411054268,1.0,low_vs_medium,1,1
0,ST004D01T,30,18,0.6,-0.07641869755036286,0.0024572276450817855,0.03215479619320099,1.0,low_vs_medium,1,1
0,ST019AQ01T,30,30,1.0,-0.11012062942069227,0.005491125316320531,0.04986463794483832,1.0,low_vs_medium,1,1
0,missingindicator_ST011Q01TA,30,1,0.03333333333333333,0.08166257876080348,,,1.0,low_vs_medium,1,1
0,missingindicator_ST011Q03TA,30,4,0.13333333333333333,0.06646117121718853,0.00900449581744719,0.13548506071344105,1.0,low_vs_medium,1,1
0,missingindicator_ST011Q04TA,30,7,0.23333333333333334,0.07180070316566192,0.01538696780794945,0.21430107407789478,1.0,low_vs_medium,1,1
0,missingindicator_ST011Q05TA,30,1,0.03333333333333333,0.062435978120753376,,,1.0,low_vs_medium,1,1
0,missingindicator_ST011Q06TA,30,9,0.3,-0.09681038716518107,0.026651116898080366,0.2752919152426005,1.0,low_vs_medium,1,1
0,missingindicator_ST011Q07TA,30,1,0.03333333333333333,0.0741572566765995,,,1.0,low_vs_medium,1,1
0,missingindicator_ST011Q09TA,30,4,0.13333333333333333,0.0746687877118379,0.018334380784139424,0.24554276754693735,1.0,low_vs_medium,1,1
0,missingindicator_ST011Q10TA,30,3,0.1,0.06927186653209674,0.039049787493862724,0.5637178475011817,1.0,low_vs_medium,1,1
0,missingindicator_ST011Q12TA,30,19,0.6333333333333333,0.0845760402813894,0.02079604509285202,0.24588577360281197,1.0,low_vs_medium,1,1
0,missingindicator_ST012Q02TA,30,29,0.9666666666666667,0.11195134991826511,0.008534782980575131,0.07623653476984704,1.0,low_vs_medium,1,1
0,missingindicator_ST012Q03TA,30,27,0.9,0.0993152662027768,0.016862928054656463,0.16979190309198391,1.0,low_vs_medium,1,1
0,missingindicator_ST012Q06NA,30,5,0.16666666666666666,-0.07263787457690818,0.004695368739164188,0.0646407781961294,1.0,low_vs_medium,1,1
0,missingindicator_ST012Q09NA,30,28,0.9333333333333333,0.11733686355944603,0.02402440749686044,0.20474731272060143,1.0,low_vs_medium,1,1
0,missingindicator_ST013Q01TA,30,29,0.9666666666666667,0.11005619835736438,0.026617745882119178,0.2418559452298041,1.0,low_vs_medium,1,1
0,missingindicator_ST166Q03HA,30,4,0.13333333333333333,0.077704816431483,0.0027781971201908413,0.03575321643852726,1.0,low_vs_medium,1,1
0,missingindicator_ST166Q04HA,30,2,0.06666666666666667,0.07091427517926702,0.0021545151926426627,0.03038196734291055,1.0,low_vs_medium,1,1
0,missingindicator_ST166Q05HA,30,30,1.0,0.09053696695658182,0.008252653245894068,0.09115230522192923,1.0,low_vs_medium,1,1
0,missingindicator_ST019AQ01T,30,30,1.0,0.2394452505461862,0.01731721968041031,0.07232225170851747,1.0,low_vs_medium,1,1
0,missingindicator_ST019BQ01T,30,30,1.0,0.1093010356650375,0.009615201911608527,0.08796990671776567,1.0,low_vs_medium,1,1
0,missingindicator_ST019CQ01T,30,30,1.0,0.09350945457076888,0.010390447237140003,0.11111654200994626,1.0,low_vs_medium,1,1
1,ST011Q06TA,30,9,0.3,0.06961048700620026,0.009049911920246628,0.13000788113205622,1.0,low_vs_medium,1,1
1,ST012Q01TA,30,17,0.5666666666666667,-0.07443624448148194,0.0024633824361044213,0.033093857075463494,1.0,low_vs_medium,1,1
1,ST013Q01TA,30,30,1.0,-0.17298424658072056,0.0026708644459153066,0.01543992877217861,1.0,low_vs_medium,1,1
1,ST166Q02HA,30,30,1.0,0.09555028556438877,0.003134407608012699,0.03280374924573622,1.0,low_vs_medium,1,1
1,ST004D01T,30,23,0.7666666666666667,-0.07550377629036087,0.0024758283457263826,0.03279078832037779,1.0,low_vs_medium,1,1
1,ST019AQ01T,30,30,1.0,0.11026336721419065,0.006174915051917295,0.05600150991146765,1.0,low_vs_medium,1,1
1,missingindicator_ST011Q01TA,30,5,0.16666666666666666,0.06324396783175738,0.0369700575586428,0.5845625887514069,1.0,low_vs_medium,1,1
1,missingindicator_ST011Q03TA,30,3,0.1,0.0743905116341722,0.042585503025203315,0.5724588000499937,1.0,low_vs_medium,1,1
1,missingindicator_ST011Q04TA,30,9,0.3,0.0940592046228405,0.014302522045589254,0.15205871772932425,1.0,low_vs_medium,1,1
1,missingindicator_ST011Q06TA,30,9,0.3,-0.10068657401480496,0.02512950386050894,0.2495814770379802,1.0,low_vs_medium,1,1
1,missingindicator_ST011Q07TA,30,1,0.03333333333333333,0.07512938634561481,,,1.0,low_vs_medium,1,1
1,missingindicator_ST011Q09TA,30,9,0.3,0.07597138832213354,0.013012460947892638,0.17128107351042815,1.0,low_vs_medium,1,1
1,missingindicator_ST011Q10TA,30,6,0.2,0.08637367899546605,0.017647324992668748,0.20431368905329475,1.0,low_vs_medium,1,1
1,missingindicator_ST011Q12TA,30,22,0.7333333333333333,0.08443249865184103,0.019637438485341874,0.23258151539867622,1.0,low_vs_medium,1,1
1,missingindicator_ST012Q02TA,30,30,1.0,0.11110949285734033,0.010389990344581924,0.09351127502599811,1.0,low_vs_medium,1,1
1,missingindicator_ST012Q03TA,30,27,0.9,0.09948837091189222,0.019580982656798328,0.1968167985596972,1.0,low_vs_medium,1,1
1,missingindicator_ST012Q06NA,30,8,0.26666666666666666,-0.07989900709460251,0.015185374077002649,0.19005710620437083,1.0,low_vs_medium,1,1
1,missingindicator_ST012Q09NA,30,28,0.9333333333333333,0.1146397919242708,0.026064376079213285,0.227358892071533,1.0,low_vs_medium,1,1
1,missingindicator_ST013Q01TA,30,29,0.9666666666666667,0.11136934961362407,0.024209521332934823,0.21738046793777105,1.0,low_vs_medium,1,1
1,missingindicator_ST166Q03HA,30,4,0.13333333333333333,0.07446254832617313,0.002104116154045511,0.028257375034073703,1.0,low_vs_medium,1,1
1,missingindicator_ST166Q04HA,30,1,0.03333333333333333,0.07197419387150432,,,1.0,low_vs_medium,1,1
1,missingindicator_ST166Q05HA,30,30,1.0,0.09084098243889856,0.008115190070613405,0.08933401921398024,1.0,low_vs_medium,1,1
1,missingindicator_ST019AQ01T,30,30,1.0,0.2402621977535375,0.01575612595844436,0.06557888051372567,1.0,low_vs_medium,1,1
1,missingindicator_ST019BQ01T,30,30,1.0,0.10899104331718613,0.011847139399637427,0.10869828418065362,1.0,low_vs_medium,1,1
1,missingindicator_ST019CQ01T,30,30,1.0,0.09335126129371088,0.011095562426932378,0.11885819509200238,1.0,low_vs_medium,1,1
2,ST011Q06TA,30,7,0.23333333333333334,0.07929529291578181,0.010979178189233213,0.13845939381161013,1.0,low_vs_medium,1,1
2,ST012Q01TA,30,14,0.4666666666666667,-0.07303873996176409,0.0037124465031944556,0.05082845768064904,1.0,low_vs_medium,1,1
2,ST013Q01TA,30,30,1.0,0.135528503905752,0.004217908967207611,0.03112193262415699,1.0,low_vs_medium,1,1
2,ST166Q02HA,30,30,1.0,-0.09801932574576719,0.0037995931070515304,0.038763713973166254,1.0,low_vs_medium,1,1
2,ST004D01T,30,17,0.5666666666666667,0.07634303602083557,0.003697205800094771,0.048428854716830075,1.0,low_vs_medium,1,1
2,ST019AQ01T,30,30,1.0,-0.11138594347330494,0.0062055062083454186,0.05571175334015685,1.0,low_vs_medium,1,1
2,missingindicator_ST011Q01TA,30,9,0.3,0.07216576101190864,0.027676531145752546,0.38351332761786333,1.0,low_vs_medium,1,1
2,missingindicator_ST011Q02TA,30,2,0.06666666666666667,-0.0687622596363672,0.027339725459028897,0.3975978335151944,1.0,low_vs_medium,1,1
2,missingindicator_ST011Q03TA,30,4,0.13333333333333333,0.08679773878348328,0.016686744696556444,0.19224861074067245,1.0,low_vs_medium,1,1
2,missingindicator_ST011Q04TA,30,11,0.36666666666666664,0.0937273604848468,0.02273743255965011,0.24259119687176237,1.0,low_vs_medium,1,1
2,missingindicator_ST011Q05TA,30,2,0.06666666666666667,0.06737689660031679,0.006385291326962136,0.0947697452561523,1.0,low_vs_medium,1,1
2,missingindicator_ST011Q06TA,30,11,0.36666666666666664,-0.09503367388150026,0.034612527806640536,0.364213298223109,1.0,low_vs_medium,1,1
2,missingindicator_ST011Q07TA,30,3,0.1,0.08933043947640812,0.03069397807504326,0.3436004373755425,1.0,low_vs_medium,1,1
2,missingindicator_ST011Q09TA,30,12,0.4,0.09400118065050357,0.017969473295488536,0.19116220850777443,1.0,low_vs_medium,1,1
2,missingindicator_ST011Q10TA,30,4,0.13333333333333333,0.08743017028168276,0.032707092001762625,0.37409388425513557,1.0,low_vs_medium,1,1
2,missingindicator_ST011Q12TA,30,17,0.5666666666666667,0.09141452504721738,0.02385887843398849,0.26099658037565604,1.0,low_vs_medium,1,1
2,missingindicator_ST012Q01TA,30,1,0.03333333333333333,-0.055940711615285514,,,1.0,low_vs_medium,1,1
2,missingindicator_ST012Q02TA,30,30,1.0,0.11190539493942266,0.011349697548144928,0.10142225541752316,1.0,low_vs_medium,1,1
2,missingindicator_ST012Q03TA,30,27,0.9,0.09989764021449424,0.01829307540350412,0.18311819342505312,1.0,low_vs_medium,1,1
2,missingindicator_ST012Q06NA,30,6,0.2,-0.08677490112472132,0.015955261682524455,0.1838695460982664,1.0,low_vs_medium,1,1
2,missingindicator_ST012Q09NA,30,29,0.9666666666666667,0.1202084896674269,0.02894078050361162,0.24075487998959325,1.0,low_vs_medium,1,1
2,missingindicator_ST013Q01TA,30,28,0.9333333333333333,0.1074812442687657,0.031568279723933224,0.29370966012445987,1.0,low_vs_medium,1,1
2,missingindicator_ST166Q02HA,30,1,0.03333333333333333,0.07449161703807557,,,1.0,low_vs_medium,1,1
2,missingindicator_ST166Q03HA,30,7,0.23333333333333334,0.07473515651028914,0.002974884311526564,0.03980568785076402,1.0,low_vs_medium,1,1
2,missingindicator_ST166Q04HA,30,3,0.1,0.0760322574447687,0.0035873653909338256,0.0471821502017056,1.0,low_vs_medium,1,1
2,missingindicator_ST166Q05HA,30,27,0.9,0.09135794064648997,0.008489320809440332,0.09292373218316953,1.0,low_vs_medium,1,1
2,missingindicator_ST019AQ01T,30,30,1.0,0.23469911128478885,0.0172420493219143,0.0734644849208331,1.0,low_vs_medium,1,1
2,missingindicator_ST019BQ01T,30,30,1.0,0.10845879361504464,0.013384023558731514,0.12340192171264366,1.0,low_vs_medium,1,1
2,missingindicator_ST019CQ01T,30,28,0.9333333333333333,0.0939476787813605,0.011650841545960211,0.1240141501853878,1.0,low_vs_medium,1,1
3,ST011Q06TA,30,9,0.3,0.07169944991824019,0.008518522736931313,0.11880875999251173,1.0,low_vs_medium,1,1
3,ST012Q01TA,30,19,0.6333333333333333,-0.07401089104528688,0.002461906088481666,0.03326410550813715,1.0,low_vs_medium,1,1
3,ST013Q01TA,30,30,1.0,-0.1728999662385338,0.0026928340897393863,0.015574520622082349,1.0,low_vs_medium,1,1
3,ST166Q02HA,30,30,1.0,0.09540383349950829,0.0031883707605655544,0.033419734235123656,1.0,low_vs_medium,1,1
3,ST004D01T,30,23,0.7666666666666667,0.07526505089277265,0.002625490312664501,0.03488325964736197,1.0,low_vs_medium,1,1
3,ST019AQ01T,30,30,1.0,0.11030692516049048,0.005984425439328699,0.05425249077174158,1.0,low_vs_medium,1,1
3,missingindicator_ST011Q01TA,30,5,0.16666666666666666,0.04447794980537148,0.05879793518547798,1.3219569571612115,0.8,low_vs_medium,1,1
3,missingindicator_ST011Q03TA,30,2,0.06666666666666667,0.0972745135617736,0.0226056139379962,0.23238989443664132,1.0,low_vs_medium,1,1
3,missingindicator_ST011Q04TA,30,10,0.3333333333333333,0.09058567211034646,0.01562674491541849,0.17250790937868024,1.0,low_vs_medium,1,1
3,missingindicator_ST011Q06TA,30,8,0.26666666666666666,-0.10274194879220375,0.026177388457215737,0.25478773534031046,1.0,low_vs_medium,1,1
3,missingindicator_ST011Q07TA,30,1,0.03333333333333333,0.07515984544074077,,,1.0,low_vs_medium,1,1
3,missingindicator_ST011Q09TA,30,10,0.3333333333333333,0.07747765026583615,0.01226340364867152,0.158283112698877,1.0,low_vs_medium,1,1
3,missingindicator_ST011Q10TA,30,6,0.2,0.08621960348271072,0.017381258562614545,0.20159288445463497,1.0,low_vs_medium,1,1
3,missingindicator_ST011Q12TA,30,20,0.6666666666666666,0.08603885741576259,0.019332250976275292,0.22469209328125694,1.0,low_vs_medium,1,1
3,missingindicator_ST012Q02TA,30,30,1.0,0.11021302825941558,0.010106384071840233,0.09169863337800845,1.0,low_vs_medium,1,1
3,missingindicator_ST012Q03TA,30,28,0.9333333333333333,0.09831237004526215,0.018548662420831974,0.18867068724202593,1.0,low_vs_medium,1,1
3,missingindicator_ST012Q06NA,30,9,0.3,-0.07832724030821762,0.013854456115060011,0.17687915545782973,1.0,low_vs_medium,1,1
3,missingindicator_ST012Q09NA,30,26,0.8666666666666667,0.11770569997151838,0.02330480795781093,0.19799217848795828,1.0,low_vs_medium,1,1
3,missingindicator_ST013Q01TA,30,29,0.9666666666666667,0.1102362298788103,0.024745202317442764,0.22447431615401525,1.0,low_vs_medium,1,1
3,missingindicator_ST166Q03HA,30,4,0.13333333333333333,0.07572955369672092,0.005407280344396214,0.07140251170700282,1.0,low_vs_medium,1,1
3,missingindicator_ST166Q04HA,30,1,0.03333333333333333,0.0723733596467279,,,1.0,low_vs_medium,1,1
3,missingindicator_ST166Q05HA,30,30,1.0,0.09112107539335636,0.008502443712296815,0.09330929947427649,1.0,low_vs_medium,1,1
3,missingindicator_ST019AQ01T,30,30,1.0,0.24017042949711376,0.015104146649225079,0.06288928524985876,1.0,low_vs_medium,1,1
3,missingindicator_ST019BQ01T,30,30,1.0,0.10935988952038751,0.011574168300923886,0.10583558882222684,1.0,low_vs_medium,1,1
3,missingindicator_ST019CQ01T,30,30,1.0,0.09397318227444841,0.01116602538654579,0.11882140325880892,1.0,low_vs_medium,1,1
4,ST011Q06TA,30,10,0.3333333333333333,0.07680701079246346,0.011171730839980012,0.14545196753153966,1.0,low_vs_medium,1,1
4,ST012Q01TA,30,20,0.6666666666666666,-0.07399113052112273,0.0034953395293287844,0.04723998004505347,1.0,low_vs_medium,1,1
4,ST013Q01TA,30,30,1.0,0.13587009664287322,0.004411287754507212,0.032466950885462524,1.0,low_vs_medium,1,1
4,ST004D01T,30,24,0.8,-0.07631232130561656,0.003585179185630939,0.04698034503855501,1.0,low_vs_medium,1,1
4,ST019AQ01T,30,30,1.0,0.11125290517895643,0.007251471833241785,0.06518006717736848,1.0,low_vs_medium,1,1
4,missingindicator_ST011Q01TA,30,11,0.36666666666666664,0.06294809382915913,0.03840102084799756,0.6100426321441564,0.9090909090909091,low_vs_medium,1,1
4,missingindicator_ST011Q02TA,30,2,0.06666666666666667,-0.07799721786024479,0.04104806532637753,0.5262760192283698,1.0,low_vs_medium,1,1
4,missingindicator_ST011Q03TA,30,5,0.16666666666666666,0.09056925333234753,0.026576068168000355,0.2934336674994813,1.0,low_vs_medium,1,1
4,missingindicator_ST011Q04TA,30,10,0.3333333333333333,0.09887254140720778,0.0299689068824878,0.30310646875213304,1.0,low_vs_medium,1,1
4,missingindicator_ST011Q05TA,30,1,0.03333333333333333,0.07077037532717587,,,1.0,low_vs_medium,1,1
4,missingindicator_ST011Q06TA,30,10,0.3333333333333333,-0.09355104655251487,0.02263590090965237,0.24196309655334225,1.0,low_vs_medium,1,1
4,missingindicator_ST011Q07TA,30,3,0.1,0.09477052157448129,0.021592127717140377,0.22783590676105822,1.0,low_vs_medium,1,1
4,missingindicator_ST011Q09TA,30,12,0.4,0.08773329715743099,0.01773981326385617,0.20220160234059564,1.0,low_vs_medium,1,1
4,missingindicator_ST011Q10TA,30,8,0.26666666666666666,0.08028857760610128,0.023499268929038895,0.2926850821087798,1.0,low_vs_medium,1,1
4,missingindicator_ST011Q12TA,30,16,0.5333333333333333,0.09524932989129622,0.028157472827247287,0.29561859237626287,1.0,low_vs_medium,1,1
4,missingindicator_ST012Q02TA,30,30,1.0,0.10991711570471893,0.011321406561096281,0.10299948728194507,1.0,low_vs_medium,1,1
4,missingindicator_ST012Q03TA,30,27,0.9,0.10048144114093176,0.020142326580612824,0.20045817766847016,1.0,low_vs_medium,1,1
4,missingindicator_ST012Q05NA,30,1,0.03333333333333333,0.06957321386326948,,,1.0,low_vs_medium,1,1
4,missingindicator_ST012Q06NA,30,7,0.23333333333333334,-0.08642903861312302,0.014593533253279885,0.16884988526372505,1.0,low_vs_medium,1,1
4,missingindicator_ST012Q09NA,30,27,0.9,0.12018971371775246,0.028614907308181448,0.2380811670404613,1.0,low_vs_medium,1,1
4,missingindicator_ST013Q01TA,30,27,0.9,0.10898458958847579,0.02616261656135573,0.2400579445235825,1.0,low_vs_medium,1,1
4,missingindicator_ST166Q02HA,30,2,0.06666666666666667,0.07864329610634715,0.005871212953580934,0.07465624209902716,1.0,low_vs_medium,1,1
4,missingindicator_ST166Q03HA,30,12,0.4,0.07617358178766975,0.012312174172244172,0.1616331263844698,1.0,low_vs_medium,1,1
4,missingindicator_ST166Q04HA,30,9,0.3,0.07098150817095464,0.0078030099268183595,0.10993017939299465,1.0,low_vs_medium,1,1
4,missingindicator_ST166Q05HA,30,28,0.9333333333333333,0.09091708342064397,0.010453214706685284,0.11497525342208391,1.0,low_vs_medium,1,1
4,missingindicator_ST019AQ01T,30,30,1.0,0.23714541695676644,0.018661367809424616,0.07869166543002067,1.0,low_vs_medium,1,1
4,missingindicator_ST019BQ01T,30,30,1.0,0.10867232526935242,0.01616792091177449,0.14877680100891466,1.0,low_vs_medium,1,1
4,missingindicator_ST019CQ01T,30,28,0.9333333333333333,0.09442472088272716,0.012995457494320429,0.13762770355932977,1.0,low_vs_medium,1,1
5,ST011Q06TA,30,10,0.3333333333333333,0.07269759363906611,0.009758478307702153,0.1342338558845799,1.0,low_vs_medium,1,1
5,ST012Q01TA,30,12,0.4,-0.07352491218350445,0.003404044122556312,0.04629783323046281,1.0,low_vs_medium,1,1
5,ST013Q01TA,30,30,1.0,0.13572275382297708,0.00391732916459802,0.02886272975058688,1.0,low_vs_medium,1,1
5,ST166Q02HA,30,30,1.0,0.09573121895323013,0.0037646962229458056,0.039325689823139755,1.0,low_vs_medium,1,1
5,ST004D01T,30,21,0.7,0.07549044172643857,0.0031927459720971075,0.04229338044764588,1.0,low_vs_medium,1,1
5,ST019AQ01T,30,30,1.0,0.11154210003333448,0.006546183064637046,0.05868800267056755,1.0,low_vs_medium,1,1
5,missingindicator_ST011Q01TA,30,8,0.26666666666666666,0.06544010257631855,0.014581381234210317,0.22282026861441726,1.0,low_vs_medium,1,1
5,missingindicator_ST011Q02TA,30,2,0.06666666666666667,-0.009678524921349461,0.052377528963529284,5.411726413804219,0.5,low_vs_medium,1,1
5,missingindicator_ST011Q03TA,30,3,0.1,0.09176667651835456,0.015668974036353246,0.17074797334759356,1.0,low_vs_medium,1,1
5,missingindicator_ST011Q04TA,30,11,0.36666666666666664,0.0995208546148494,0.024052255092062047,0.2416805521329721,1.0,low_vs_medium,1,1
5,missingindicator_ST011Q05TA,30,1,0.03333333333333333,0.06055356906774176,,,1.0,low_vs_medium,1,1
5,missingindicator_ST011Q06TA,30,9,0.3,-0.09643062955953137,0.03766860769571267,0.39062907571766897,1.0,low_vs_medium,1,1
5,missingindicator_ST011Q07TA,30,3,0.1,0.08376420208994935,0.024694075819977356,0.294804644512221,1.0,low_vs_medium,1,1
5,missingindicator_ST011Q09TA,30,13,0.43333333333333335,0.08594202589590456,0.01819130448648054,0.21166948645723532,1.0,low_vs_medium,1,1
5,missingindicator_ST011Q10TA,30,5,0.16666666666666666,0.09080444505426417,0.024276550667862367,0.2673498048840544,1.0,low_vs_medium,1,1
5,missingindicator_ST011Q12TA,30,18,0.6,0.09309767042244256,0.02403268229688707,0.2581448299171795,1.0,low_vs_medium,1,1
5,missingindicator_ST012Q02TA,30,30,1.0,0.11238555483430754,0.011321710361558077,0.10073990717267821,1.0,low_vs_medium,1,1
5,missingindicator_ST012Q03TA,30,27,0.9,0.09995457278908286,0.02073918982629153,0.20748615343546029,1.0,low_vs_medium,1,1
5,missingindicator_ST012Q06NA,30,4,0.13333333333333333,-0.08766038922322313,0.018467296506709276,0.2106686574215768,1.0,low_vs_medium,1,1
5,missingindicator_ST012Q09NA,30,27,0.9,0.1215515743340199,0.030103514167680426,0.2476604217807736,1.0,low_vs_medium,1,1
5,missingindicator_ST013Q01TA,30,28,0.9333333333333333,0.10869420392122582,0.030036893220484872,0.2763430996031175,1.0,low_vs_medium,1,1
5,missingindicator_ST166Q02HA,30,1,0.03333333333333333,0.08566554826929908,,,1.0,low_vs_medium,1,1
5,missingindicator_ST166Q03HA,30,7,0.23333333333333334,0.07217677772576987,0.01032462046185399,0.14304629254968396,1.0,low_vs_medium,1,1
5,missingindicator_ST166Q04HA,30,3,0.1,0.07159628382932383,0.0018645777745602615,0.02604294070632452,1.0,low_vs_medium,1,1
5,missingindicator_ST166Q05HA,30,28,0.9333333333333333,0.09218624779643327,0.007934185839228234,0.086066913762979,1.0,low_vs_medium,1,1
5,missingindicator_ST019AQ01T,30,30,1.0,0.237736877878102,0.016913710730393477,0.07114466582280041,1.0,low_vs_medium,1,1
5,missingindicator_ST019BQ01T,30,30,1.0,0.10906320685175062,0.013891392602853348,0.12737010953415195,1.0,low_vs_medium,1,1
5,missingindicator_ST019CQ01T,30,29,0.9666666666666667,0.09318188749247498,0.011583663314843631,0.12431239188816694,1.0,low_vs_medium,1,1
0,ST011Q01TA,30,1,0.03333333333333333,-0.014323401256087763,,,1.0,medium_vs_high,1,1
0,ST011Q04TA,30,30,1.0,0.035269941874806934,0.002691245483516104,0.07630422224875968,1.0,medium_vs_high,1,1
0,ST011Q12TA,30,2,0.06666666666666667,0.015604159528317528,0.0005620386095820086,0.03601851215133076,1.0,medium_vs_high,1,1
0,ST012Q03TA,30,15,0.5,-0.015890127929455697,0.001286789654468999,0.08098044648738563,1.0,medium_vs_high,1,1
0,ST012Q06NA,30,30,1.0,-0.019990059869627326,0.0012464547968753044,0.062353730054063215,1.0,medium_vs_high,1,1
0,ST013Q01TA,30,30,1.0,-0.07200138167825773,0.0009479327554092711,0.013165480068773716,1.0,medium_vs_high,1,1
0,ST166Q02HA,30,7,0.23333333333333334,-0.014981615476785188,0.0010627534511221022,0.07093717314857635,1.0,medium_vs_high,1,1
0,ST166Q04HA,30,11,0.36666666666666664,-0.014604627890031753,0.0008227901741797454,0.05633763354842699,1.0,medium_vs_high,1,1
0,ST166Q05HA,30,30,1.0,-0.0608070039773534,0.0013444296942187962,0.022109783516377615,1.0,medium_vs_high,1,1
0,ST019AQ01T,30,5,0.16666666666666666,0.015828596502304303,0.0010157288062735003,0.06417049080287264,1.0,medium_vs_high,1,1
0,missingindicator_ST011Q01TA,30,15,0.5,-0.0028625418240832727,0.026990178939230437,9.428745708501229,0.5333333333333333,medium_vs_high,1,1
0,missingindicator_ST011Q02TA,30,14,0.4666666666666667,0.0014669625899055648,0.020889796047930995,14.240169580108903,0.5,medium_vs_high,1,1
0,missingindicator_ST011Q03TA,30,18,0.6,-0.03381782056764407,0.02339624610206438,0.6918318717572606,0.9444444444444444,medium_vs_high,1,1
0,missingindicator_ST011Q04TA,30,12,0.4,-0.01305283656769044,0.025266797117443694,1.9357322821298746,0.75,medium_vs_high,1,1
0,missingindicator_ST011Q05TA,30,3,0.1,0.01716755979790628,0.0014521368598481065,0.08458609592408153,1.0,medium_vs_high,1,1
0,missingindicator_ST011Q06TA,30,11,0.36666666666666664,0.007996761928554579,0.02473358360988599,3.0929498503098,0.7272727272727273,medium_vs_high,1,1
0,missingindicator_ST011Q07TA,30,8,0.26666666666666666,-0.012769369692409133,0.0174081104582997,1.3632709270409886,0.75,medium_vs_high,1,1
0,missingindicator_ST011Q08TA,30,1,0.03333333333333333,0.024111118319839316,,,1.0,medium_vs_high,1,1
0,missingindicator_ST011Q09TA,30,5,0.16666666666666666,-0.0010071618751757716,0.026235183207726342,26.048626198393116,0.6,medium_vs_high,1,1
0,missingindicator_ST011Q10TA,30,4,0.13333333333333333,0.01752869821626469,0.0045724552263056014,0.26085537955481886,1.0,medium_vs_high,1,1
0,missingindicator_ST011Q11TA,30,26,0.8666666666666667,-0.023481584406231173,0.00569418970998988,0.24249597520680272,1.0,medium_vs_high,1,1
0,missingindicator_ST011Q12TA,30,9,0.3,-0.024066650743439756,0.018654240494662598,0.775107458595895,0.8888888888888888,medium_vs_high,1,1
0,missingindicator_ST011Q16NA,30,1,0.03333333333333333,-0.01612670070936207,,,1.0,medium_vs_high,1,1
0,missingindicator_ST012Q01TA,30,7,0.23333333333333334,-0.011888561914008706,0.013694453319247187,1.1519015855997297,0.8571428571428571,medium_vs_high,1,1
0,missingindicator_ST012Q02TA,30,2,0.06666666666666667,0.01608217491847647,0.004624599061441762,0.2875605497940865,1.0,medium_vs_high,1,1
0,missingindicator_ST012Q03TA,30,6,0.2,0.01627704438820349,0.0025553278482372418,0.1569896712998566,1.0,medium_vs_high,1,1
0,missingindicator_ST012Q05NA,30,6,0.2,0.006804932359345168,0.019748529666210768,2.9020905166074495,0.5,medium_vs_high,1,1
0,missingindicator_ST012Q06NA,30,7,0.23333333333333334,-0.009012429075906377,0.0191762580577755,2.127756889542784,0.7142857142857143,medium_vs_high,1,1
0,missingindicator_ST012Q08NA,30,3,0.1,0.01337194988233765,0.0029020149392125064,0.21702257073559894,1.0,medium_vs_high,1,1
0,missingindicator_ST012Q09NA,30,9,0.3,-0.009127714608718474,0.02012650627755725,2.2049885585087328,0.5555555555555556,medium_vs_high,1,1
0,missingindicator_ST013Q01TA,30,9,0.3,-0.005756506833421107,0.019964072808798944,3.468088093440904,0.6666666666666666,medium_vs_high,1,1
0,missingindicator_ST166Q01HA,30,2,0.06666666666666667,-0.01925524145859419,0.0015151812251664996,0.07868928719614829,1.0,medium_vs_high,1,1
0,missingindicator_ST166Q03HA,30,30,1.0,0.03124357905451675,0.005803622976524706,0.1857541021916214,1.0,medium_vs_high,1,1
0,missingindicator_ST166Q04HA,30,2,0.06666666666666667,0.015257101049564698,0.0005009872026364913,0.03283632985119313,1.0,medium_vs_high,1,1
0,missingindicator_ST166Q05HA,30,11,0.36666666666666664,0.019653661190233016,0.0030540896646807578,0.15539545711709443,1.0,medium_vs_high,1,1
0,missingindicator_ST019AQ01T,30,8,0.26666666666666666,-0.0024318266319294513,0.020333339028576237,8.36134400438054,0.625,medium_vs_high,1,1
0,missingindicator_ST019BQ01T,30,30,1.0,0.03261710832193875,0.005878660616558136,0.18023242767367154,1.0,medium_vs_high,1,1
0,missingindicator_ST019CQ01T,30,30,1.0,0.03275246885675967,0.005458187320082512,0.16664964537340568,1.0,medium_vs_high,1,1
1,ST011Q01TA,30,1,0.03333333333333333,0.011793758288092508,,,1.0,medium_vs_high,1,1
1,ST011Q04TA,30,30,1.0,0.03499605166070286,0.0031247361893896085,0.08928824941981615,1.0,medium_vs_high,1,1
1,ST011Q09TA,30,1,0.03333333333333333,0.011144998455023633,,,1.0,medium_vs_high,1,1
1,ST012Q01TA,30,3,0.1,0.013509196848013612,0.0007737150150162564,0.05727320607738595,1.0,medium_vs_high,1,1
1,ST012Q03TA,30,13,0.43333333333333335,-0.015624677095866256,0.0012419193166556802,0.07948447888143868,1.0,medium_vs_high,1,1
1,ST012Q06NA,30,29,0.9666666666666667,-0.019840613351133237,0.0014940057865497239,0.07530038311362944,1.0,medium_vs_high,1,1
1,ST013Q01TA,30,30,1.0,-0.07225740472809702,0.0011730527966052429,0.016234361046032778,1.0,medium_vs_high,1,1
1,ST166Q03HA,30,30,1.0,-0.06302183917738045,0.001504461993835455,0.023872073767968207,1.0,medium_vs_high,1,1
1,ST166Q05HA,30,30,1.0,0.03182225282414415,0.0014415720559940318,0.045300754285387476,1.0,medium_vs_high,1,1
1,ST019AQ01T,30,8,0.26666666666666666,0.01484246217882906,0.0020195856558293582,0.13606810187531068,1.0,medium_vs_high,1,1
1,missingindicator_ST011Q01TA,30,18,0.6,0.006436651912332511,0.024402566653206656,3.7911894235653434,0.6111111111111112,medium_vs_high,1,1
1,missingindicator_ST011Q02TA,30,13,0.43333333333333335,0.004502972828609954,0.02207782810570779,4.90294499789889,0.5384615384615384,medium_vs_high,1,1
1,missingindicator_ST011Q03TA,30,19,0.6333333333333333,-0.03322985214134055,0.02542809867262672,0.765218531953447,0.9473684210526315,medium_vs_high,1,1
1,missingindicator_ST011Q04TA,30,13,0.43333333333333335,-0.019635579210252326,0.019561874313819852,0.996246359954893,0.8461538461538461,medium_vs_high,1,1
1,missingindicator_ST011Q05TA,30,3,0.1,0.015512733504362858,0.002251157483624773,0.14511675089317105,1.0,medium_vs_high,1,1
1,missingindicator_ST011Q06TA,30,11,0.36666666666666664,0.008197755091930338,0.020521142089235455,2.5032636202362215,0.7272727272727273,medium_vs_high,1,1
1,missingindicator_ST011Q07TA,30,6,0.2,-0.014591114798201257,0.016492631147702882,1.1303201555055984,0.8333333333333334,medium_vs_high,1,1
1,missingindicator_ST011Q08TA,30,3,0.1,0.0066066769096026455,0.021796186365733862,3.299114920248882,0.6666666666666666,medium_vs_high,1,1
1,missingindicator_ST011Q09TA,30,7,0.23333333333333334,-0.0017502346500003897,0.02062119040799914,11.781957583798576,0.5714285714285714,medium_vs_high,1,1
1,missingindicator_ST011Q10TA,30,4,0.13333333333333333,0.017120392175904955,0.0055624651091820175,0.3249029024586579,1.0,medium_vs_high,1,1
1,missingindicator_ST011Q11TA,30,26,0.8666666666666667,-0.023401395949015656,0.005067372267316356,0.21654145241406025,1.0,medium_vs_high,1,1
1,missingindicator_ST011Q12TA,30,9,0.3,-0.025002904328151852,0.020627522647455942,0.8250050624811023,0.8888888888888888,medium_vs_high,1,1
1,missingindicator_ST012Q01TA,30,5,0.16666666666666666,0.005789879866857385,0.026131669270783937,4.513335314669942,0.6,medium_vs_high,1,1
1,missingindicator_ST012Q02TA,30,1,0.03333333333333333,0.014385333256850704,,,1.0,medium_vs_high,1,1
1,missingindicator_ST012Q03TA,30,5,0.16666666666666666,-0.017305218369764584,0.003307147333914736,0.19110694030263922,1.0,medium_vs_high,1,1
1,missingindicator_ST012Q05NA,30,1,0.03333333333333333,0.023364035184644142,,,1.0,medium_vs_high,1,1
1,missingindicator_ST012Q06NA,30,3,0.1,-0.01680708197662952,0.004276172720966601,0.25442683785993775,1.0,medium_vs_high,1,1
1,missingindicator_ST012Q07NA,30,1,0.03333333333333333,-0.013182331291030726,,,1.0,medium_vs_high,1,1
1,missingindicator_ST012Q08NA,30,6,0.2,0.01640975280090038,0.0028111357347258325,0.1713088410796529,1.0,medium_vs_high,1,1
1,missingindicator_ST012Q09NA,30,8,0.26666666666666666,-0.011708053460666784,0.022058246882971203,1.884023416623088,0.625,medium_vs_high,1,1
1,missingindicator_ST013Q01TA,30,9,0.3,-0.008470045286677524,0.021585880558366553,2.5484964752572026,0.6666666666666666,medium_vs_high,1,1
1,missingindicator_ST166Q01HA,30,1,0.03333333333333333,-0.018100201305121463,,,1.0,medium_vs_high,1,1
1,missingindicator_ST166Q03HA,30,30,1.0,0.03098842854049939,0.004633389640990248,0.1495199937271675,1.0,medium_vs_high,1,1
1,missingindicator_ST166Q04HA,30,2,0.06666666666666667,0.011703982550689697,0.0026313397179847917,0.22482430288908206,1.0,medium_vs_high,1,1
1,missingindicator_ST166Q05HA,30,7,0.23333333333333334,0.022163449485017982,0.0034282086435638184,0.15467847845080315,1.0,medium_vs_high,1,1
1,missingindicator_ST019AQ01T,30,5,0.16666666666666666,-0.018418837469355204,0.004738790834953261,0.25727958362396874,1.0,medium_vs_high,1,1
1,missingindicator_ST019BQ01T,30,30,1.0,0.032685263293137076,0.006513549380289835,0.19928092124800123,1.0,medium_vs_high,1,1
1,missingindicator_ST019CQ01T,30,29,0.9666666666666667,0.03274713370485953,0.004492428540816317,0.13718539708865146,1.0,medium_vs_high,1,1
2,ST011Q04TA,30,30,1.0,0.035012137257619605,0.0027432187886344012,0.0783505093804978,1.0,medium_vs_high,1,1
2,ST011Q06TA,30,1,0.03333333333333333,0.014525089257304164,,,1.0,medium_vs_high,1,1
2,ST012Q01TA,30,3,0.1,-0.014233759267046502,0.0008357827411432404,0.05871834175797923,1.0,medium_vs_high,1,1
2,ST012Q03TA,30,15,0.5,-0.015862878136211636,0.0013846180157950977,0.08728668302849178,1.0,medium_vs_high,1,1
2,ST012Q06NA,30,30,1.0,0.019842814167558242,0.0016010368654559997,0.08068597790295264,1.0,medium_vs_high,1,1
2,ST013Q01TA,30,30,1.0,-0.07252555957299131,0.000925811509371325,0.012765313564241694,1.0,medium_vs_high,1,1
2,ST166Q03HA,30,30,1.0,0.03696720240544877,0.0013119830213567199,0.03549046008316119,1.0,medium_vs_high,1,1
2,ST166Q05HA,30,30,1.0,0.03196518172609838,0.0015196915691112933,0.04754209070773159,1.0,medium_vs_high,1,1
2,ST019AQ01T,30,7,0.23333333333333334,0.015487100842594486,0.00242371132643416,0.1564987114804714,1.0,medium_vs_high,1,1
2,missingindicator_ST011Q01TA,30,15,0.5,0.00920711475551023,0.025810452657623315,2.8033160597000704,0.7333333333333333,medium_vs_high,1,1
2,missingindicator_ST011Q02TA,30,12,0.4,0.002495473909508489,0.026304148369050605,10.540742689724812,0.5,medium_vs_high,1,1
2,missingindicator_ST011Q03TA,30,15,0.5,-0.035057237456486444,0.028427539841984758,0.8108893314046618,0.9333333333333333,medium_vs_high,1,1
2,missingindicator_ST011Q04TA,30,13,0.43333333333333335,-0.019411275056507735,0.024048637055762986,1.238900432133156,0.7692307692307693,medium_vs_high,1,1
2,missingindicator_ST011Q05TA,30,7,0.23333333333333334,0.015664303603204664,0.0027795972443931884,0.17744786584859906,1.0,medium_vs_high,1,1
2,missingindicator_ST011Q06TA,30,11,0.36666666666666664,0.006968888128722885,0.020483782972310155,2.939318668050423,0.7272727272727273,medium_vs_high,1,1
2,missingindicator_ST011Q07TA,30,5,0.16666666666666666,-0.022383703670477487,0.012086051335424189,0.5399486837991351,1.0,medium_vs_high,1,1
2,missingindicator_ST011Q08TA,30,3,0.1,0.010708233250631851,0.018316943491363577,1.7105476751062334,0.6666666666666666,medium_vs_high,1,1
2,missingindicator_ST011Q09TA,30,7,0.23333333333333334,0.008090901133133507,0.01952052445852337,2.4126514633312928,0.7142857142857143,medium_vs_high,1,1
2,missingindicator_ST011Q10TA,30,3,0.1,0.023454607279196942,0.006467604428580113,0.27574984955371873,1.0,medium_vs_high,1,1
2,missingindicator_ST011Q11TA,30,27,0.9,-0.023641482588750432,0.005949876395364016,0.25167103514037675,1.0,medium_vs_high,1,1
2,missingindicator_ST011Q12TA,30,11,0.36666666666666664,-0.023568266347861796,0.020707589365059446,0.8786216626806799,0.9090909090909091,medium_vs_high,1,1
2,missingindicator_ST011Q16NA,30,1,0.03333333333333333,-0.01340746021164808,,,1.0,medium_vs_high,1,1
2,missingindicator_ST012Q01TA,30,5,0.16666666666666666,-0.0022031610256157464,0.023902441779784216,10.849157869930949,0.6,medium_vs_high,1,1
2,missingindicator_ST012Q02TA,30,1,0.03333333333333333,0.016897442984057105,,,1.0,medium_vs_high,1,1
2,missingindicator_ST012Q03TA,30,4,0.13333333333333333,0.016089419563869552,0.0038009490425716837,0.23623904066167223,1.0,medium_vs_high,1,1
2,missingindicator_ST012Q05NA,30,3,0.1,0.015130001724716418,0.002191090634938269,0.14481760642227137,1.0,medium_vs_high,1,1
2,missingindicator_ST012Q06NA,30,3,0.1,-0.007151709270218205,0.021808201622048228,3.049369150513978,0.6666666666666666,medium_vs_high,1,1
2,missingindicator_ST012Q08NA,30,5,0.16666666666666666,0.016979958091106494,0.004125410479937993,0.24295763616158386,1.0,medium_vs_high,1,1
2,missingindicator_ST012Q09NA,30,6,0.2,-0.025912276791260885,0.012390778287245425,0.47818176639052845,1.0,medium_vs_high,1,1
2,missingindicator_ST013Q01TA,30,9,0.3,-0.007517382608952509,0.022826078917068494,3.0364396897777612,0.5555555555555556,medium_vs_high,1,1
2,missingindicator_ST166Q01HA,30,2,0.06666666666666667,-0.020093594259332347,0.0008709238463323807,0.043343357842904856,1.0,medium_vs_high,1,1
2,missingindicator_ST166Q03HA,30,30,1.0,0.03149676155212705,0.004564964511616477,0.144934408702986,1.0,medium_vs_high,1,1
2,missingindicator_ST166Q04HA,30,1,0.03333333333333333,0.013457228037430222,,,1.0,medium_vs_high,1,1
2,missingindicator_ST166Q05HA,30,10,0.3333333333333333,0.020921267368679015,0.0035454152386730797,0.16946464935393346,1.0,medium_vs_high,1,1
2,missingindicator_ST019AQ01T,30,6,0.2,0.001941414804437559,0.01856782523626725,9.564069045845395,0.5,medium_vs_high,1,1
2,missingindicator_ST019BQ01T,30,29,0.9666666666666667,0.033404316303969867,0.006253186787034745,0.18719696970093647,1.0,medium_vs_high,1,1
2,missingindicator_ST019CQ01T,30,30,1.0,0.031930246952373086,0.005503531573846016,0.1723610713708241,1.0,medium_vs_high,1,1
3,ST011Q04TA,30,30,1.0,0.03413507335665331,0.0037685231373057195,0.11040032338384273,1.0,medium_vs_high,1,1
3,ST011Q06TA,30,1,0.03333333333333333,-0.016359839572787027,,,1.0,medium_vs_high,1,1
3,ST012Q01TA,30,1,0.03333333333333333,-0.015439155279298896,,,1.0,medium_vs_high,1,1
3,ST012Q03TA,30,6,0.2,-0.015657460285309406,0.0019210345916569603,0.12269132775379726,1.0,medium_vs_high,1,1
3,ST012Q06NA,30,24,0.8,-0.02034788085443143,0.0018677684083909447,0.09179179010104022,1.0,medium_vs_high,1,1
3,ST013Q01TA,30,30,1.0,0.04589255981334899,0.0019634800224761543,0.04278427767947316,1.0,medium_vs_high,1,1
3,ST166Q03HA,30,30,1.0,0.03715813907583662,0.0016606312386017177,0.044690915097026516,1.0,medium_vs_high,1,1
3,ST166Q05HA,30,30,1.0,0.03173527485596762,0.0018821648020969231,0.05930828740697023,1.0,medium_vs_high,1,1
3,ST019AQ01T,30,3,0.1,0.016125773089442304,0.001688484631257713,0.10470720516110821,1.0,medium_vs_high,1,1
3,missingindicator_ST011Q01TA,30,14,0.4666666666666667,0.011293491416312154,0.033872749735773915,2.9993160208054532,0.7857142857142857,medium_vs_high,1,1
3,missingindicator_ST011Q02TA,30,12,0.4,0.013622655913909721,0.02769907524723938,2.0333094678664394,0.75,medium_vs_high,1,1
3,missingindicator_ST011Q03TA,30,18,0.6,-0.031912550090118674,0.026247233269159537,0.8224737037635443,0.8888888888888888,medium_vs_high,1,1
3,missingindicator_ST011Q04TA,30,20,0.6666666666666666,-0.007364076330604828,0.025054002577154625,3.4021921354930993,0.55,medium_vs_high,1,1
3,missingindicator_ST011Q05TA,30,5,0.16666666666666666,0.01844510490139653,0.00660781946429739,0.3582424442485601,1.0,medium_vs_high,1,1
3,missingindicator_ST011Q06TA,30,11,0.36666666666666664,-0.0010991698451534894,0.02905337073473938,26.432103157526424,0.5454545454545454,medium_vs_high,1,1
3,missingindicator_ST011Q07TA,30,9,0.3,-0.020305258041389447,0.019376608211008926,0.9542655489288736,0.8888888888888888,medium_vs_high,1,1
3,missingindicator_ST011Q08TA,30,4,0.13333333333333333,0.004102256987505899,0.02260870189838168,5.511283658542166,0.5,medium_vs_high,1,1
3,missingindicator_ST011Q09TA,30,8,0.26666666666666666,-0.005061219102902465,0.025598613590833926,5.0577959717558665,0.625,medium_vs_high,1,1
3,missingindicator_ST011Q10TA,30,6,0.2,0.015577859695200716,0.018155171598556372,1.165447112362277,0.8333333333333334,medium_vs_high,1,1
3,missingindicator_ST011Q11TA,30,22,0.7333333333333333,-0.024372499269218684,0.007167088372126665,0.29406456403830356,1.0,medium_vs_high,1,1
3,missingindicator_ST011Q12TA,30,12,0.4,-0.012344123450066961,0.03188865350207995,2.5833064316856755,0.5833333333333334,medium_vs_high,1,1
3,missingindicator_ST011Q16NA,30,4,0.13333333333333333,-0.0097296966672137,0.018013443864353242,1.851388021689659,0.75,medium_vs_high,1,1
3,missingindicator_ST012Q01TA,30,6,0.2,-0.002742814405780112,0.02954706640837478,10.772535810701708,0.6666666666666666,medium_vs_high,1,1
3,missingindicator_ST012Q02TA,30,3,0.1,0.017547979696500585,0.0003855247456506128,0.02196975106641445,1.0,medium_vs_high,1,1
3,missingindicator_ST012Q03TA,30,4,0.13333333333333333,0.016421839992057676,0.005606195763789769,0.34138657827022867,1.0,medium_vs_high,1,1
3,missingindicator_ST012Q05NA,30,3,0.1,0.0051872316772226005,0.025012771565997946,4.821988513802132,0.6666666666666666,medium_vs_high,1,1
3,missingindicator_ST012Q06NA,30,5,0.16666666666666666,-0.006226427831763126,0.02061443511729215,3.310796442886707,0.6,medium_vs_high,1,1
3,missingindicator_ST012Q07NA,30,5,0.16666666666666666,-0.005731331786881067,0.019339731305174572,3.3743869704844043,0.6,medium_vs_high,1,1
3,missingindicator_ST012Q08NA,30,7,0.23333333333333334,0.00659421855623514,0.021498084305177287,3.2601413073956804,0.7142857142857143,medium_vs_high,1,1
3,missingindicator_ST012Q09NA,30,7,0.23333333333333334,-0.02163104928705348,0.02003849943466493,0.9263766712721737,0.8571428571428571,medium_vs_high,1,1
3,missingindicator_ST013Q01TA,30,8,0.26666666666666666,-0.004947660558532776,0.0294392832635011,5.950142075274317,0.5,medium_vs_high,1,1
3,missingindicator_ST166Q03HA,30,30,1.0,0.03141340277746627,0.005595056855163608,0.17811049935593418,1.0,medium_vs_high,1,1
3,missingindicator_ST166Q04HA,30,1,0.03333333333333333,0.01482215966510393,,,1.0,medium_vs_high,1,1
3,missingindicator_ST166Q05HA,30,9,0.3,0.02034467988724412,0.004779099977823671,0.23490661953448144,1.0,medium_vs_high,1,1
3,missingindicator_ST019AQ01T,30,6,0.2,-0.002187220516272813,0.025635292940435057,11.72048851485698,0.5,medium_vs_high,1,1
3,missingindicator_ST019BQ01T,30,26,0.8666666666666667,0.03373681207777221,0.006409933279237575,0.18999819142546712,1.0,medium_vs_high,1,1
3,missingindicator_ST019CQ01T,30,30,1.0,0.03202238431498552,0.006741139667701983,0.21051335844930608,1.0,medium_vs_high,1,1
4,ST011Q04TA,30,30,1.0,0.0341315046369568,0.003791192311938225,0.11107603817246339,1.0,medium_vs_high,1,1
4,ST012Q01TA,30,1,0.03333333333333333,0.015454072609621852,,,1.0,medium_vs_high,1,1
4,ST012Q03TA,30,5,0.16666666666666666,0.01704993974995152,0.001402568734874299,0.0822623865798873,1.0,medium_vs_high,1,1
4,ST012Q06NA,30,25,0.8333333333333334,-0.02036879341035847,0.0017825297998105515,0.08751278310398362,1.0,medium_vs_high,1,1
4,ST013Q01TA,30,30,1.0,0.04602412727104637,0.0019385625769257956,0.04212057222745729,1.0,medium_vs_high,1,1
4,ST166Q02HA,30,1,0.03333333333333333,-0.016608653043646913,,,1.0,medium_vs_high,1,1
4,ST166Q03HA,30,30,1.0,0.0372057457000317,0.001702778911523322,0.04576655781211425,1.0,medium_vs_high,1,1
4,ST166Q04HA,30,1,0.03333333333333333,0.01392209625658586,,,1.0,medium_vs_high,1,1
4,ST166Q05HA,30,30,1.0,0.03180757668788981,0.0019358457568418152,0.060861151914752915,1.0,medium_vs_high,1,1
4,ST019AQ01T,30,2,0.06666666666666667,0.016610015882841167,0.0021631211161083465,0.13022992460488494,1.0,medium_vs_high,1,1
4,missingindicator_ST011Q01TA,30,12,0.4,0.010641486521854258,0.03636412036174345,3.41720306529196,0.75,medium_vs_high,1,1
4,missingindicator_ST011Q02TA,30,11,0.36666666666666664,0.015040050181593224,0.02625084254945889,1.74539594166953,0.8181818181818182,medium_vs_high,1,1
4,missingindicator_ST011Q03TA,30,18,0.6,-0.03176537328525415,0.0271603518753813,0.8550301497004427,0.8888888888888888,medium_vs_high,1,1
4,missingindicator_ST011Q04TA,30,18,0.6,-0.007440798882858644,0.02665242747560952,3.5819309048936496,0.5555555555555556,medium_vs_high,1,1
4,missingindicator_ST011Q05TA,30,4,0.13333333333333333,0.02014555247943793,0.006590698357328533,0.32715401397184296,1.0,medium_vs_high,1,1
4,missingindicator_ST011Q06TA,30,9,0.3,-0.0016328505391495797,0.03144082170378767,19.255174279553263,0.5555555555555556,medium_vs_high,1,1
4,missingindicator_ST011Q07TA,30,8,0.26666666666666666,-0.0203223632024484,0.02013324085103112,0.9906938799620265,0.875,medium_vs_high,1,1
4,missingindicator_ST011Q08TA,30,5,0.16666666666666666,0.010763569355581804,0.01792512345711191,1.6653512292199097,0.8,medium_vs_high,1,1
4,missingindicator_ST011Q09TA,30,10,0.3333333333333333,-0.004311210140746494,0.02455499804252211,5.6956161358143325,0.6,medium_vs_high,1,1
4,missingindicator_ST011Q10TA,30,9,0.3,0.01609588484948746,0.015190686600610325,0.9437621319149808,0.8888888888888888,medium_vs_high,1,1
4,missingindicator_ST011Q11TA,30,22,0.7333333333333333,-0.02498780274929986,0.006585360811823366,0.26354301248067447,1.0,medium_vs_high,1,1
4,missingindicator_ST011Q12TA,30,14,0.4666666666666667,-0.015790698929960236,0.027453395400505967,1.738580130130763,0.7142857142857143,medium_vs_high,1,1
4,missingindicator_ST011Q16NA,30,3,0.1,-0.018892338646291917,0.0011320798884314183,0.059922697217457334,1.0,medium_vs_high,1,1
4,missingindicator_ST012Q01TA,30,7,0.23333333333333334,-0.0047081212805379575,0.027533384059020498,5.848061767829925,0.7142857142857143,medium_vs_high,1,1
4,missingindicator_ST012Q02TA,30,4,0.13333333333333333,0.016366156804714184,0.002506564928597241,0.15315537780227295,1.0,medium_vs_high,1,1
4,missingindicator_ST012Q03TA,30,2,0.06666666666666667,0.020371547449539923,0.004676664940131385,0.22956846806632766,1.0,medium_vs_high,1,1
4,missingindicator_ST012Q05NA,30,3,0.1,0.00553482456822457,0.025169896713609637,4.547550948246856,0.6666666666666666,medium_vs_high,1,1
4,missingindicator_ST012Q06NA,30,5,0.16666666666666666,-0.013046622959433544,0.01685366169250817,1.291802617804778,0.8,medium_vs_high,1,1
4,missingindicator_ST012Q07NA,30,3,0.1,-0.007261701265810181,0.02228378740111022,3.0686731091552333,0.6666666666666666,medium_vs_high,1,1
4,missingindicator_ST012Q08NA,30,6,0.2,0.0106555239815886,0.020541163498359365,1.9277478549015423,0.8333333333333334,medium_vs_high,1,1
4,missingindicator_ST012Q09NA,30,9,0.3,-0.017373250347748195,0.020852432513989383,1.2002608663664447,0.7777777777777778,medium_vs_high,1,1
4,missingindicator_ST013Q01TA,30,9,0.3,-0.0026254727384670937,0.027923766565748697,10.635709964389973,0.5555555555555556,medium_vs_high,1,1
4,missingindicator_ST166Q01HA,30,1,0.03333333333333333,-0.018919860079557798,,,1.0,medium_vs_high,1,1
4,missingindicator_ST166Q03HA,30,30,1.0,0.031631254454562524,0.005620161925129124,0.1776774908880816,1.0,medium_vs_high,1,1
4,missingindicator_ST166Q04HA,30,1,0.03333333333333333,0.014867769510956029,,,1.0,medium_vs_high,1,1
4,missingindicator_ST166Q05HA,30,9,0.3,0.021752773740901503,0.0032125158341456844,0.147683043661932,1.0,medium_vs_high,1,1
4,missingindicator_ST019AQ01T,30,7,0.23333333333333334,-0.004238972429617927,0.02448801415981839,5.776875072062118,0.5714285714285714,medium_vs_high,1,1
4,missingindicator_ST019BQ01T,30,28,0.9333333333333333,0.03256647438803189,0.007703093140895286,0.236534451015863,1.0,medium_vs_high,1,1
4,missingindicator_ST019CQ01T,30,28,0.9333333333333333,0.03280919824093798,0.006063798658304972,0.18482008044740364,1.0,medium_vs_high,1,1
5,ST011Q04TA,30,30,1.0,0.033731382356307384,0.004125536352058049,0.1223055820386982,1.0,medium_vs_high,1,1
5,ST011Q06TA,30,1,0.03333333333333333,-0.014915338145801368,,,1.0,medium_vs_high,1,1
5,ST012Q01TA,30,1,0.03333333333333333,0.014633110700574091,,,1.0,medium_vs_high,1,1
5,ST012Q03TA,30,5,0.16666666666666666,-0.015764195014252698,0.0015989739411643765,0.10143073843724433,1.0,medium_vs_high,1,1
5,ST012Q06NA,30,25,0.8333333333333334,-0.020443998320577784,0.0019072889117859692,0.09329334124754839,1.0,medium_vs_high,1,1
5,ST012Q08NA,30,30,1.0,0.03360145397477763,0.0024177699509654684,0.07195432533307419,1.0,medium_vs_high,1,1
5,ST013Q01TA,30,30,1.0,0.046065007691955394,0.0021786220861196226,0.047294512587264546,1.0,medium_vs_high,1,1
5,ST166Q03HA,30,30,1.0,0.03723582987316797,0.0016724981606891119,0.04491636594070673,1.0,medium_vs_high,1,1
5,ST166Q05HA,30,10,0.3333333333333333,0.018765363078997496,0.002261886659046419,0.12053519292562795,1.0,medium_vs_high,1,1
5,ST019AQ01T,30,3,0.1,0.016891012058011908,0.0005251719161367728,0.031091796887781405,1.0,medium_vs_high,1,1
5,missingindicator_ST011Q01TA,30,14,0.4666666666666667,0.01193922484925919,0.03416027219367969,2.861180070312461,0.7142857142857143,medium_vs_high,1,1
5,missingindicator_ST011Q02TA,30,11,0.36666666666666664,0.008307981289801791,0.03010238547200697,3.623309251906746,0.6363636363636364,medium_vs_high,1,1
5,missingindicator_ST011Q03TA,30,14,0.4666666666666667,-0.037845829250707626,0.024303624798426522,0.6421744556693021,0.9285714285714286,medium_vs_high,1,1
5,missingindicator_ST011Q04TA,30,14,0.4666666666666667,-0.01165372102141895,0.027892177821474778,2.39341389503064,0.6428571428571429,medium_vs_high,1,1
5,missingindicator_ST011Q05TA,30,4,0.13333333333333333,0.01796217995641313,0.00518519639051679,0.28867300088848585,1.0,medium_vs_high,1,1
5,missingindicator_ST011Q06TA,30,10,0.3333333333333333,0.00870084925068804,0.02568366285611277,2.951857010289171,0.8,medium_vs_high,1,1
5,missingindicator_ST011Q07TA,30,7,0.23333333333333334,-0.0214027838706875,0.023317979893788875,1.0894835005891155,0.8571428571428571,medium_vs_high,1,1
5,missingindicator_ST011Q08TA,30,4,0.13333333333333333,0.00346541182279297,0.02284046416459393,6.590981197203142,0.5,medium_vs_high,1,1
5,missingindicator_ST011Q09TA,30,7,0.23333333333333334,-0.0021097651090308416,0.024488732501354693,11.607326520156564,0.5714285714285714,medium_vs_high,1,1
5,missingindicator_ST011Q10TA,30,4,0.13333333333333333,0.023466635133335082,0.009835022017073885,0.41910661503842667,1.0,medium_vs_high,1,1
5,missingindicator_ST011Q11TA,30,23,0.7666666666666667,-0.024746522675130417,0.006074362459991887,0.24546327335502602,1.0,medium_vs_high,1,1
5,missingindicator_ST011Q12TA,30,15,0.5,-0.009365779708131254,0.02879697365897642,3.074701152107522,0.6,medium_vs_high,1,1
5,missingindicator_ST011Q16NA,30,3,0.1,-0.02116035424979461,0.0022198719346359194,0.10490712529812521,1.0,medium_vs_high,1,1
5,missingindicator_ST012Q01TA,30,6,0.2,0.0008466448403853521,0.028169741931959435,33.27220646515476,0.6666666666666666,medium_vs_high,1,1
5,missingindicator_ST012Q03TA,30,7,0.23333333333333334,0.01999908409516061,0.0034207582147763303,0.17104574382004262,1.0,medium_vs_high,1,1
5,missingindicator_ST012Q05NA,30,5,0.16666666666666666,-0.00602773797929283,0.021412610635514816,3.5523459561569943,0.6,medium_vs_high,1,1
5,missingindicator_ST012Q06NA,30,6,0.2,-0.008493640457066244,0.02272769191114861,2.6758481273174697,0.6666666666666666,medium_vs_high,1,1
5,missingindicator_ST012Q07NA,30,2,0.06666666666666667,0.0024730373457738566,0.029233213960461538,11.820773354036817,0.5,medium_vs_high,1,1
5,missingindicator_ST012Q08NA,30,5,0.16666666666666666,-0.0034073397918889087,0.024899056787204676,7.3074768904693,0.6,medium_vs_high,1,1
5,missingindicator_ST012Q09NA,30,12,0.4,-0.013239575767115763,0.019992420284378715,1.5100499167077206,0.75,medium_vs_high,1,1
5,missingindicator_ST013Q01TA,30,8,0.26666666666666666,-0.00223523516548265,0.026106493706033778,11.679528896636992,0.5,medium_vs_high,1,1
5,missingindicator_ST166Q03HA,30,29,0.9666666666666667,0.03237912488316165,0.005609591982931766,0.17324717709863008,1.0,medium_vs_high,1,1
5,missingindicator_ST166Q04HA,30,2,0.06666666666666667,0.015167678870006036,0.0016686474455856607,0.11001336855076736,1.0,medium_vs_high,1,1
5,missingindicator_ST166Q05HA,30,7,0.23333333333333334,0.022042722199316845,0.0024346754356638794,0.11045257539648781,1.0,medium_vs_high,1,1
5,missingindicator_ST019AQ01T,30,10,0.3333333333333333,-0.0034431715434109973,0.02071389645298204,6.015935073761008,0.6,medium_vs_high,1,1
5,missingindicator_ST019BQ01T,30,28,0.9333333333333333,0.03274407689516008,0.007277782604258452,0.22226256759536822,1.0,medium_vs_high,1,1
5,missingindicator_ST019CQ01T,30,28,0.9333333333333333,0.03250032242936217,0.006977954197235185,0.21470415293268,1.0,medium_vs_high,1,1
0,ST011Q04TA,30,30,1.0,0.04165019661718875,0.0026583349700308183,0.0638252682085477,1.0,low_vs_high,1,2
0,ST012Q01TA,30,29,0.9666666666666667,-0.03226148049948302,0.0018537334527182303,0.05745965231657412,1.0,low_vs_high,1,2
0,ST012Q08NA,30,18,0.6,-0.030742077068262794,0.001832490328125159,0.059608539919281105,1.0,low_vs_high,1,2
0,ST013Q01TA,30,30,1.0,-0.08387082371514845,0.0019231010372988669,0.022929320973766987,1.0,low_vs_high,1,2
0,ST166Q02HA,30,30,1.0,0.04704541142003658,0.0021910733735335,0.04657358299985713,1.0,low_vs_high,1,2
0,ST166Q03HA,30,30,1.0,-0.054980511373319406,0.0017383415070521533,0.03161741249092355,1.0,low_vs_high,1,2
0,ST166Q05HA,30,30,1.0,0.04190838640479496,0.0026806433155609852,0.06396436478533277,1.0,low_vs_high,1,2
0,ST004D01T,30,30,1.0,-0.05911052736943022,0.0022991725893959417,0.03889616100067124,1.0,low_vs_high,1,2
0,ST019AQ01T,30,24,0.8,0.03229871607913881,0.00281765621635414,0.08723740626253611,1.0,low_vs_high,1,2
0,missingindicator_ST011Q01TA,30,10,0.3333333333333333,-0.0160201838457019,0.05587921696230999,3.4880509175493626,0.5,low_vs_high,1,2
0,missingindicator_ST011Q02TA,30,16,0.5333333333333333,0.01016906990568334,0.0329917414675292,3.2443224182273163,0.6875,low_vs_high,1,2
0,missingindicator_ST011Q03TA,30,5,0.16666666666666666,-0.0017957786230867162,0.04837712513000609,26.939359065791713,0.6,low_vs_high,1,2
0,missingindicator_ST011Q04TA,30,15,0.5,0.027392315065462615,0.029192111490105064,1.06570442915618,0.9333333333333333,low_vs_high,1,2
0,missingindicator_ST011Q05TA,30,2,0.06666666666666667,0.03223250881299807,0.012674241619485521,0.39321300408283794,1.0,low_vs_high,1,2
0,missingindicator_ST011Q06TA,30,1,0.03333333333333333,0.03899547587428257,,,1.0,low_vs_high,1,2
0,missingindicator_ST011Q07TA,30,4,0.13333333333333333,0.029908188573209187,0.010910479169494286,0.36479906306554283,1.0,low_vs_high,1,2
0,missingindicator_ST011Q08TA,30,2,0.06666666666666667,-0.026255592777087416,0.001544139628943664,0.05881183647436805,1.0,low_vs_high,1,2
0,missingindicator_ST011Q10TA,30,4,0.13333333333333333,-0.02194981369686079,0.035696303770658716,1.6262691002139993,0.75,low_vs_high,1,2
0,missingindicator_ST011Q16NA,30,1,0.03333333333333333,-0.03724688583428559,,,1.0,low_vs_high,1,2
0,missingindicator_ST012Q01TA,30,4,0.13333333333333333,-0.03562832809920242,0.011616997861790943,0.3260607073518839,1.0,low_vs_high,1,2
0,missingindicator_ST012Q03TA,30,1,0.03333333333333333,0.025779357081672272,,,1.0,low_vs_high,1,2
0,missingindicator_ST012Q06NA,30,1,0.03333333333333333,0.02097588838501968,,,1.0,low_vs_high,1,2
0,missingindicator_ST012Q09NA,30,2,0.06666666666666667,-0.004677893751614138,0.05153076132095108,11.015804132612043,0.5,low_vs_high,1,2
0,missingindicator_ST013Q01TA,30,2,0.06666666666666667,-0.03906360031456123,0.015031285383960773,0.384790067042483,1.0,low_vs_high,1,2
0,missingindicator_ST166Q03HA,30,23,0.7666666666666667,0.03562436382196373,0.0044580100143680424,0.12513935790256878,1.0,low_vs_high,1,2
0,missingindicator_ST166Q04HA,30,9,0.3,0.028374199081218784,0.003134016075908181,0.11045302342939517,1.0,low_vs_high,1,2
0,missingindicator_ST166Q05HA,30,30,1.0,0.04434560307567378,0.004680176494575007,0.10553868185282082,1.0,low_vs_high,1,2
0,missingindicator_ST019AQ01T,30,9,0.3,0.03044302351118655,0.004596322899483257,0.15098115657908612,1.0,low_vs_high,1,2
0,missingindicator_ST019BQ01T,30,28,0.9333333333333333,0.03510429526548299,0.0044365238555296,0.1263812254875802,1.0,low_vs_high,1,2
0,missingindicator_ST019CQ01T,30,30,1.0,0.04307960471027284,0.00407989866840152,0.09470603771414411,1.0,low_vs_high,1,2
1,ST011Q04TA,30,30,1.0,0.04153247064484707,0.0026758978894338144,0.06442905629949112,1.0,low_vs_high,1,2
1,ST012Q01TA,30,29,0.9666666666666667,-0.03218761535446146,0.0021339699421607573,0.06629785769031728,1.0,low_vs_high,1,2
1,ST012Q03TA,30,1,0.03333333333333333,0.021323542176014797,,,1.0,low_vs_high,1,2
1,ST012Q08NA,30,23,0.7666666666666667,-0.03038097660604278,0.0021648813555957026,0.07125779344318732,1.0,low_vs_high,1,2
1,ST013Q01TA,30,30,1.0,-0.0843018239542988,0.00202762398750618,0.024051958693152155,1.0,low_vs_high,1,2
1,ST166Q02HA,30,30,1.0,0.04732529207801674,0.0024073526411642634,0.05086820462081231,1.0,low_vs_high,1,2
1,ST166Q05HA,30,30,1.0,0.041880990564425485,0.002711200287038571,0.06473582048800719,1.0,low_vs_high,1,2
1,ST004D01T,30,30,1.0,0.05904600516043761,0.002478808707407633,0.04198097230578607,1.0,low_vs_high,1,2
1,ST019AQ01T,30,26,0.8666666666666667,0.032401071181143756,0.0026220021415775375,0.08092331660637958,1.0,low_vs_high,1,2
1,missingindicator_ST011Q01TA,30,13,0.43333333333333335,-0.016342762756564044,0.05083532533354855,3.1105710883021063,0.5384615384615384,low_vs_high,1,2
1,missingindicator_ST011Q02TA,30,16,0.5333333333333333,0.013190488208314553,0.03169202305092342,2.4026421577744577,0.75,low_vs_high,1,2
1,missingindicator_ST011Q03TA,30,6,0.2,-0.008319212111873638,0.04769215083860497,5.732772550724618,0.5,low_vs_high,1,2
1,missingindicator_ST011Q04TA,30,16,0.5333333333333333,0.02580215556051169,0.0266376892647269,1.0323823217891892,0.9375,low_vs_high,1,2
1,missingindicator_ST011Q05TA,30,2,0.06666666666666667,0.033034922614968376,0.009505633840466628,0.28774500098751715,1.0,low_vs_high,1,2
1,missingindicator_ST011Q06TA,30,4,0.13333333333333333,0.01697418100266522,0.02463260589166856,1.4511808191394238,0.75,low_vs_high,1,2
1,missingindicator_ST011Q07TA,30,4,0.13333333333333333,0.031383136460553636,0.010522405440791995,0.3352885220385129,1.0,low_vs_high,1,2
1,missingindicator_ST011Q08TA,30,2,0.06666666666666667,-0.024064284642195635,0.002893723113793928,0.1202497043572995,1.0,low_vs_high,1,2
1,missingindicator_ST011Q09TA,30,1,0.03333333333333333,0.030637386916333567,,,1.0,low_vs_high,1,2
1,missingindicator_ST011Q10TA,30,3,0.1,-0.040930839273505,0.011455620384254973,0.27987748571943716,1.0,low_vs_high,1,2
1,missingindicator_ST011Q12TA,30,1,0.03333333333333333,0.02091453671670445,,,1.0,low_vs_high,1,2
1,missingindicator_ST011Q16NA,30,1,0.03333333333333333,-0.03675515872581613,,,1.0,low_vs_high,1,2
1,missingindicator_ST012Q01TA,30,6,0.2,-0.02215703481521883,0.03058958713054943,1.380581263948667,0.8333333333333334,low_vs_high,1,2
1,missingindicator_ST012Q03TA,30,3,0.1,0.025794221242548696,0.005957413526602419,0.23095923193740017,1.0,low_vs_high,1,2
1,missingindicator_ST012Q05NA,30,1,0.03333333333333333,0.03412422287561981,,,1.0,low_vs_high,1,2
1,missingindicator_ST012Q06NA,30,2,0.06666666666666667,-0.007199277171495282,0.04092334643685534,5.684368786200741,0.5,low_vs_high,1,2
1,missingindicator_ST012Q08NA,30,2,0.06666666666666667,-0.0028850026720427784,0.03575319743675244,12.3927779281524,0.5,low_vs_high,1,2
1,missingindicator_ST012Q09NA,30,2,0.06666666666666667,-0.0020717706662207423,0.053304418960295155,25.728918663343837,0.5,low_vs_high,1,2
1,missingindicator_ST013Q01TA,30,3,0.1,-0.016160357265967422,0.04400037575315871,2.7227353349310173,0.6666666666666666,low_vs_high,1,2
1,missingindicator_ST166Q03HA,30,26,0.8666666666666667,0.03525968155993182,0.0050890571168533015,0.1443307736118744,1.0,low_vs_high,1,2
1,missingindicator_ST166Q04HA,30,9,0.3,0.028525920608295348,0.0033230988512276682,0.1164940089702595,1.0,low_vs_high,1,2
1,missingindicator_ST166Q05HA,30,30,1.0,0.044571218607981626,0.005022820156145548,0.11269200872255447,1.0,low_vs_high,1,2
1,missingindicator_ST019AQ01T,30,11,0.36666666666666664,0.029866421480675177,0.004131017797218545,0.1383164635204618,1.0,low_vs_high,1,2
1,missingindicator_ST019BQ01T,30,27,0.9,0.03625301809543883,0.0037592398959995603,0.10369453616532216,1.0,low_vs_high,1,2
1,missingindicator_ST019CQ01T,30,30,1.0,0.04317740449959852,0.004664155151076716,0.1080230552329769,1.0,low_vs_high,1,2
2,ST011Q04TA,30,30,1.0,0.04133027272476789,0.0030406447508521087,0.07356943350218807,1.0,low_vs_high,1,2
2,ST012Q01TA,30,29,0.9666666666666667,-0.03265045651599567,0.0019010741962613626,0.05822504182537276,1.0,low_vs_high,1,2
2,ST013Q01TA,30,30,1.0,0.09065078924530705,0.0038850215915653716,0.042857007908141266,1.0,low_vs_high,1,2
2,ST166Q02HA,30,30,1.0,-0.05037312395577757,0.0024256087018571736,0.04815283451521905,1.0,low_vs_high,1,2
2,ST166Q03HA,30,30,1.0,0.06635361164168425,0.003609078543631625,0.05439159157034268,1.0,low_vs_high,1,2
2,ST166Q05HA,30,30,1.0,0.04202748773481622,0.002616052360499326,0.062246222686590615,1.0,low_vs_high,1,2
2,ST004D01T,30,30,1.0,-0.05939556496759543,0.002452765621175025,0.04129543380070862,1.0,low_vs_high,1,2
2,ST019AQ01T,30,28,0.9333333333333333,0.032472742730433136,0.003458288915246422,0.10649820817276846,1.0,low_vs_high,1,2
2,missingindicator_ST011Q01TA,30,11,0.36666666666666664,-0.0188176086693036,0.05966437444891153,3.1706671924918703,0.5454545454545454,low_vs_high,1,2
2,missingindicator_ST011Q02TA,30,13,0.43333333333333335,0.02632912699178784,0.020733389680727157,0.7874696979962147,0.9230769230769231,low_vs_high,1,2
2,missingindicator_ST011Q03TA,30,4,0.13333333333333333,-0.0194744918565834,0.03146036042376144,1.615465022422456,0.75,low_vs_high,1,2
2,missingindicator_ST011Q04TA,30,11,0.36666666666666664,0.025564297098763678,0.028630172161679155,1.1199280015824784,0.9090909090909091,low_vs_high,1,2
2,missingindicator_ST011Q05TA,30,2,0.06666666666666667,0.03613664542133707,0.008263800546104792,0.22868200547539996,1.0,low_vs_high,1,2
2,missingindicator_ST011Q06TA,30,1,0.03333333333333333,0.025628397616961146,,,1.0,low_vs_high,1,2
2,missingindicator_ST011Q07TA,30,5,0.16666666666666666,0.03011256519666028,0.0020860915099221258,0.0692764464368346,1.0,low_vs_high,1,2
2,missingindicator_ST011Q08TA,30,1,0.03333333333333333,-0.028221352550087654,,,1.0,low_vs_high,1,2
2,missingindicator_ST011Q09TA,30,1,0.03333333333333333,0.02250414421171628,,,1.0,low_vs_high,1,2
2,missingindicator_ST011Q10TA,30,3,0.1,-0.03572577923257472,0.007462544243663,0.2088840160793095,1.0,low_vs_high,1,2
2,missingindicator_ST011Q12TA,30,2,0.06666666666666667,-0.0020587200279024685,0.045468765002141365,22.085939023222753,0.5,low_vs_high,1,2
2,missingindicator_ST012Q01TA,30,5,0.16666666666666666,-0.03173249209010469,0.029348908421430345,0.9248850779854877,0.8,low_vs_high,1,2
2,missingindicator_ST012Q02TA,30,2,0.06666666666666667,0.020254521374198392,0.004132547679856127,0.20403087308300713,1.0,low_vs_high,1,2
2,missingindicator_ST012Q03TA,30,3,0.1,0.025771098118434282,0.001126723019260336,0.043720411682976815,1.0,low_vs_high,1,2
2,missingindicator_ST012Q05NA,30,5,0.16666666666666666,0.031173218309626893,0.005258031562944412,0.16867143811457638,1.0,low_vs_high,1,2
2,missingindicator_ST012Q06NA,30,1,0.03333333333333333,-0.031023167177995706,,,1.0,low_vs_high,1,2
2,missingindicator_ST012Q07NA,30,1,0.03333333333333333,-0.023348256140783046,,,1.0,low_vs_high,1,2
2,missingindicator_ST012Q08NA,30,1,0.03333333333333333,0.023002996434883342,,,1.0,low_vs_high,1,2
2,missingindicator_ST012Q09NA,30,1,0.03333333333333333,-0.023134688155827206,,,1.0,low_vs_high,1,2
2,missingindicator_ST013Q01TA,30,2,0.06666666666666667,-0.033604819501386586,0.0056466792860768444,0.16803182906082426,1.0,low_vs_high,1,2
2,missingindicator_ST166Q03HA,30,29,0.9666666666666667,-0.03394318517958104,0.004800052442260936,0.1414143197482972,1.0,low_vs_high,1,2
2,missingindicator_ST166Q04HA,30,9,0.3,0.02930071747249184,0.0038638434136542667,0.13186855978123158,1.0,low_vs_high,1,2
2,missingindicator_ST166Q05HA,30,30,1.0,0.04534303279735673,0.004754664441895634,0.10485986817742829,1.0,low_vs_high,1,2
2,missingindicator_ST019AQ01T,30,13,0.43333333333333335,0.03293919305699216,0.005487220099235838,0.16658635473375813,1.0,low_vs_high,1,2
2,missingindicator_ST019BQ01T,30,27,0.9,0.03785060421829686,0.006095936462394335,0.16105255354015138,1.0,low_vs_high,1,2
2,missingindicator_ST019CQ01T,30,30,1.0,0.043189084990959255,0.0044968143208040864,0.1041192310914992,1.0,low_vs_high,1,2
3,ST011Q04TA,30,30,1.0,0.041647707025639656,0.002712482233018501,0.06512920942679054,1.0,low_vs_high,1,2
3,ST011Q09TA,30,1,0.03333333333333333,0.018606270494901017,,,1.0,low_vs_high,1,2
3,ST012Q01TA,30,29,0.9666666666666667,-0.03234138270422,0.0020687364158845185,0.06396561442051715,1.0,low_vs_high,1,2
3,ST012Q03TA,30,2,0.06666666666666667,0.021829230381094723,0.001103289887538005,0.05054185916208539,1.0,low_vs_high,1,2
3,ST013Q01TA,30,30,1.0,-0.08432478592020294,0.0021585332277938366,0.025597850077395626,1.0,low_vs_high,1,2
3,ST166Q02HA,30,30,1.0,0.04746202028239189,0.0024706889057291063,0.05205612595142134,1.0,low_vs_high,1,2
3,ST166Q05HA,30,30,1.0,0.04205833923022939,0.0028269641907830282,0.06721530717863321,1.0,low_vs_high,1,2
3,ST004D01T,30,30,1.0,0.05909295460339207,0.0025360194924556024,0.042915767361377276,1.0,low_vs_high,1,2
3,ST019AQ01T,30,30,1.0,0.03235740705397543,0.002968038442300716,0.09172670842721505,1.0,low_vs_high,1,2
3,missingindicator_ST011Q01TA,30,11,0.36666666666666664,-0.017978110401729266,0.05520668776432015,3.0707725412015474,0.5454545454545454,low_vs_high,1,2
3,missingindicator_ST011Q02TA,30,18,0.6,0.012334562891721532,0.03162962979677379,2.5643089320986268,0.7222222222222222,low_vs_high,1,2
3,missingindicator_ST011Q03TA,30,7,0.23333333333333334,-0.010371059468365636,0.041699360804564246,4.020742618606891,0.5714285714285714,low_vs_high,1,2
3,missingindicator_ST011Q04TA,30,16,0.5333333333333333,0.025864185211470492,0.026859703955303935,1.0384902418419097,0.9375,low_vs_high,1,2
3,missingindicator_ST011Q05TA,30,4,0.13333333333333333,0.02948481996323926,0.007734411701978855,0.26231843069151767,1.0,low_vs_high,1,2
3,missingindicator_ST011Q06TA,30,6,0.2,0.014957355486705464,0.021432274157350124,1.432891942455988,0.8333333333333334,low_vs_high,1,2
3,missingindicator_ST011Q07TA,30,4,0.13333333333333333,0.03258102871061767,0.011663997568639903,0.35799967128842625,1.0,low_vs_high,1,2
3,missingindicator_ST011Q08TA,30,1,0.03333333333333333,-0.025479665082388057,,,1.0,low_vs_high,1,2
3,missingindicator_ST011Q09TA,30,1,0.03333333333333333,0.030512053894722457,,,1.0,low_vs_high,1,2
3,missingindicator_ST011Q10TA,30,6,0.2,-0.02606409768453084,0.025890525104168182,0.993340549039391,0.8333333333333334,low_vs_high,1,2
3,missingindicator_ST011Q12TA,30,2,0.06666666666666667,-0.003056617005711913,0.0393270735631442,12.86620910950032,0.5,low_vs_high,1,2
3,missingindicator_ST011Q16NA,30,1,0.03333333333333333,-0.034314031575942726,,,1.0,low_vs_high,1,2
3,missingindicator_ST012Q01TA,30,8,0.26666666666666666,-0.016849946759461564,0.0312115706331721,1.8523245846842935,0.75,low_vs_high,1,2
3,missingindicator_ST012Q03TA,30,3,0.1,0.026880244517808637,0.0020775238208590903,0.07728812955859438,1.0,low_vs_high,1,2
3,missingindicator_ST012Q05NA,30,2,0.06666666666666667,0.003503843498880622,0.043372716202272954,12.378611149764337,0.5,low_vs_high,1,2
3,missingindicator_ST012Q06NA,30,2,0.06666666666666667,-0.006970221962478448,0.04249245686672071,6.096284608361508,0.5,low_vs_high,1,2
3,missingindicator_ST012Q08NA,30,1,0.03333333333333333,0.021542704366662523,,,1.0,low_vs_high,1,2
3,missingindicator_ST012Q09NA,30,2,0.06666666666666667,-0.0022572738958594844,0.05369607744297709,23.788020382228208,0.5,low_vs_high,1,2
3,missingindicator_ST013Q01TA,30,3,0.1,-0.033713294263097035,0.017221624259388925,0.5108259111373733,1.0,low_vs_high,1,2
3,missingindicator_ST166Q03HA,30,27,0.9,0.03475633260735847,0.005008702822608639,0.14410907155227926,1.0,low_vs_high,1,2
3,missingindicator_ST166Q04HA,30,10,0.3333333333333333,-0.026985653843446544,0.003934972498206838,0.14581720054051775,1.0,low_vs_high,1,2
3,missingindicator_ST166Q05HA,30,30,1.0,0.04466468517532476,0.005222639773264494,0.11692995826039695,1.0,low_vs_high,1,2
3,missingindicator_ST019AQ01T,30,15,0.5,0.02910210379551303,0.0038331902721311134,0.13171522921728138,1.0,low_vs_high,1,2
3,missingindicator_ST019BQ01T,30,28,0.9333333333333333,0.035910150775480564,0.0042169999464391015,0.117431975510347,1.0,low_vs_high,1,2
3,missingindicator_ST019CQ01T,30,30,1.0,0.043292225486862644,0.004797858727801976,0.11082495006540892,1.0,low_vs_high,1,2
4,ST011Q04TA,30,30,1.0,0.04193831606858878,0.00357136023662378,0.08515745436185217,1.0,low_vs_high,1,2
4,ST012Q01TA,30,29,0.9666666666666667,0.03314885052702995,0.0024304924180796363,0.07332056404483121,1.0,low_vs_high,1,2
4,ST012Q03TA,30,3,0.1,0.02194756531948722,0.0014345291915876393,0.06536165495832572,1.0,low_vs_high,1,2
4,ST012Q06NA,30,21,0.7,0.02920243121895095,0.002149057325568074,0.07359172630028972,1.0,low_vs_high,1,2
4,ST166Q02HA,30,30,1.0,0.0477268431568975,0.002545709499892074,0.053339155316082694,1.0,low_vs_high,1,2
4,ST166Q05HA,30,30,1.0,0.04267000301696124,0.002937879846497527,0.06885117503576753,1.0,low_vs_high,1,2
4,ST004D01T,30,30,1.0,0.059834384141027784,0.0028044322372257147,0.04686991062890787,1.0,low_vs_high,1,2
4,ST019AQ01T,30,28,0.9333333333333333,0.03279461280239831,0.003959111607288283,0.1207244504194527,1.0,low_vs_high,1,2
4,missingindicator_ST011Q01TA,30,14,0.4666666666666667,-0.017951477869526975,0.0484489589510546,2.698884142196324,0.6428571428571429,low_vs_high,1,2
4,missingindicator_ST011Q02TA,30,20,0.6666666666666666,0.014716505277893551,0.03407038652668231,2.315113940662343,0.75,low_vs_high,1,2
4,missingindicator_ST011Q03TA,30,7,0.23333333333333334,-0.024123009790878818,0.03897184329465715,1.6155464692217985,0.7142857142857143,low_vs_high,1,2
4,missingindicator_ST011Q04TA,30,15,0.5,0.017965666554877295,0.033923875493091504,1.8882614452109987,0.8,low_vs_high,1,2
4,missingindicator_ST011Q05TA,30,4,0.13333333333333333,0.03256535269500986,0.005079285234572951,0.15597206276691955,1.0,low_vs_high,1,2
4,missingindicator_ST011Q06TA,30,4,0.13333333333333333,0.013597282884658196,0.029695846466464733,2.183954450191702,0.75,low_vs_high,1,2
4,missingindicator_ST011Q07TA,30,4,0.13333333333333333,0.03031007068648863,0.012073840177062478,0.39834417748305195,1.0,low_vs_high,1,2
4,missingindicator_ST011Q08TA,30,1,0.03333333333333333,-0.03466497712699102,,,1.0,low_vs_high,1,2
4,missingindicator_ST011Q09TA,30,3,0.1,0.03085762694519721,0.0072243271404219735,0.23411804003115,1.0,low_vs_high,1,2
4,missingindicator_ST011Q10TA,30,5,0.16666666666666666,-0.022759082716514355,0.034538212017804285,1.5175572956085266,0.8,low_vs_high,1,2
4,missingindicator_ST011Q12TA,30,6,0.2,0.009214753098780783,0.032425616705517864,3.5188806859956068,0.6666666666666666,low_vs_high,1,2
4,missingindicator_ST011Q16NA,30,2,0.06666666666666667,-0.004911086365559104,0.0443539668613227,9.03139622474817,0.5,low_vs_high,1,2
4,missingindicator_ST012Q01TA,30,10,0.3333333333333333,-0.017542423775335127,0.037415711358497826,2.1328701117746793,0.7,low_vs_high,1,2
4,missingindicator_ST012Q02TA,30,1,0.03333333333333333,0.02765413313822167,,,1.0,low_vs_high,1,2
4,missingindicator_ST012Q03TA,30,1,0.03333333333333333,0.026975786641465892,,,1.0,low_vs_high,1,2
4,missingindicator_ST012Q05NA,30,3,0.1,0.036125182305576806,0.011433186217150774,0.3164879867024445,1.0,low_vs_high,1,2
4,missingindicator_ST012Q06NA,30,1,0.03333333333333333,-0.03563580968251737,,,1.0,low_vs_high,1,2
4,missingindicator_ST012Q07NA,30,3,0.1,-0.024792312469702826,0.0024402929278251506,0.09842941963591674,1.0,low_vs_high,1,2
4,missingindicator_ST012Q08NA,30,2,0.06666666666666667,-0.036201919445243896,0.000163410271898068,0.004513856568992956,1.0,low_vs_high,1,2
4,missingindicator_ST012Q09NA,30,4,0.13333333333333333,0.013255473996458612,0.03698343700160014,2.790050134116727,0.75,low_vs_high,1,2
4,missingindicator_ST013Q01TA,30,5,0.16666666666666666,-0.03674577752182042,0.015659901107933607,0.4261687237025921,1.0,low_vs_high,1,2
4,missingindicator_ST166Q03HA,30,25,0.8333333333333334,0.035734990939798525,0.004409232075476895,0.1233869649751688,1.0,low_vs_high,1,2
4,missingindicator_ST166Q04HA,30,9,0.3,0.02795443990451654,0.0044381589853301736,0.15876401031426532,1.0,low_vs_high,1,2
4,missingindicator_ST166Q05HA,30,30,1.0,0.04574597893954128,0.004988468632809908,0.10904715012007414,1.0,low_vs_high,1,2
4,missingindicator_ST019AQ01T,30,14,0.4666666666666667,0.030939028677260862,0.0055233626189659605,0.1785241119423198,1.0,low_vs_high,1,2
4,missingindicator_ST019BQ01T,30,26,0.8666666666666667,0.03735537216628912,0.0053408376910605085,0.14297375133315576,1.0,low_vs_high,1,2
4,missingindicator_ST019CQ01T,30,30,1.0,0.04411175316077622,0.00602807753084874,0.13665468041766365,1.0,low_vs_high,1,2
5,ST011Q04TA,30,30,1.0,0.040704509779636994,0.0040134666760431,0.09860004942378384,1.0,low_vs_high,1,2
5,ST011Q09TA,30,1,0.03333333333333333,0.01860690285821033,,,1.0,low_vs_high,1,2
5,ST012Q01TA,30,29,0.9666666666666667,0.032879067706749705,0.0021506813813012707,0.06541187239502413,1.0,low_vs_high,1,2
5,ST012Q03TA,30,8,0.26666666666666666,0.027879423797663252,0.002079875611851455,0.07460253220964282,1.0,low_vs_high,1,2
5,ST012Q06NA,30,22,0.7333333333333333,0.028885015356601807,0.002461038709514906,0.08520122558814648,1.0,low_vs_high,1,2
5,ST013Q01TA,30,30,1.0,0.09230138331765418,0.004170922328293168,0.04518808037728953,1.0,low_vs_high,1,2
5,ST166Q02HA,30,30,1.0,0.04768542120276155,0.002490087791328708,0.05221905833107127,1.0,low_vs_high,1,2
5,ST004D01T,30,30,1.0,-0.059285835512457856,0.002763627551507036,0.046615309164805635,1.0,low_vs_high,1,2
5,ST019AQ01T,30,26,0.8666666666666667,0.03277480938097968,0.0038833484260397217,0.11848576694677464,1.0,low_vs_high,1,2
5,missingindicator_ST011Q01TA,30,12,0.4,-0.014884648394621879,0.06478249436544883,4.35230263073302,0.5,low_vs_high,1,2
5,missingindicator_ST011Q02TA,30,19,0.6333333333333333,0.02051130730560244,0.025778725625459954,1.256805587346389,0.7894736842105263,low_vs_high,1,2
5,missingindicator_ST011Q03TA,30,6,0.2,-0.01313796474918418,0.03680511745739438,2.801432197455077,0.6666666666666666,low_vs_high,1,2
5,missingindicator_ST011Q04TA,30,12,0.4,0.025476114287656133,0.02726164079870371,1.0700862969480678,0.9166666666666666,low_vs_high,1,2
5,missingindicator_ST011Q05TA,30,4,0.13333333333333333,0.02871752400489804,0.005604540406898,0.19516098971283505,1.0,low_vs_high,1,2
5,missingindicator_ST011Q06TA,30,4,0.13333333333333333,0.017456235512905476,0.027648316064783903,1.5838647481780006,0.75,low_vs_high,1,2
5,missingindicator_ST011Q07TA,30,5,0.16666666666666666,0.023530083312194614,0.007471236408855409,0.31751848515484826,1.0,low_vs_high,1,2
5,missingindicator_ST011Q08TA,30,1,0.03333333333333333,-0.027261900058945705,,,1.0,low_vs_high,1,2
5,missingindicator_ST011Q09TA,30,3,0.1,0.031625778410301945,0.0018735740856514421,0.05924199118024347,1.0,low_vs_high,1,2
5,missingindicator_ST011Q10TA,30,4,0.13333333333333333,-0.03738639504447841,0.006845300885768644,0.1830960400869039,1.0,low_vs_high,1,2
5,missingindicator_ST011Q12TA,30,2,0.06666666666666667,0.03418965135128117,0.002776071151548394,0.08119624043619758,1.0,low_vs_high,1,2
5,missingindicator_ST012Q01TA,30,9,0.3,-0.016425318889109572,0.03782728885398788,2.302986572703218,0.6666666666666666,low_vs_high,1,2
5,missingindicator_ST012Q02TA,30,1,0.03333333333333333,0.0242379583682107,,,1.0,low_vs_high,1,2
5,missingindicator_ST012Q03TA,30,5,0.16666666666666666,0.027788927872263343,0.006480976299266444,0.23322153085780722,1.0,low_vs_high,1,2
5,missingindicator_ST012Q05NA,30,3,0.1,0.03831322203361948,0.005964959252566533,0.15568931392228874,1.0,low_vs_high,1,2
5,missingindicator_ST012Q06NA,30,2,0.06666666666666667,-0.006101545602374131,0.04157378574315591,6.813648287243713,0.5,low_vs_high,1,2
5,missingindicator_ST012Q07NA,30,2,0.06666666666666667,-0.030719729429724667,0.00455919266326807,0.14841252666947505,1.0,low_vs_high,1,2
5,missingindicator_ST012Q08NA,30,3,0.1,-0.010654893544220298,0.034858571695164736,3.2716020625164877,0.6666666666666666,low_vs_high,1,2
5,missingindicator_ST012Q09NA,30,4,0.13333333333333333,-0.0015219348098480436,0.034609539403977985,22.74048742431586,0.5,low_vs_high,1,2
5,missingindicator_ST013Q01TA,30,3,0.1,-0.03230226113768502,0.012144642764554646,0.37596881261003284,1.0,low_vs_high,1,2
5,missingindicator_ST166Q03HA,30,28,0.9333333333333333,0.034428278420832896,0.005565271849993552,0.16164827593081013,1.0,low_vs_high,1,2
5,missingindicator_ST166Q04HA,30,11,0.36666666666666664,0.02906589878686422,0.003182601568705583,0.10949606588955367,1.0,low_vs_high,1,2
5,missingindicator_ST166Q05HA,30,30,1.0,0.04565631458442336,0.005281254790464937,0.11567413705062282,1.0,low_vs_high,1,2
5,missingindicator_ST019AQ01T,30,14,0.4666666666666667,0.030309526697799346,0.005613089425495992,0.1851922493366924,1.0,low_vs_high,1,2
5,missingindicator_ST019BQ01T,30,27,0.9,0.03915644678981836,0.0054535321719527815,0.13927546085133632,1.0,low_vs_high,1,2
5,missingindicator_ST019CQ01T,30,30,1.0,0.04361926537131181,0.004592198263396507,0.10527912894234058,1.0,low_vs_high,1,2
0,ST011Q04TA,30,4,0.13333333333333333,0.058113445847652975,0.006614294437879008,0.11381693756757566,1.0,low_vs_medium,1,2
0,ST011Q06TA,30,12,0.4,0.05666356316299473,0.005317819509654751,0.09384901359552446,1.0,low_vs_medium,1,2
0,ST012Q01TA,30,20,0.6666666666666666,0.056147296730185134,0.0020691227106214923,0.03685168888120519,1.0,low_vs_medium,1,2
0,ST012Q03TA,30,22,0.7333333333333333,-0.0563105493940226,0.002887711579575582,0.05128189319144015,1.0,low_vs_medium,1,2
0,ST013Q01TA,30,30,1.0,-0.16878073556085046,0.0022270755403833113,0.013195081375743765,1.0,low_vs_medium,1,2
0,ST166Q02HA,30,30,1.0,-0.11088368007518096,0.0033528764559770975,0.03023778119290226,1.0,low_vs_medium,1,2
0,ST166Q05HA,30,30,1.0,-0.06141667026370616,0.0028527986501003196,0.04644990745755497,1.0,low_vs_medium,1,2
0,ST004D01T,30,30,1.0,0.06600732245185219,0.0032629721283724557,0.04943348718246479,1.0,low_vs_medium,1,2
0,ST019AQ01T,30,8,0.26666666666666666,0.0562322175048137,0.003394123558380144,0.060359055875568016,1.0,low_vs_medium,1,2
0,missingindicator_ST011Q01TA,30,5,0.16666666666666666,0.028736719024510703,0.10864356996626456,3.7806532427587887,0.8,low_vs_medium,1,2
0,missingindicator_ST011Q02TA,30,5,0.16666666666666666,-0.027564740478495407,0.050989164673774,1.8497966528490672,0.8,low_vs_medium,1,2
0,missingindicator_ST011Q03TA,30,6,0.2,0.016018944723998393,0.05807695785208218,3.6255170894669235,0.6666666666666666,low_vs_medium,1,2
0,missingindicator_ST011Q04TA,30,2,0.06666666666666667,0.010280458815050495,0.08798963977514357,8.558921479878657,0.5,low_vs_medium,1,2
0,missingindicator_ST011Q05TA,30,17,0.5666666666666667,0.06470371500409111,0.007598204635358172,0.11743073229841208,1.0,low_vs_medium,1,2
0,missingindicator_ST011Q06TA,30,1,0.03333333333333333,-0.051366247048043365,,,1.0,low_vs_medium,1,2
0,missingindicator_ST011Q09TA,30,3,0.1,0.07082780053323388,0.012385289305468849,0.17486480184652087,1.0,low_vs_medium,1,2
0,missingindicator_ST011Q12TA,30,19,0.6333333333333333,0.07073360667961981,0.022016867786734454,0.3112645999582273,1.0,low_vs_medium,1,2
0,missingindicator_ST012Q01TA,30,2,0.06666666666666667,0.019206061085611716,0.044013090362764636,2.291625032669358,0.5,low_vs_medium,1,2
0,missingindicator_ST012Q02TA,30,30,1.0,0.09930778681251336,0.010261439312521402,0.10332965462108558,1.0,low_vs_medium,1,2
0,missingindicator_ST012Q03TA,30,21,0.7,0.06168978079373068,0.009441917263799263,0.15305480328046187,1.0,low_vs_medium,1,2
0,missingindicator_ST012Q09NA,30,7,0.23333333333333334,0.056113313550984444,0.01791058773729809,0.3191860648369048,1.0,low_vs_medium,1,2
0,missingindicator_ST166Q03HA,30,26,0.8666666666666667,0.06953553129232833,0.008565889698240714,0.12318723304535628,1.0,low_vs_medium,1,2
0,missingindicator_ST166Q05HA,30,30,1.0,0.1229172095913131,0.007507682296153271,0.0610791794014486,1.0,low_vs_medium,1,2
0,missingindicator_ST019AQ01T,30,30,1.0,0.18080117067618479,0.013756814752162382,0.07608808450029818,1.0,low_vs_medium,1,2
0,missingindicator_ST019BQ01T,30,30,1.0,0.07105836014309543,0.009435731471666918,0.1327884777057266,1.0,low_vs_medium,1,2
0,missingindicator_ST019CQ01T,30,30,1.0,0.085169870861248,0.010592516964656334,0.12436929700072955,1.0,low_vs_medium,1,2
1,ST011Q04TA,30,14,0.4666666666666667,0.05402395262597243,0.005105659446883962,0.09450732867016061,1.0,low_vs_medium,1,2
1,ST011Q06TA,30,12,0.4,0.05568772877716761,0.006595963329021476,0.11844554399794216,1.0,low_vs_medium,1,2
1,ST012Q01TA,30,28,0.9333333333333333,0.05605939708894172,0.0022635054393424247,0.04037691371798438,1.0,low_vs_medium,1,2
1,ST013Q01TA,30,30,1.0,-0.16939576311026638,0.002179239730448023,0.012864782981788453,1.0,low_vs_medium,1,2
1,ST166Q03HA,30,30,1.0,-0.11310090219026576,0.003643456239881266,0.03221421022576818,1.0,low_vs_medium,1,2
1,ST004D01T,30,30,1.0,-0.06551029021393377,0.003687398520454825,0.05628731773913787,1.0,low_vs_medium,1,2
1,ST019AQ01T,30,21,0.7,0.053857838747492254,0.005423612004338578,0.10070236998864188,1.0,low_vs_medium,1,2
1,missingindicator_ST011Q01TA,30,7,0.23333333333333334,-0.02413302867899168,0.049383036604025446,2.046284254699222,0.7142857142857143,low_vs_medium,1,2
1,missingindicator_ST011Q02TA,30,5,0.16666666666666666,-0.050333564059302116,0.015614203049706905,0.3102145326190398,1.0,low_vs_medium,1,2
1,missingindicator_ST011Q03TA,30,5,0.16666666666666666,0.0323620699401088,0.05359882468044834,1.6562236216546582,0.8,low_vs_medium,1,2
1,missingindicator_ST011Q04TA,30,3,0.1,0.0031467607947474746,0.06674645774252616,21.21116350945338,0.6666666666666666,low_vs_medium,1,2
1,missingindicator_ST011Q05TA,30,20,0.6666666666666666,0.06294046029663006,0.013916578954822244,0.22110704130912373,1.0,low_vs_medium,1,2
1,missingindicator_ST011Q06TA,30,4,0.13333333333333333,0.023773958706069038,0.06052158532551936,2.545709196931908,0.75,low_vs_medium,1,2
1,missingindicator_ST011Q07TA,30,1,0.03333333333333333,-0.05966776398552842,,,1.0,low_vs_medium,1,2
1,missingindicator_ST011Q09TA,30,7,0.23333333333333334,0.057209751961859255,0.013038507285513815,0.22790707595107842,1.0,low_vs_medium,1,2
1,missingindicator_ST011Q10TA,30,2,0.06666666666666667,0.06738519489392204,0.020207984329385763,0.2998875993635876,1.0,low_vs_medium,1,2
1,missingindicator_ST011Q12TA,30,20,0.6666666666666666,0.06908541151635592,0.015101229645203754,0.21858782214286368,1.0,low_vs_medium,1,2
1,missingindicator_ST012Q01TA,30,2,0.06666666666666667,0.015427840345582151,0.07384195457774169,4.786279409411101,0.5,low_vs_medium,1,2
1,missingindicator_ST012Q02TA,30,30,1.0,0.10207741243975092,0.009775068229954479,0.09576132462922696,1.0,low_vs_medium,1,2
1,missingindicator_ST012Q03TA,30,20,0.6666666666666666,0.06433613307935405,0.007769557569251908,0.12076506929113551,1.0,low_vs_medium,1,2
1,missingindicator_ST012Q06NA,30,1,0.03333333333333333,-0.05849362925003527,,,1.0,low_vs_medium,1,2
1,missingindicator_ST012Q09NA,30,7,0.23333333333333334,0.07062526195395023,0.015008189073699404,0.21250454382010206,1.0,low_vs_medium,1,2
1,missingindicator_ST166Q03HA,30,29,0.9666666666666667,0.06789282648000451,0.008943488480249416,0.13172950580991663,1.0,low_vs_medium,1,2
1,missingindicator_ST166Q04HA,30,2,0.06666666666666667,0.04930566098564981,0.0015874756029404184,0.03219661943894122,1.0,low_vs_medium,1,2
1,missingindicator_ST166Q05HA,30,30,1.0,0.12211188668357124,0.009003640245756036,0.07373270932327157,1.0,low_vs_medium,1,2
1,missingindicator_ST019AQ01T,30,30,1.0,0.18030840488523456,0.013695218667984656,0.07595441087009559,1.0,low_vs_medium,1,2
1,missingindicator_ST019BQ01T,30,30,1.0,0.07470550356831133,0.013613257300982904,0.18222562797578665,1.0,low_vs_medium,1,2
1,missingindicator_ST019CQ01T,30,30,1.0,0.08539443110636623,0.010634205297214412,0.12453043084236465,1.0,low_vs_medium,1,2
2,ST011Q04TA,30,3,0.1,0.05984690686054849,0.0029624964315896193,0.0495012455446134,1.0,low_vs_medium,1,2
2,ST011Q06TA,30,13,0.43333333333333335,0.05487000761900892,0.006106082030841945,0.11128268968431092,1.0,low_vs_medium,1,2
2,ST012Q01TA,30,24,0.8,-0.05642132325626431,0.0019156926665112753,0.03395334522393678,1.0,low_vs_medium,1,2
2,ST012Q03TA,30,25,0.8333333333333334,-0.056034432096355856,0.003011192162309719,0.053738247175089134,1.0,low_vs_medium,1,2
2,ST013Q01TA,30,30,1.0,-0.16844710813848993,0.0026760954364909925,0.015886858884456612,1.0,low_vs_medium,1,2
2,ST166Q02HA,30,30,1.0,0.1061568707083856,0.003816696209931251,0.03595336019668259,1.0,low_vs_medium,1,2
2,ST166Q05HA,30,5,0.16666666666666666,0.052388162553102594,0.003459411212571675,0.06603421544065584,1.0,low_vs_medium,1,2
2,ST004D01T,30,30,1.0,-0.06474930166309005,0.003216615193874428,0.04967799051503964,1.0,low_vs_medium,1,2
2,ST019AQ01T,30,14,0.4666666666666667,-0.05487735020025774,0.0034032262960118857,0.062015135271525954,1.0,low_vs_medium,1,2
2,missingindicator_ST011Q01TA,30,8,0.26666666666666666,-0.018028953181706043,0.05912285167627202,3.2793280386497377,0.625,low_vs_medium,1,2
2,missingindicator_ST011Q02TA,30,6,0.2,0.006773653721661017,0.054280410906188424,8.013461144700786,0.5,low_vs_medium,1,2
2,missingindicator_ST011Q03TA,30,3,0.1,0.02476823925734654,0.06489695475760128,2.6201682761261322,0.6666666666666666,low_vs_medium,1,2
2,missingindicator_ST011Q04TA,30,2,0.06666666666666667,-0.007937069445324081,0.09893006825929383,12.464306749587017,0.5,low_vs_medium,1,2
2,missingindicator_ST011Q05TA,30,20,0.6666666666666666,0.0641215052257742,0.009739306649904892,0.15188830355139718,1.0,low_vs_medium,1,2
2,missingindicator_ST011Q06TA,30,2,0.06666666666666667,0.00032984989725572816,0.07343924409061661,222.64443524649687,0.5,low_vs_medium,1,2
2,missingindicator_ST011Q09TA,30,5,0.16666666666666666,0.059197719116469184,0.006194566342452071,0.10464197666576487,1.0,low_vs_medium,1,2
2,missingindicator_ST011Q12TA,30,21,0.7,0.06748499282768879,0.021857948169748124,0.3238934651079922,1.0,low_vs_medium,1,2
2,missingindicator_ST012Q01TA,30,3,0.1,-0.005132104504347478,0.05898216140499024,11.492782610920262,0.6666666666666666,low_vs_medium,1,2
2,missingindicator_ST012Q02TA,30,30,1.0,0.10037137924761794,0.009273514265093076,0.09239201787010573,1.0,low_vs_medium,1,2
2,missingindicator_ST012Q03TA,30,23,0.7666666666666667,0.06163015223764957,0.009405796239595076,0.15261679385969648,1.0,low_vs_medium,1,2
2,missingindicator_ST012Q09NA,30,7,0.23333333333333334,0.06556020344103504,0.013500803500356017,0.2059298597585754,1.0,low_vs_medium,1,2
2,missingindicator_ST166Q03HA,30,26,0.8666666666666667,0.07057159087462048,0.009185937945158531,0.13016481322460952,1.0,low_vs_medium,1,2
2,missingindicator_ST166Q05HA,30,30,1.0,0.12278162416582077,0.006878441535508982,0.05602175066701685,1.0,low_vs_medium,1,2
2,missingindicator_ST019AQ01T,30,30,1.0,0.18159713750418807,0.014746990590549637,0.08120717536205402,1.0,low_vs_medium,1,2
2,missingindicator_ST019BQ01T,30,30,1.0,0.07314529950662953,0.010859954596130426,0.14847098404657066,1.0,low_vs_medium,1,2
2,missingindicator_ST019CQ01T,30,30,1.0,0.08482227800587169,0.010826560576458515,0.12763817278886408,1.0,low_vs_medium,1,2
3,ST011Q04TA,30,7,0.23333333333333334,0.05864019023732716,0.006388837421017579,0.10894980720834688,1.0,low_vs_medium,1,2
3,ST011Q06TA,30,14,0.4666666666666667,0.0551535159679926,0.007082467890576507,0.1284137151779534,1.0,low_vs_medium,1,2
3,ST012Q01TA,30,23,0.7666666666666667,-0.056236784126315165,0.0021715855617065395,0.03861503810084294,1.0,low_vs_medium,1,2
3,ST012Q06NA,30,2,0.06666666666666667,0.050989300407360966,0.0032632779200725453,0.06399926835633636,1.0,low_vs_medium,1,2
3,ST013Q01TA,30,30,1.0,-0.16854065459873951,0.0020865811229390115,0.012380283723869057,1.0,low_vs_medium,1,2
3,ST166Q02HA,30,30,1.0,-0.11060674593181993,0.00350221379890972,0.03166365459362262,1.0,low_vs_medium,1,2
3,ST166Q04HA,30,7,0.23333333333333334,0.05351930824727789,0.0030603128665690955,0.05718147275800692,1.0,low_vs_medium,1,2
3,ST166Q05HA,30,10,0.3333333333333333,0.05291114120877669,0.002648303795010564,0.05005191221563133,1.0,low_vs_medium,1,2
3,ST004D01T,30,30,1.0,-0.06522820721997957,0.0031962259419998588,0.04900067130805408,1.0,low_vs_medium,1,2
3,ST019AQ01T,30,15,0.5,0.05580189416146491,0.0034875166162038154,0.0624981762467158,1.0,low_vs_medium,1,2
3,missingindicator_ST011Q01TA,30,7,0.23333333333333334,-0.027533063663566924,0.07581311451944307,2.7535299175500993,0.7142857142857143,low_vs_medium,1,2
3,missingindicator_ST011Q02TA,30,5,0.16666666666666666,-0.015684717266357857,0.06211143561469983,3.9599971462617707,0.6,low_vs_medium,1,2
3,missingindicator_ST011Q03TA,30,4,0.13333333333333333,0.011302440590485519,0.061359417906278926,5.428864448792746,0.5,low_vs_medium,1,2
3,missingindicator_ST011Q04TA,30,3,0.1,0.029138896921205058,0.07305937215835218,2.507279954897166,0.6666666666666666,low_vs_medium,1,2
3,missingindicator_ST011Q05TA,30,18,0.6,0.0632587871035127,0.010080085933157686,0.15934681005918225,1.0,low_vs_medium,1,2
3,missingindicator_ST011Q06TA,30,3,0.1,-0.006505128948457829,0.06546931106237576,10.064260306153741,0.6666666666666666,low_vs_medium,1,2
3,missingindicator_ST011Q07TA,30,1,0.03333333333333333,-0.021784856298668664,,,1.0,low_vs_medium,1,2
3,missingindicator_ST011Q08TA,30,1,0.03333333333333333,0.049372449998495334,,,1.0,low_vs_medium,1,2
3,missingindicator_ST011Q09TA,30,5,0.16666666666666666,0.0691487070833605,0.0070961720274372265,0.10262190468554405,1.0,low_vs_medium,1,2
3,missingindicator_ST011Q12TA,30,21,0.7,0.06810436252847822,0.023271836875938826,0.34170846054403015,1.0,low_vs_medium,1,2
3,missingindicator_ST012Q02TA,30,30,1.0,0.09987615115536376,0.009824117825245475,0.09836299969112175,1.0,low_vs_medium,1,2
3,missingindicator_ST012Q03TA,30,25,0.8333333333333334,0.0617809739463392,0.011043414216090345,0.1787510540976947,1.0,low_vs_medium,1,2
3,missingindicator_ST012Q06NA,30,1,0.03333333333333333,-0.05676941412606341,,,1.0,low_vs_medium,1,2
3,missingindicator_ST012Q09NA,30,6,0.2,0.06162980755895619,0.01990806583946348,0.32302657801452755,1.0,low_vs_medium,1,2
3,missingindicator_ST166Q03HA,30,29,0.9666666666666667,0.06784097811172222,0.009564474866690915,0.1409837406963664,1.0,low_vs_medium,1,2
3,missingindicator_ST166Q04HA,30,3,0.1,0.04702711803484775,0.0034397464665375374,0.07314389250875712,1.0,low_vs_medium,1,2
3,missingindicator_ST166Q05HA,30,30,1.0,0.12375376186186451,0.008110224667212737,0.06553517683175944,1.0,low_vs_medium,1,2
3,missingindicator_ST019AQ01T,30,30,1.0,0.1805000941216474,0.013982575173794235,0.07746575004205111,1.0,low_vs_medium,1,2
3,missingindicator_ST019BQ01T,30,30,1.0,0.07294687764661806,0.01078888055043246,0.1479005119684194,1.0,low_vs_medium,1,2
3,missingindicator_ST019CQ01T,30,30,1.0,0.08599480142828177,0.009774626339357648,0.11366531670533042,1.0,low_vs_medium,1,2
4,ST011Q04TA,30,8,0.26666666666666666,0.056033945405150797,0.006658906570613077,0.11883701071673906,1.0,low_vs_medium,1,2
4,ST011Q06TA,30,13,0.43333333333333335,0.056022876174358534,0.009862226013251572,0.1760392662197068,1.0,low_vs_medium,1,2
4,ST012Q01TA,30,22,0.7333333333333333,-0.0568809190061566,0.0023515482427610467,0.04134160073093269,1.0,low_vs_medium,1,2
4,ST012Q03TA,30,20,0.6666666666666666,-0.05614590579733678,0.0034296051794819172,0.06108379820002114,1.0,low_vs_medium,1,2
4,ST013Q01TA,30,30,1.0,0.1101729820285184,0.0033673540666255665,0.03056424546767667,1.0,low_vs_medium,1,2
4,ST166Q02HA,30,30,1.0,0.10696971520992087,0.004243337979604167,0.03966859191199024,1.0,low_vs_medium,1,2
4,ST166Q04HA,30,6,0.2,0.05227096642190892,0.0024642138200749258,0.04714306982933593,1.0,low_vs_medium,1,2
4,ST166Q05HA,30,4,0.13333333333333333,0.05438593616861989,0.0018496687204082748,0.03401005573708436,1.0,low_vs_medium,1,2
4,ST004D01T,30,30,1.0,0.06495884342869747,0.003650812355923579,0.056201929763896104,1.0,low_vs_medium,1,2
4,ST019AQ01T,30,12,0.4,0.057799518558194714,0.0038424133586346947,0.06647829349592263,1.0,low_vs_medium,1,2
4,missingindicator_ST011Q01TA,30,10,0.3333333333333333,-0.009923851224863719,0.05787562068340253,5.8319718194079755,0.5,low_vs_medium,1,2
4,missingindicator_ST011Q02TA,30,6,0.2,0.003988796062811961,0.06470472723025743,16.22161830571074,0.5,low_vs_medium,1,2
4,missingindicator_ST011Q03TA,30,3,0.1,0.07534681927436924,0.025638469322974727,0.3402727490010474,1.0,low_vs_medium,1,2
4,missingindicator_ST011Q04TA,30,4,0.13333333333333333,-0.00026785451080727114,0.0920354910583149,343.6025429660844,0.5,low_vs_medium,1,2
4,missingindicator_ST011Q05TA,30,16,0.5333333333333333,0.06486297353939013,0.010427894301258917,0.1607680581422349,1.0,low_vs_medium,1,2
4,missingindicator_ST011Q06TA,30,2,0.06666666666666667,-0.0069981985451210565,0.08258618272723052,11.801063115708148,0.5,low_vs_medium,1,2
4,missingindicator_ST011Q07TA,30,1,0.03333333333333333,0.04944924664754098,,,1.0,low_vs_medium,1,2
4,missingindicator_ST011Q09TA,30,7,0.23333333333333334,0.06576383878025158,0.01629415022222921,0.24776762616725823,1.0,low_vs_medium,1,2
4,missingindicator_ST011Q10TA,30,1,0.03333333333333333,0.08755049902516726,,,1.0,low_vs_medium,1,2
4,missingindicator_ST011Q12TA,30,19,0.6333333333333333,0.0708586766651769,0.028716300443468918,0.4052615966730492,1.0,low_vs_medium,1,2
4,missingindicator_ST012Q01TA,30,2,0.06666666666666667,0.005909612452026883,0.10302787569932911,17.433947917175608,0.5,low_vs_medium,1,2
4,missingindicator_ST012Q02TA,30,30,1.0,0.09928941805667867,0.011966302216221036,0.12051941133737087,1.0,low_vs_medium,1,2
4,missingindicator_ST012Q03TA,30,21,0.7,0.06285592462098819,0.008711071191074648,0.13858790947076355,1.0,low_vs_medium,1,2
4,missingindicator_ST012Q09NA,30,7,0.23333333333333334,0.055826799087141665,0.02107518794246694,0.3775102332048461,1.0,low_vs_medium,1,2
4,missingindicator_ST166Q03HA,30,26,0.8666666666666667,0.07047193546404983,0.013119192995718724,0.1861619509855988,1.0,low_vs_medium,1,2
4,missingindicator_ST166Q04HA,30,1,0.03333333333333333,0.05088872044103664,,,1.0,low_vs_medium,1,2
4,missingindicator_ST166Q05HA,30,30,1.0,0.12293217784297551,0.008306172750665383,0.06756711624579753,1.0,low_vs_medium,1,2
4,missingindicator_ST019AQ01T,30,30,1.0,0.18139460778796404,0.01588404429615409,0.08756624295426291,1.0,low_vs_medium,1,2
4,missingindicator_ST019BQ01T,30,29,0.9666666666666667,0.07398285331493826,0.012896134427939226,0.17431247714982764,1.0,low_vs_medium,1,2
4,missingindicator_ST019CQ01T,30,30,1.0,0.08479220405383993,0.012711303700032347,0.1499112311311207,1.0,low_vs_medium,1,2
5,ST011Q04TA,30,10,0.3333333333333333,0.0570482567703145,0.0057694692208251535,0.10113313793362642,1.0,low_vs_medium,1,2
5,ST011Q06TA,30,13,0.43333333333333335,0.05729588364555759,0.008630413091801948,0.15062885049807767,1.0,low_vs_medium,1,2
5,ST012Q01TA,30,25,0.8333333333333334,0.05696890995897865,0.002520459424458577,0.044242718111922326,1.0,low_vs_medium,1,2
5,ST012Q06NA,30,5,0.16666666666666666,0.04830446468274139,0.004631405978276569,0.09587945977033703,1.0,low_vs_medium,1,2
5,ST013Q01TA,30,30,1.0,0.11005767288611217,0.0032249419233800814,0.029302290688239935,1.0,low_vs_medium,1,2
5,ST166Q02HA,30,30,1.0,0.10696287025978485,0.00440274800991705,0.041161460974485135,1.0,low_vs_medium,1,2
5,ST166Q05HA,30,13,0.43333333333333335,0.05269524506789426,0.0030848741151841604,0.058541792740682934,1.0,low_vs_medium,1,2
5,ST004D01T,30,30,1.0,-0.06478146640272756,0.003663471224817535,0.056551224111581526,1.0,low_vs_medium,1,2
5,ST019AQ01T,30,13,0.43333333333333335,0.05673180382189849,0.0036810690304577335,0.06488545722984468,1.0,low_vs_medium,1,2
5,ST019BQ01T,30,1,0.03333333333333333,0.044268508606613924,,,1.0,low_vs_medium,1,2
5,missingindicator_ST011Q01TA,30,8,0.26666666666666666,-0.00756027134335145,0.06452282815043568,8.534459309741239,0.5,low_vs_medium,1,2
5,missingindicator_ST011Q02TA,30,4,0.13333333333333333,0.024728196147367987,0.06350286791864428,2.568034786694434,0.75,low_vs_medium,1,2
5,missingindicator_ST011Q03TA,30,5,0.16666666666666666,0.047840162314077686,0.0548716090287075,1.1469779025511522,0.8,low_vs_medium,1,2
5,missingindicator_ST011Q04TA,30,4,0.13333333333333333,-0.0012680045939304947,0.09292857734067275,73.28725604425263,0.5,low_vs_medium,1,2
5,missingindicator_ST011Q05TA,30,16,0.5333333333333333,0.06355314656556285,0.009973124034119341,0.15692573181771327,1.0,low_vs_medium,1,2
5,missingindicator_ST011Q06TA,30,4,0.13333333333333333,-0.034826487917005294,0.06095067821463903,1.7501241687042939,0.75,low_vs_medium,1,2
5,missingindicator_ST011Q07TA,30,1,0.03333333333333333,0.05614555746293269,,,1.0,low_vs_medium,1,2
5,missingindicator_ST011Q09TA,30,9,0.3,0.0589657074559201,0.019358783170206815,0.32830579001665505,1.0,low_vs_medium,1,2
5,missingindicator_ST011Q10TA,30,3,0.1,0.03171402159172303,0.08338029486859859,2.629130292651369,0.6666666666666666,low_vs_medium,1,2
5,missingindicator_ST011Q12TA,30,18,0.6,0.07357389187047547,0.029675769865235607,0.40334647401117324,1.0,low_vs_medium,1,2
5,missingindicator_ST012Q01TA,30,2,0.06666666666666667,0.00468629466897711,0.10226444856779883,21.822026951224636,0.5,low_vs_medium,1,2
5,missingindicator_ST012Q02TA,30,30,1.0,0.09910183091051475,0.012134555174770788,0.12244531774319929,1.0,low_vs_medium,1,2
5,missingindicator_ST012Q03TA,30,21,0.7,0.06327524200912793,0.009427856025123397,0.14899754984363958,1.0,low_vs_medium,1,2
5,missingindicator_ST012Q09NA,30,6,0.2,0.05558052034179994,0.018806885654657525,0.338371888910036,1.0,low_vs_medium,1,2
5,missingindicator_ST166Q03HA,30,28,0.9333333333333333,0.06859625297951961,0.012734057165437102,0.18563779524865645,1.0,low_vs_medium,1,2
5,missingindicator_ST166Q04HA,30,2,0.06666666666666667,0.049515937691932944,0.004040544535685837,0.08160088900717952,1.0,low_vs_medium,1,2
5,missingindicator_ST166Q05HA,30,30,1.0,0.12270234108908823,0.008044297631802113,0.06555944703582745,1.0,low_vs_medium,1,2
5,missingindicator_ST019AQ01T,30,30,1.0,0.1802094130973235,0.015597920946697985,0.08655441843248336,1.0,low_vs_medium,1,2
5,missingindicator_ST019BQ01T,30,29,0.9666666666666667,0.07401013221157421,0.01302268897145158,0.1759581908896388,1.0,low_vs_medium,1,2
5,missingindicator_ST019CQ01T,30,30,1.0,0.08482983721709453,0.011897262644426948,0.14024856152888462,1.0,low_vs_medium,1,2
0,ST011Q04TA,30,30,1.0,0.04338300688332282,0.003124521422526913,0.07202178103814269,1.0,medium_vs_high,1,2
0,ST011Q06TA,30,1,0.03333333333333333,0.013883001813404109,,,1.0,medium_vs_high,1,2
0,ST012Q01TA,30,20,0.6666666666666666,0.01835990633286055,0.0015515040939330935,0.08450501139846298,1.0,medium_vs_high,1,2
0,ST012Q06NA,30,30,1.0,-0.024597041696627346,0.0014298796512566012,0.05813217983253087,1.0,medium_vs_high,1,2
0,ST012Q08NA,30,1,0.03333333333333333,-0.015880481320578326,,,1.0,medium_vs_high,1,2
0,ST166Q02HA,30,12,0.4,-0.018144285020628627,0.0013003535083828826,0.07166738765977733,1.0,medium_vs_high,1,2
0,ST166Q03HA,30,30,1.0,-0.05443988497187529,0.001769797675006051,0.03250921040557604,1.0,medium_vs_high,1,2
0,ST166Q05HA,30,30,1.0,-0.06150446792507417,0.0012939183138887002,0.021037793798411107,1.0,medium_vs_high,1,2
0,ST019AQ01T,30,23,0.7666666666666667,0.020394759787665143,0.0019375871326359954,0.09500416542330929,1.0,medium_vs_high,1,2
0,missingindicator_ST011Q01TA,30,12,0.4,0.00721000252176142,0.032253204351578524,4.473397097189779,0.6666666666666666,medium_vs_high,1,2
0,missingindicator_ST011Q02TA,30,20,0.6666666666666666,0.017775200681821823,0.01814633104381294,1.020879109532117,0.9,medium_vs_high,1,2
0,missingindicator_ST011Q03TA,30,28,0.9333333333333333,-0.04409753347637418,0.01652787486712607,0.3748027058243766,1.0,medium_vs_high,1,2
0,missingindicator_ST011Q04TA,30,10,0.3333333333333333,0.016459431766321996,0.022192408822612905,1.348309536907664,0.8,medium_vs_high,1,2
0,missingindicator_ST011Q05TA,30,1,0.03333333333333333,0.020716894729090187,,,1.0,medium_vs_high,1,2
0,missingindicator_ST011Q06TA,30,7,0.23333333333333334,-0.0006031457581765898,0.03008548400328473,49.88095098975439,0.5714285714285714,medium_vs_high,1,2
0,missingindicator_ST011Q07TA,30,5,0.16666666666666666,-0.00966227302215929,0.02047120030930269,2.1186733455320907,0.6,medium_vs_high,1,2
0,missingindicator_ST011Q08TA,30,28,0.9333333333333333,0.030747609081750886,0.008350979978373656,0.27159770231793645,1.0,medium_vs_high,1,2
0,missingindicator_ST011Q09TA,30,5,0.16666666666666666,-0.004109923315323701,0.02829427327104323,6.884379853402387,0.6,medium_vs_high,1,2
0,missingindicator_ST011Q10TA,30,7,0.23333333333333334,0.00024126965167235774,0.01956600838689041,81.09601954190614,0.5714285714285714,medium_vs_high,1,2
0,missingindicator_ST011Q12TA,30,11,0.36666666666666664,-0.021998471971176596,0.015651811775020633,0.711495407295941,0.9090909090909091,medium_vs_high,1,2
0,missingindicator_ST011Q16NA,30,2,0.06666666666666667,0.0017877707353986388,0.02948178400154899,16.490808031363773,0.5,medium_vs_high,1,2
0,missingindicator_ST012Q01TA,30,7,0.23333333333333334,-0.014045772534894363,0.02411333807468232,1.716768373884511,0.7142857142857143,medium_vs_high,1,2
0,missingindicator_ST012Q02TA,30,27,0.9,0.025615785607831572,0.005018791941452792,0.19592574743904734,1.0,medium_vs_high,1,2
0,missingindicator_ST012Q03TA,30,12,0.4,0.019122425774546117,0.004268211937935653,0.2232045237491299,1.0,medium_vs_high,1,2
0,missingindicator_ST012Q05NA,30,3,0.1,-0.02000311809007758,0.005796489603404318,0.2897793022718608,1.0,medium_vs_high,1,2
0,missingindicator_ST012Q06NA,30,3,0.1,-0.004293017568876476,0.017246333439329572,4.017298593036763,0.6666666666666666,medium_vs_high,1,2
0,missingindicator_ST012Q08NA,30,3,0.1,0.020061422276120587,0.008132839304348188,0.40539694506250584,1.0,medium_vs_high,1,2
0,missingindicator_ST012Q09NA,30,7,0.23333333333333334,-0.019487619165080832,0.023878543404685204,1.2253186601405015,0.8571428571428571,medium_vs_high,1,2
0,missingindicator_ST013Q01TA,30,13,0.43333333333333335,-0.010233541193636654,0.0209327743369019,2.045506432310857,0.6923076923076923,medium_vs_high,1,2
0,missingindicator_ST166Q03HA,30,30,1.0,0.038815394692582654,0.004524713060343899,0.1165700644339587,1.0,medium_vs_high,1,2
0,missingindicator_ST166Q05HA,30,18,0.6,0.02040824145172842,0.0038251802267585035,0.1874331130296648,1.0,medium_vs_high,1,2
0,missingindicator_ST019AQ01T,30,5,0.16666666666666666,-0.006829566249026006,0.026427379388273775,3.8695545843841397,0.6,medium_vs_high,1,2
0,missingindicator_ST019BQ01T,30,3,0.1,0.01971973448616932,0.0016775503232360589,0.08506962020267715,1.0,medium_vs_high,1,2
0,missingindicator_ST019CQ01T,30,6,0.2,0.018798058827752977,0.00254565815795663,0.13542133160038233,1.0,medium_vs_high,1,2
1,ST011Q04TA,30,30,1.0,0.04292397617776828,0.002253431750669948,0.05249820616192293,1.0,medium_vs_high,1,2
1,ST012Q01TA,30,22,0.7333333333333333,0.018652574816777272,0.001645853000387425,0.08823730860508565,1.0,medium_vs_high,1,2
1,ST012Q03TA,30,3,0.1,-0.015608526405747822,0.001689724016212279,0.10825647292303264,1.0,medium_vs_high,1,2
1,ST012Q06NA,30,30,1.0,-0.024772930955969125,0.001468389042784189,0.05927393272092318,1.0,medium_vs_high,1,2
1,ST012Q08NA,30,3,0.1,-0.016292508836331984,0.0005322203372399785,0.03266656735229981,1.0,medium_vs_high,1,2
1,ST013Q01TA,30,30,1.0,-0.06114634711083523,0.0013724332482365814,0.022445057032579204,1.0,medium_vs_high,1,2
1,ST166Q02HA,30,1,0.03333333333333333,0.015116283617104133,,,1.0,medium_vs_high,1,2
1,ST166Q03HA,30,30,1.0,-0.054568856190035736,0.0013675719438176104,0.025061400207016412,1.0,medium_vs_high,1,2
1,ST166Q05HA,30,24,0.8,0.018615135974866998,0.001759201685761276,0.09450383215768293,1.0,medium_vs_high,1,2
1,ST019AQ01T,30,23,0.7666666666666667,0.02054826784977011,0.00231996716793368,0.11290329602938455,1.0,medium_vs_high,1,2
1,missingindicator_ST011Q01TA,30,10,0.3333333333333333,0.005328611045926924,0.030456782579641486,5.715707586299059,0.7,medium_vs_high,1,2
1,missingindicator_ST011Q02TA,30,16,0.5333333333333333,0.02168708208067559,0.018352183299152915,0.8462264877719876,0.875,medium_vs_high,1,2
1,missingindicator_ST011Q03TA,30,28,0.9333333333333333,-0.041280654898470014,0.018433229793907498,0.44653433525325903,1.0,medium_vs_high,1,2
1,missingindicator_ST011Q04TA,30,8,0.26666666666666666,0.012295020246314042,0.023133316398453715,1.8815191789040702,0.75,medium_vs_high,1,2
1,missingindicator_ST011Q06TA,30,6,0.2,-0.006491569450170959,0.02848466505261202,4.387947363308554,0.6666666666666666,medium_vs_high,1,2
1,missingindicator_ST011Q07TA,30,6,0.2,-0.0006331178392051431,0.02214187909348911,34.97276134453493,0.5,medium_vs_high,1,2
1,missingindicator_ST011Q08TA,30,28,0.9333333333333333,0.03141253823224481,0.009167405710867339,0.2918390625771541,1.0,medium_vs_high,1,2
1,missingindicator_ST011Q09TA,30,5,0.16666666666666666,-0.012476460426395743,0.019482055376640623,1.5615050030875375,0.8,medium_vs_high,1,2
1,missingindicator_ST011Q10TA,30,3,0.1,-0.016608935188438968,0.028335622734947854,1.706046920736467,0.6666666666666666,medium_vs_high,1,2
1,missingindicator_ST011Q12TA,30,10,0.3333333333333333,-0.012198494446942107,0.021813411109767377,1.7882051924231943,0.7,medium_vs_high,1,2
1,missingindicator_ST011Q16NA,30,2,0.06666666666666667,-0.0017580517050806502,0.02643721469740968,15.037791335151248,0.5,medium_vs_high,1,2
1,missingindicator_ST012Q01TA,30,11,0.36666666666666664,-0.007143853867148475,0.020538845726675883,2.875037215014327,0.6363636363636364,medium_vs_high,1,2
1,missingindicator_ST012Q02TA,30,30,1.0,0.024358077477192253,0.004732710999726974,0.1942973949466439,1.0,medium_vs_high,1,2
1,missingindicator_ST012Q03TA,30,7,0.23333333333333334,0.01999463588184971,0.0032865268907662755,0.16437042965856888,1.0,medium_vs_high,1,2
1,missingindicator_ST012Q05NA,30,3,0.1,-0.006745227524161787,0.0192639887185411,2.8559435022075093,0.6666666666666666,medium_vs_high,1,2
1,missingindicator_ST012Q06NA,30,2,0.06666666666666667,0.00141743783579199,0.021725696427807122,15.327442148930603,0.5,medium_vs_high,1,2
1,missingindicator_ST012Q07NA,30,1,0.03333333333333333,-0.01717634021467713,,,1.0,medium_vs_high,1,2
1,missingindicator_ST012Q08NA,30,2,0.06666666666666667,-0.0007270677504427735,0.03017292809700023,41.49947247505526,0.5,medium_vs_high,1,2
1,missingindicator_ST012Q09NA,30,9,0.3,-0.005609666305067554,0.02457823133088364,4.381407020357098,0.6666666666666666,medium_vs_high,1,2
1,missingindicator_ST013Q01TA,30,7,0.23333333333333334,-0.011159376232126443,0.02038576426725912,1.8267834906910891,0.7142857142857143,medium_vs_high,1,2
1,missingindicator_ST166Q03HA,30,30,1.0,0.03918291606028408,0.004213617934301643,0.10753711969315573,1.0,medium_vs_high,1,2
1,missingindicator_ST166Q05HA,30,14,0.4666666666666667,0.019910417155661414,0.00394328185317427,0.1980511921144264,1.0,medium_vs_high,1,2
1,missingindicator_ST019AQ01T,30,8,0.26666666666666666,8.759438836198827e-06,0.01881991157613549,2148.529366785604,0.5,medium_vs_high,1,2
1,missingindicator_ST019BQ01T,30,2,0.06666666666666667,0.021528201809032955,0.0014405586766393294,0.0669149559920462,1.0,medium_vs_high,1,2
1,missingindicator_ST019CQ01T,30,6,0.2,0.01860105146864933,0.0023862393785320075,0.12828518767091387,1.0,medium_vs_high,1,2
2,ST011Q01TA,30,1,0.03333333333333333,-0.02135340181046318,,,1.0,medium_vs_high,1,2
2,ST011Q04TA,30,30,1.0,0.04307052649375579,0.0026254743268864277,0.06095756287694926,1.0,medium_vs_high,1,2
2,ST011Q06TA,30,3,0.1,0.004281191132268789,0.020880577469517773,4.877282238612002,0.6666666666666666,medium_vs_high,1,2
2,ST011Q12TA,30,2,0.06666666666666667,-0.003870962487803966,0.028234543110073014,7.2939335369511005,0.5,medium_vs_high,1,2
2,ST012Q01TA,30,21,0.7,-0.018619671845364543,0.0017807470934769513,0.0956379418641729,1.0,medium_vs_high,1,2
2,ST012Q03TA,30,3,0.1,-0.01480512991267076,0.002309941307612019,0.1560230353423031,1.0,medium_vs_high,1,2
2,ST012Q06NA,30,30,1.0,0.02479481940373119,0.0019873678076301345,0.08015254216092697,1.0,medium_vs_high,1,2
2,ST166Q05HA,30,18,0.6,0.01890540269108889,0.0014470502952911237,0.07654162775243051,1.0,medium_vs_high,1,2
2,ST019AQ01T,30,21,0.7,0.02089273960355634,0.002761642003347602,0.13218189934638913,1.0,medium_vs_high,1,2
2,missingindicator_ST011Q01TA,30,16,0.5333333333333333,0.0075242048132685875,0.032674598932041395,4.342598286854346,0.6875,medium_vs_high,1,2
2,missingindicator_ST011Q02TA,30,24,0.8,0.018983152186506466,0.021472342875809104,1.1311263095215554,0.875,medium_vs_high,1,2
2,missingindicator_ST011Q03TA,30,29,0.9666666666666667,-0.04493337009315273,0.02196174661579416,0.4887625070246144,0.9655172413793104,medium_vs_high,1,2
2,missingindicator_ST011Q04TA,30,14,0.4666666666666667,0.004313710701397825,0.03017234051914484,6.994521099750088,0.5714285714285714,medium_vs_high,1,2
2,missingindicator_ST011Q05TA,30,6,0.2,0.006828939685349741,0.02107452068967878,3.0860604516525987,0.6666666666666666,medium_vs_high,1,2
2,missingindicator_ST011Q06TA,30,11,0.36666666666666664,0.0010299119522073049,0.031006876090636445,30.106336783627555,0.6363636363636364,medium_vs_high,1,2
2,missingindicator_ST011Q07TA,30,6,0.2,-0.0048782990520926444,0.02280280492540881,4.674335189768058,0.6666666666666666,medium_vs_high,1,2
2,missingindicator_ST011Q08TA,30,27,0.9,0.03369623232798712,0.008807123331503583,0.26136819231830377,1.0,medium_vs_high,1,2
2,missingindicator_ST011Q09TA,30,9,0.3,-0.005145768665991014,0.024648000527450826,4.789955034386279,0.5555555555555556,medium_vs_high,1,2
2,missingindicator_ST011Q10TA,30,5,0.16666666666666666,-0.018194690648388596,0.02593166785846352,1.4252326879083348,0.8,medium_vs_high,1,2
2,missingindicator_ST011Q12TA,30,11,0.36666666666666664,-0.011294423766915335,0.019644283864403745,1.7392904914677976,0.7272727272727273,medium_vs_high,1,2
2,missingindicator_ST011Q16NA,30,4,0.13333333333333333,0.01897862037101874,0.0040779812351137736,0.21487237509324153,1.0,medium_vs_high,1,2
2,missingindicator_ST012Q01TA,30,11,0.36666666666666664,-0.006119289125806244,0.0252505449175793,4.12638533634451,0.5454545454545454,medium_vs_high,1,2
2,missingindicator_ST012Q02TA,30,27,0.9,0.02602385682803742,0.0052651029339157475,0.20231831771543038,1.0,medium_vs_high,1,2
2,missingindicator_ST012Q03TA,30,11,0.36666666666666664,0.02093391095075621,0.002669187026459686,0.12750541610397292,1.0,medium_vs_high,1,2
2,missingindicator_ST012Q05NA,30,4,0.13333333333333333,-0.02269040150136923,0.0067236478164584435,0.29632123592227805,1.0,medium_vs_high,1,2
2,missingindicator_ST012Q06NA,30,6,0.2,-0.005745508536488233,0.018317441401352826,3.1881323097900753,0.6666666666666666,medium_vs_high,1,2
2,missingindicator_ST012Q07NA,30,3,0.1,0.021596006712859498,0.006103192366973572,0.2826074490585976,1.0,medium_vs_high,1,2
2,missingindicator_ST012Q08NA,30,5,0.16666666666666666,0.006686869752021804,0.021522416609224188,3.218608617689434,0.6,medium_vs_high,1,2
2,missingindicator_ST012Q09NA,30,13,0.43333333333333335,-0.0064803895826198304,0.025159865930577174,3.882461943037348,0.5384615384615384,medium_vs_high,1,2
2,missingindicator_ST013Q01TA,30,12,0.4,-0.01334985173846231,0.02305291373246933,1.7268291951176873,0.75,medium_vs_high,1,2
2,missingindicator_ST166Q03HA,30,30,1.0,0.038405663444732084,0.00547386798778353,0.14252762475150924,1.0,medium_vs_high,1,2
2,missingindicator_ST166Q05HA,30,16,0.5333333333333333,0.021309430037829456,0.0055391954717640595,0.25994104309362714,1.0,medium_vs_high,1,2
2,missingindicator_ST019AQ01T,30,12,0.4,-0.004235375889315672,0.02270496464915397,5.360790929190115,0.5,medium_vs_high,1,2
2,missingindicator_ST019BQ01T,30,3,0.1,0.021434707835624612,0.004618621237205379,0.21547395339483952,1.0,medium_vs_high,1,2
2,missingindicator_ST019CQ01T,30,6,0.2,0.021599570188895707,0.0041823789942802645,0.1936325101705226,1.0,medium_vs_high,1,2
3,ST011Q01TA,30,1,0.03333333333333333,-0.016944033368515448,,,1.0,medium_vs_high,1,2
3,ST011Q04TA,30,30,1.0,0.04330540159028624,0.002866420994214242,0.0661908419954984,1.0,medium_vs_high,1,2
3,ST011Q12TA,30,1,0.03333333333333333,-0.023083652408855068,,,1.0,medium_vs_high,1,2
3,ST012Q01TA,30,18,0.6,0.018625458703699735,0.0019409527893547466,0.1042096637850427,1.0,medium_vs_high,1,2
3,ST012Q03TA,30,3,0.1,-0.015817971663489097,0.0007144740928864327,0.04516850251638619,1.0,medium_vs_high,1,2
3,ST012Q06NA,30,30,1.0,0.024726803535390907,0.001761718332215374,0.07124731385898168,1.0,medium_vs_high,1,2
3,ST166Q02HA,30,11,0.36666666666666664,-0.018118172598086898,0.0013647957582614465,0.07532745098175936,1.0,medium_vs_high,1,2
3,ST166Q03HA,30,30,1.0,0.036140414132972094,0.0020585589538904747,0.05696002669798914,1.0,medium_vs_high,1,2
3,ST166Q05HA,30,17,0.5666666666666667,0.01929490444272048,0.0011412930224214417,0.05914997018044446,1.0,medium_vs_high,1,2
3,ST019AQ01T,30,20,0.6666666666666666,0.020960846293532284,0.0027252461196244585,0.13001603472782325,1.0,medium_vs_high,1,2
3,missingindicator_ST011Q01TA,30,16,0.5333333333333333,0.0026917347758451432,0.0290192842692931,10.780885445959923,0.625,medium_vs_high,1,2
3,missingindicator_ST011Q02TA,30,21,0.7,0.022209415140965274,0.02125822800267167,0.9571718961415089,0.9047619047619048,medium_vs_high,1,2
3,missingindicator_ST011Q03TA,30,29,0.9666666666666667,-0.04391919230005331,0.021001454690026247,0.4781839917853124,0.9655172413793104,medium_vs_high,1,2
3,missingindicator_ST011Q04TA,30,10,0.3333333333333333,0.011003754254882116,0.028620775575186448,2.6010009776879612,0.6,medium_vs_high,1,2
3,missingindicator_ST011Q05TA,30,3,0.1,0.009063774600313983,0.021016951050069312,2.318785713111318,0.6666666666666666,medium_vs_high,1,2
3,missingindicator_ST011Q06TA,30,9,0.3,0.0022231695881152233,0.03041139556828133,13.679296321277834,0.6666666666666666,medium_vs_high,1,2
3,missingindicator_ST011Q07TA,30,5,0.16666666666666666,-0.011030724072401285,0.019067620309169843,1.7285919024007461,0.8,medium_vs_high,1,2
3,missingindicator_ST011Q08TA,30,28,0.9333333333333333,0.03305758653107218,0.009595636281046349,0.2902703218224058,1.0,medium_vs_high,1,2
3,missingindicator_ST011Q09TA,30,9,0.3,-0.00019354623317298678,0.023467099828281924,121.24803176772558,0.5555555555555556,medium_vs_high,1,2
3,missingindicator_ST011Q10TA,30,7,0.23333333333333334,-0.01237182019746369,0.023241783231997517,1.8786066125308098,0.7142857142857143,medium_vs_high,1,2
3,missingindicator_ST011Q12TA,30,11,0.36666666666666664,-0.0174991548817605,0.012927026251034616,0.7387228890984073,0.9090909090909091,medium_vs_high,1,2
3,missingindicator_ST011Q16NA,30,4,0.13333333333333333,0.020279640113984594,0.002349701307274644,0.11586503971805291,1.0,medium_vs_high,1,2
3,missingindicator_ST012Q01TA,30,10,0.3333333333333333,-0.014119623336134906,0.025204965008716173,1.7851017983044695,0.7,medium_vs_high,1,2
3,missingindicator_ST012Q02TA,30,28,0.9333333333333333,0.02491868442645035,0.005312318911721427,0.21318617069858545,1.0,medium_vs_high,1,2
3,missingindicator_ST012Q03TA,30,8,0.26666666666666666,0.022430087268406108,0.003698651686449168,0.1648968923834239,1.0,medium_vs_high,1,2
3,missingindicator_ST012Q05NA,30,1,0.03333333333333333,-0.030146148270266848,,,1.0,medium_vs_high,1,2
3,missingindicator_ST012Q06NA,30,5,0.16666666666666666,-0.010045986722625702,0.017394923324138736,1.731529595292184,0.8,medium_vs_high,1,2
3,missingindicator_ST012Q07NA,30,2,0.06666666666666667,0.02516498609626367,0.004120911295526797,0.16375575491133065,1.0,medium_vs_high,1,2
3,missingindicator_ST012Q08NA,30,5,0.16666666666666666,0.015550662557030076,0.016704637728963304,1.074207460145262,0.8,medium_vs_high,1,2
3,missingindicator_ST012Q09NA,30,12,0.4,-0.007378906100137636,0.028224359837193982,3.825005963508266,0.5833333333333334,medium_vs_high,1,2
3,missingindicator_ST013Q01TA,30,8,0.26666666666666666,-0.016503881225384643,0.024062142372314015,1.457968707100485,0.75,medium_vs_high,1,2
3,missingindicator_ST166Q03HA,30,30,1.0,0.038207968821845635,0.005027281462948567,0.1315767788230132,1.0,medium_vs_high,1,2
3,missingindicator_ST166Q05HA,30,17,0.5666666666666667,0.022142751812939707,0.004870827076394023,0.2199738820875744,1.0,medium_vs_high,1,2
3,missingindicator_ST019AQ01T,30,5,0.16666666666666666,-0.026168419408728938,0.005896133713401378,0.2253148583912798,1.0,medium_vs_high,1,2
3,missingindicator_ST019BQ01T,30,1,0.03333333333333333,0.022664576434641856,,,1.0,medium_vs_high,1,2
3,missingindicator_ST019CQ01T,30,5,0.16666666666666666,0.021042462980348065,0.0021461514440524005,0.10199145632603608,1.0,medium_vs_high,1,2
4,ST011Q04TA,30,30,1.0,0.04360373423892303,0.0025933046022475863,0.05947436951243188,1.0,medium_vs_high,1,2
4,ST011Q06TA,30,2,0.06666666666666667,-0.00046802234354207,0.028128823110092856,60.101453484483876,0.5,medium_vs_high,1,2
4,ST011Q12TA,30,1,0.03333333333333333,0.01731486151048246,,,1.0,medium_vs_high,1,2
4,ST012Q01TA,30,14,0.4666666666666667,0.018757346297459464,0.0017770132770256553,0.09473692327503373,1.0,medium_vs_high,1,2
4,ST012Q06NA,30,30,1.0,0.024624901074413695,0.0016372989172248607,0.06648956323833044,1.0,medium_vs_high,1,2
4,ST166Q02HA,30,1,0.03333333333333333,0.014685046958829686,,,1.0,medium_vs_high,1,2
4,ST166Q03HA,30,30,1.0,0.036154772670866385,0.0020565087704816714,0.056880699795930724,1.0,medium_vs_high,1,2
4,ST166Q04HA,30,1,0.03333333333333333,0.015373871796825325,,,1.0,medium_vs_high,1,2
4,ST166Q05HA,30,30,1.0,0.03176077048258966,0.0014732165655737502,0.04638478674128277,1.0,medium_vs_high,1,2
4,ST019AQ01T,30,22,0.7333333333333333,0.02086229612629543,0.0022589828608638803,0.10828064404744951,1.0,medium_vs_high,1,2
4,missingindicator_ST011Q01TA,30,14,0.4666666666666667,0.014586569968309749,0.030338947539005637,2.0799233544910782,0.8571428571428571,medium_vs_high,1,2
4,missingindicator_ST011Q02TA,30,19,0.6333333333333333,0.022091105058015453,0.019750391165143794,0.8940426978766115,0.8421052631578947,medium_vs_high,1,2
4,missingindicator_ST011Q03TA,30,28,0.9333333333333333,-0.04508443931959826,0.019891167354106624,0.4411980642168019,1.0,medium_vs_high,1,2
4,missingindicator_ST011Q04TA,30,14,0.4666666666666667,0.0080774684504099,0.025830103431533406,3.1977968827872836,0.6428571428571429,medium_vs_high,1,2
4,missingindicator_ST011Q05TA,30,2,0.06666666666666667,0.019593112149517374,0.004238017789267033,0.2163014102571462,1.0,medium_vs_high,1,2
4,missingindicator_ST011Q06TA,30,9,0.3,-0.0035866704511861597,0.029948321216387897,8.34989487436282,0.5555555555555556,medium_vs_high,1,2
4,missingindicator_ST011Q07TA,30,6,0.2,0.0009438953207583477,0.022792975987904408,24.147779405868857,0.5,medium_vs_high,1,2
4,missingindicator_ST011Q08TA,30,25,0.8333333333333334,0.033269021876564005,0.0068564526990187,0.2060912017328845,1.0,medium_vs_high,1,2
4,missingindicator_ST011Q09TA,30,6,0.2,-0.019737496093651014,0.019119519373723227,0.9686902169862077,0.8333333333333334,medium_vs_high,1,2
4,missingindicator_ST011Q10TA,30,10,0.3333333333333333,-0.005087941673131295,0.02536424385638349,4.9851679688720685,0.6,medium_vs_high,1,2
4,missingindicator_ST011Q12TA,30,10,0.3333333333333333,-0.02048723851020566,0.012920450880203844,0.6306584888816302,0.9,medium_vs_high,1,2
4,missingindicator_ST011Q16NA,30,4,0.13333333333333333,0.010956311709015957,0.019244546923848225,1.7564804137519996,0.75,medium_vs_high,1,2
4,missingindicator_ST012Q01TA,30,11,0.36666666666666664,-0.01663955870799704,0.02289556524638172,1.3759719021501462,0.8181818181818182,medium_vs_high,1,2
4,missingindicator_ST012Q02TA,30,27,0.9,0.02544812815267182,0.006002511301655222,0.23587240938288867,1.0,medium_vs_high,1,2
4,missingindicator_ST012Q03TA,30,10,0.3333333333333333,0.0210830343735419,0.0042320959972242,0.2007346723550979,1.0,medium_vs_high,1,2
4,missingindicator_ST012Q05NA,30,2,0.06666666666666667,-0.005058232668287482,0.031244385689788105,6.176937230601181,0.5,medium_vs_high,1,2
4,missingindicator_ST012Q06NA,30,3,0.1,-0.007747324195694465,0.0244312050483509,3.153502348840444,0.6666666666666666,medium_vs_high,1,2
4,missingindicator_ST012Q07NA,30,2,0.06666666666666667,0.02569796820941127,0.006604496973874048,0.2570046363219995,1.0,medium_vs_high,1,2
4,missingindicator_ST012Q08NA,30,4,0.13333333333333333,0.016757484614409842,0.01912090365730973,1.141036623173598,0.75,medium_vs_high,1,2
4,missingindicator_ST012Q09NA,30,15,0.5,-0.005320474652194881,0.025825046847604463,4.853899047700703,0.6,medium_vs_high,1,2
4,missingindicator_ST013Q01TA,30,12,0.4,-0.012997445717402615,0.025203989664333345,1.9391494461551837,0.6666666666666666,medium_vs_high,1,2
4,missingindicator_ST166Q03HA,30,30,1.0,0.03821691234456574,0.005126205267757417,0.13413446961751577,1.0,medium_vs_high,1,2
4,missingindicator_ST166Q05HA,30,16,0.5333333333333333,0.02214476928205253,0.004722988597097544,0.21327784168541064,1.0,medium_vs_high,1,2
4,missingindicator_ST019AQ01T,30,5,0.16666666666666666,-0.026061282543753683,0.008280385488895264,0.3177274746549222,1.0,medium_vs_high,1,2
4,missingindicator_ST019BQ01T,30,1,0.03333333333333333,0.018928252307855796,,,1.0,medium_vs_high,1,2
4,missingindicator_ST019CQ01T,30,4,0.13333333333333333,0.021471184608929536,0.0034813827673607733,0.16214209093581727,1.0,medium_vs_high,1,2
5,ST011Q01TA,30,1,0.03333333333333333,-0.018418154428226773,,,1.0,medium_vs_high,1,2
5,ST011Q04TA,30,30,1.0,0.043187249734081175,0.0027470615605811057,0.06360816161009819,1.0,medium_vs_high,1,2
5,ST011Q06TA,30,1,0.03333333333333333,0.02664384827739824,,,1.0,medium_vs_high,1,2
5,ST011Q12TA,30,1,0.03333333333333333,-0.021903342814114445,,,1.0,medium_vs_high,1,2
5,ST012Q01TA,30,19,0.6333333333333333,0.019043848362074667,0.0018164788015863351,0.09538401939829587,1.0,medium_vs_high,1,2
5,ST012Q03TA,30,1,0.03333333333333333,0.016748963250842835,,,1.0,medium_vs_high,1,2
5,ST012Q06NA,30,30,1.0,0.02492539464727371,0.001893166108659937,0.07595330527161814,1.0,medium_vs_high,1,2
5,ST013Q01TA,30,30,1.0,0.06752106047116292,0.0031953916447510426,0.04732436994403752,1.0,medium_vs_high,1,2
5,ST166Q03HA,30,30,1.0,0.03622372652592785,0.002057856486656137,0.0568096295996268,1.0,medium_vs_high,1,2
5,ST166Q05HA,30,21,0.7,0.019354038431986558,0.001145427145464659,0.05918284958924146,1.0,medium_vs_high,1,2
5,ST019AQ01T,30,17,0.5666666666666667,0.021488575212000233,0.002888083815337765,0.13440089847022163,1.0,medium_vs_high,1,2
5,missingindicator_ST011Q01TA,30,13,0.43333333333333335,0.008621042809265204,0.02937184846949443,3.4069948519369286,0.7692307692307693,medium_vs_high,1,2
5,missingindicator_ST011Q02TA,30,21,0.7,0.021638276752291026,0.021809208157640505,1.007899492519957,0.9047619047619048,medium_vs_high,1,2
5,missingindicator_ST011Q03TA,30,29,0.9666666666666667,-0.04682007551435298,0.019414820747999276,0.414668719234499,0.9655172413793104,medium_vs_high,1,2
5,missingindicator_ST011Q04TA,30,10,0.3333333333333333,0.007588352096313401,0.026294996677890235,3.4651787824480307,0.6,medium_vs_high,1,2
5,missingindicator_ST011Q05TA,30,2,0.06666666666666667,0.0010513490016484228,0.0284317522618298,27.043115290214107,0.5,medium_vs_high,1,2
5,missingindicator_ST011Q06TA,30,10,0.3333333333333333,-0.0033778419070112213,0.027332515162786328,8.091709415426921,0.5,medium_vs_high,1,2
5,missingindicator_ST011Q07TA,30,4,0.13333333333333333,0.002331237514421395,0.031233052387864852,13.397627738337414,0.5,medium_vs_high,1,2
5,missingindicator_ST011Q08TA,30,25,0.8333333333333334,0.03204600174954415,0.008046632857034101,0.25109631210541156,1.0,medium_vs_high,1,2
5,missingindicator_ST011Q09TA,30,2,0.06666666666666667,0.00043708057031766404,0.03777663441124326,86.42945254644408,0.5,medium_vs_high,1,2
5,missingindicator_ST011Q10TA,30,9,0.3,-0.008493130356671078,0.022016800273394872,2.592306882008633,0.6666666666666666,medium_vs_high,1,2
5,missingindicator_ST011Q12TA,30,7,0.23333333333333334,-0.02257492500629753,0.005923200358386662,0.26237962503681933,1.0,medium_vs_high,1,2
5,missingindicator_ST011Q16NA,30,5,0.16666666666666666,0.011166334351777649,0.01509552159040588,1.3518779856348038,0.8,medium_vs_high,1,2
5,missingindicator_ST012Q01TA,30,7,0.23333333333333334,-0.017023029661948987,0.02789386324195192,1.638595702168231,0.7142857142857143,medium_vs_high,1,2
5,missingindicator_ST012Q02TA,30,27,0.9,0.025785071831825396,0.0049802674102072935,0.19314537662293285,1.0,medium_vs_high,1,2
5,missingindicator_ST012Q03TA,30,9,0.3,0.020734177167779495,0.004215065896292303,0.2032907244007943,1.0,medium_vs_high,1,2
5,missingindicator_ST012Q05NA,30,1,0.03333333333333333,-0.025211590850684393,,,1.0,medium_vs_high,1,2
5,missingindicator_ST012Q06NA,30,4,0.13333333333333333,-0.009350191287180638,0.021538420686389798,2.3035272781979925,0.75,medium_vs_high,1,2
5,missingindicator_ST012Q07NA,30,2,0.06666666666666667,0.0266409769032653,0.004165453807280557,0.156355145023605,1.0,medium_vs_high,1,2
5,missingindicator_ST012Q08NA,30,4,0.13333333333333333,0.022582441314112425,0.005335648320571561,0.23627420287979045,1.0,medium_vs_high,1,2
5,missingindicator_ST012Q09NA,30,11,0.36666666666666664,0.000291320449698206,0.023214900920709033,79.68853866852999,0.5454545454545454,medium_vs_high,1,2
5,missingindicator_ST013Q01TA,30,7,0.23333333333333334,-0.016365897754239928,0.025856198802949176,1.5798827043417516,0.7142857142857143,medium_vs_high,1,2
5,missingindicator_ST166Q03HA,30,30,1.0,0.038671815674497435,0.004997645380072722,0.1292322404031439,1.0,medium_vs_high,1,2
5,missingindicator_ST166Q05HA,30,14,0.4666666666666667,0.022721091870195963,0.004420037463454984,0.19453455356399044,1.0,medium_vs_high,1,2
5,missingindicator_ST019AQ01T,30,10,0.3333333333333333,-0.0060448556479679085,0.02389395533214474,3.95277517341165,0.6,medium_vs_high,1,2
5,missingindicator_ST019BQ01T,30,2,0.06666666666666667,0.020672287295978642,0.0036761272669028023,0.177828762452325,1.0,medium_vs_high,1,2
5,missingindicator_ST019CQ01T,30,4,0.13333333333333333,0.017963169319583045,0.0016978467870980138,0.09451821985817721,1.0,medium_vs_high,1,2
0,ST011Q04TA,30,26,0.8666666666666667,-0.04129209960170607,0.0035753615541558024,0.0865870611725464,1.0,low_vs_high,1,3
0,ST012Q01TA,30,30,1.0,0.05289029219641712,0.0032967002872094668,0.06233091462165889,1.0,low_vs_high,1,3
0,ST013Q01TA,30,30,1.0,-0.09397092601166898,0.0021667548249653694,0.023057714943623193,1.0,low_vs_high,1,3
0,ST166Q02HA,30,30,1.0,-0.058780463970788746,0.0026553786111543913,0.04517450921234639,1.0,low_vs_high,1,3
0,ST166Q05HA,30,30,1.0,-0.06958561584419519,0.002884647491811794,0.041454652040022584,1.0,low_vs_high,1,3
0,ST004D01T,30,30,1.0,0.0608880020234496,0.003130209661634442,0.05140930162939021,1.0,low_vs_high,1,3
0,ST019AQ01T,30,29,0.9666666666666667,0.04733104562112775,0.004189795595817539,0.08852108675890498,1.0,low_vs_high,1,3
0,missingindicator_ST011Q01TA,30,9,0.3,0.014698872614846155,0.05018701448680459,3.414344474018688,0.7777777777777778,low_vs_high,1,3
0,missingindicator_ST011Q02TA,30,20,0.6666666666666666,0.054076736350248344,0.01606061166463866,0.29699668930861617,1.0,low_vs_high,1,3
0,missingindicator_ST011Q03TA,30,6,0.2,0.01853640340891354,0.04545596948536197,2.4522540043287853,0.6666666666666666,low_vs_high,1,3
0,missingindicator_ST011Q04TA,30,3,0.1,-0.03598162023746365,0.005637560304426463,0.1566788895892103,1.0,low_vs_high,1,3
0,missingindicator_ST011Q05TA,30,1,0.03333333333333333,0.034903828280554924,,,1.0,low_vs_high,1,3
0,missingindicator_ST011Q06TA,30,6,0.2,0.012349502009131777,0.04393493408071991,3.557627995706422,0.6666666666666666,low_vs_high,1,3
0,missingindicator_ST011Q07TA,30,1,0.03333333333333333,0.049262521485981266,,,1.0,low_vs_high,1,3
0,missingindicator_ST011Q08TA,30,1,0.03333333333333333,0.025234132747021645,,,1.0,low_vs_high,1,3
0,missingindicator_ST011Q09TA,30,3,0.1,0.03456106668110523,0.008739282182614022,0.2528649437603107,1.0,low_vs_high,1,3
0,missingindicator_ST011Q11TA,30,9,0.3,-0.042961039219832714,0.009369509162090662,0.21809316842049953,1.0,low_vs_high,1,3
0,missingindicator_ST011Q12TA,30,4,0.13333333333333333,0.051152740831771897,0.010026473968328703,0.1960104933830071,1.0,low_vs_high,1,3
0,missingindicator_ST012Q01TA,30,4,0.13333333333333333,-0.025820857412087263,0.051396926367113155,1.990519739404673,0.75,low_vs_high,1,3
0,missingindicator_ST012Q02TA,30,12,0.4,0.04123355016773482,0.004336516014689271,0.10516960089656764,1.0,low_vs_high,1,3
0,missingindicator_ST012Q03TA,30,5,0.16666666666666666,0.03851223556902995,0.0036702302906680916,0.09530036977701573,1.0,low_vs_high,1,3
0,missingindicator_ST012Q06NA,30,6,0.2,-0.053824374450459345,0.01762121161916654,0.3273834911984965,1.0,low_vs_high,1,3
0,missingindicator_ST012Q07NA,30,1,0.03333333333333333,-0.062175817827454946,,,1.0,low_vs_high,1,3
0,missingindicator_ST012Q08NA,30,1,0.03333333333333333,-0.03933272843931127,,,1.0,low_vs_high,1,3
0,missingindicator_ST012Q09NA,30,10,0.3333333333333333,-0.040488929900419995,0.03382836890269826,0.8354967391308447,0.9,low_vs_high,1,3
0,missingindicator_ST013Q01TA,30,5,0.16666666666666666,0.04062715160928924,0.006239968245930543,0.15359108376438083,1.0,low_vs_high,1,3
0,missingindicator_ST166Q03HA,30,14,0.4666666666666667,0.042112382742148145,0.0037423653214200634,0.08886614999522503,1.0,low_vs_high,1,3
0,missingindicator_ST166Q04HA,30,19,0.6333333333333333,0.04271291140602271,0.004810692068297458,0.11262852167972631,1.0,low_vs_high,1,3
0,missingindicator_ST166Q05HA,30,28,0.9333333333333333,0.04714639744999436,0.005708763296450544,0.12108588577749808,1.0,low_vs_high,1,3
0,missingindicator_ST019AQ01T,30,27,0.9,0.04432940277114925,0.007369085919275021,0.16623472139514175,1.0,low_vs_high,1,3
0,missingindicator_ST019BQ01T,30,20,0.6666666666666666,0.04628337716819347,0.006614953813994469,0.14292288546610965,1.0,low_vs_high,1,3
0,missingindicator_ST019CQ01T,30,30,1.0,0.05819829398117081,0.006839667458139429,0.11752350438918882,1.0,low_vs_high,1,3
1,ST011Q04TA,30,27,0.9,0.041997497118137966,0.0030551720271332237,0.07274652626415086,1.0,low_vs_high,1,3
1,ST011Q09TA,30,1,0.03333333333333333,0.02870395047121539,,,1.0,low_vs_high,1,3
1,ST012Q01TA,30,30,1.0,0.052865746408509356,0.0028903361385593865,0.05467313591346841,1.0,low_vs_high,1,3
1,ST012Q03TA,30,30,1.0,-0.049725383167251135,0.00288585896643433,0.05803593220644986,1.0,low_vs_high,1,3
1,ST013Q01TA,30,30,1.0,-0.09418577453368607,0.0019377863370345823,0.020574087187036107,1.0,low_vs_high,1,3
1,ST166Q05HA,30,30,1.0,-0.06952530684132033,0.0027055345304962362,0.038914384609206515,1.0,low_vs_high,1,3
1,ST004D01T,30,30,1.0,0.06092530449249927,0.0031485752731019202,0.05167927020355807,1.0,low_vs_high,1,3
1,ST019AQ01T,30,30,1.0,0.047215848091335284,0.0040223049960408245,0.08518972249021127,1.0,low_vs_high,1,3
1,missingindicator_ST011Q01TA,30,18,0.6,0.01726031706646096,0.034996939606536596,2.027595406954615,0.7777777777777778,low_vs_high,1,3
1,missingindicator_ST011Q02TA,30,18,0.6,0.048251657673624875,0.027142999635285155,0.5625298890015534,0.9444444444444444,low_vs_high,1,3
1,missingindicator_ST011Q03TA,30,6,0.2,0.01591184943490509,0.043705437674256165,2.7467226768989885,0.6666666666666666,low_vs_high,1,3
1,missingindicator_ST011Q04TA,30,5,0.16666666666666666,-0.013570245334588222,0.04686924664846974,3.453824561963378,0.6,low_vs_high,1,3
1,missingindicator_ST011Q05TA,30,1,0.03333333333333333,0.04421342288904852,,,1.0,low_vs_high,1,3
1,missingindicator_ST011Q06TA,30,7,0.23333333333333334,0.019004614349279175,0.04253498928341654,2.2381400907001225,0.7142857142857143,low_vs_high,1,3
1,missingindicator_ST011Q07TA,30,3,0.1,0.04295079309468417,0.00888608204901651,0.20688982458198893,1.0,low_vs_high,1,3
1,missingindicator_ST011Q09TA,30,4,0.13333333333333333,0.039314706618705994,0.00505753390023989,0.12864229025769985,1.0,low_vs_high,1,3
1,missingindicator_ST011Q10TA,30,1,0.03333333333333333,-0.04193029728803774,,,1.0,low_vs_high,1,3
1,missingindicator_ST011Q11TA,30,7,0.23333333333333334,-0.04351831662504514,0.008235219824901737,0.18923571644226472,1.0,low_vs_high,1,3
1,missingindicator_ST011Q12TA,30,4,0.13333333333333333,0.052311175945866706,0.01089158956331732,0.20820769876380316,1.0,low_vs_high,1,3
1,missingindicator_ST012Q01TA,30,3,0.1,-0.04140108803043479,0.007635036688402718,0.18441632941602998,1.0,low_vs_high,1,3
1,missingindicator_ST012Q02TA,30,13,0.43333333333333335,0.04067452609367604,0.0031344052956722287,0.07706064696251143,1.0,low_vs_high,1,3
1,missingindicator_ST012Q03TA,30,6,0.2,0.03579602791649908,0.00548856693231413,0.1533289376440659,1.0,low_vs_high,1,3
1,missingindicator_ST012Q06NA,30,6,0.2,-0.04824124093999454,0.010972075508168574,0.22744181729935856,1.0,low_vs_high,1,3
1,missingindicator_ST012Q07NA,30,1,0.03333333333333333,-0.05947782389182287,,,1.0,low_vs_high,1,3
1,missingindicator_ST012Q08NA,30,1,0.03333333333333333,0.04048613870323559,,,1.0,low_vs_high,1,3
1,missingindicator_ST012Q09NA,30,10,0.3333333333333333,-0.048774426265498994,0.01770352986993072,0.36296746523604856,1.0,low_vs_high,1,3
1,missingindicator_ST013Q01TA,30,3,0.1,0.03953420664246504,0.011062428159229372,0.2798191515331141,1.0,low_vs_high,1,3
1,missingindicator_ST166Q03HA,30,13,0.43333333333333335,0.043452697597600225,0.003725927493163985,0.0857467475936352,1.0,low_vs_high,1,3
1,missingindicator_ST166Q04HA,30,18,0.6,0.04293894910433273,0.004928862898053125,0.11478769277927627,1.0,low_vs_high,1,3
1,missingindicator_ST166Q05HA,30,26,0.8666666666666667,0.047794577691146554,0.006058871969047798,0.1267690240554242,1.0,low_vs_high,1,3
1,missingindicator_ST019AQ01T,30,20,0.6666666666666666,0.0475508069074841,0.006127760915818286,0.1288676536602332,1.0,low_vs_high,1,3
1,missingindicator_ST019BQ01T,30,18,0.6,0.045565407591645124,0.005235698927040845,0.11490512658117565,1.0,low_vs_high,1,3
1,missingindicator_ST019CQ01T,30,30,1.0,0.05749759899311762,0.00728174805731541,0.1266443848931331,1.0,low_vs_high,1,3
2,ST011Q04TA,30,21,0.7,0.042149218432541186,0.004015182628808201,0.0952611407311005,1.0,low_vs_high,1,3
2,ST012Q01TA,30,30,1.0,-0.054179104060889244,0.003062826064444825,0.056531500797847536,1.0,low_vs_high,1,3
2,ST012Q06NA,30,4,0.13333333333333333,0.03899862023266149,0.004908931977949903,0.12587450398664757,1.0,low_vs_high,1,3
2,ST013Q01TA,30,30,1.0,0.11047492994214618,0.005034717508747167,0.04557339399430949,1.0,low_vs_high,1,3
2,ST166Q02HA,30,30,1.0,-0.058983621642509136,0.0022615337741068242,0.03834172455217553,1.0,low_vs_high,1,3
2,ST166Q05HA,30,30,1.0,-0.06916487068566984,0.0026424591546002916,0.038205220777601745,1.0,low_vs_high,1,3
2,ST004D01T,30,30,1.0,0.06115477848386284,0.0033320093403764015,0.05448485666995969,1.0,low_vs_high,1,3
2,ST019AQ01T,30,29,0.9666666666666667,0.04710159677727028,0.004094329854249823,0.0869255000761591,1.0,low_vs_high,1,3
2,missingindicator_ST011Q01TA,30,10,0.3333333333333333,0.01181986371266008,0.04751299050391691,4.019757897295081,0.7,low_vs_high,1,3
2,missingindicator_ST011Q02TA,30,20,0.6666666666666666,0.05504852499722137,0.010619578282269792,0.19291303959199319,1.0,low_vs_high,1,3
2,missingindicator_ST011Q03TA,30,9,0.3,-0.0021675670560303223,0.047188636565952374,21.770323752923954,0.5555555555555556,low_vs_high,1,3
2,missingindicator_ST011Q04TA,30,1,0.03333333333333333,0.03070175384507893,,,1.0,low_vs_high,1,3
2,missingindicator_ST011Q06TA,30,6,0.2,0.014421934666589217,0.043121054258933755,2.989963223091751,0.6666666666666666,low_vs_high,1,3
2,missingindicator_ST011Q07TA,30,4,0.13333333333333333,0.04443989399117355,0.008256494199387803,0.1857901416467751,1.0,low_vs_high,1,3
2,missingindicator_ST011Q08TA,30,4,0.13333333333333333,0.03798794546853916,0.005790139420274977,0.15242044150743167,1.0,low_vs_high,1,3
2,missingindicator_ST011Q09TA,30,2,0.06666666666666667,0.0458156239010885,0.003510850568773238,0.0766299849228906,1.0,low_vs_high,1,3
2,missingindicator_ST011Q11TA,30,11,0.36666666666666664,-0.04579582199715722,0.006937544247927021,0.15148858444680108,1.0,low_vs_high,1,3
2,missingindicator_ST011Q12TA,30,4,0.13333333333333333,0.04536040074439887,0.00828779733400372,0.18270996724002933,1.0,low_vs_high,1,3
2,missingindicator_ST012Q01TA,30,6,0.2,-0.0008846095679653198,0.054414174619408624,61.51208011978215,0.5,low_vs_high,1,3
2,missingindicator_ST012Q02TA,30,15,0.5,0.041555020865658356,0.005620677546378965,0.13525868665906435,1.0,low_vs_high,1,3
2,missingindicator_ST012Q03TA,30,7,0.23333333333333334,0.03999883526689406,0.0059394838394677485,0.1484914198085087,1.0,low_vs_high,1,3
2,missingindicator_ST012Q06NA,30,4,0.13333333333333333,-0.051433697190136,0.01451577289390518,0.2822230111174864,1.0,low_vs_high,1,3
2,missingindicator_ST012Q07NA,30,2,0.06666666666666667,-0.00855413398232618,0.07498697002992923,8.766167350764073,0.5,low_vs_high,1,3
2,missingindicator_ST012Q08NA,30,1,0.03333333333333333,0.03522262889713831,,,1.0,low_vs_high,1,3
2,missingindicator_ST012Q09NA,30,10,0.3333333333333333,-0.05055613662154934,0.016390157403713287,0.32419718948079296,1.0,low_vs_high,1,3
2,missingindicator_ST013Q01TA,30,2,0.06666666666666667,0.04516701314620175,0.005035310660795457,0.11148203766533306,1.0,low_vs_high,1,3
2,missingindicator_ST166Q03HA,30,11,0.36666666666666664,0.0429534564750871,0.004627325033198243,0.10772881655943287,1.0,low_vs_high,1,3
2,missingindicator_ST166Q04HA,30,19,0.6333333333333333,0.042112090944036056,0.004752928332158248,0.11286374591265365,1.0,low_vs_high,1,3
2,missingindicator_ST166Q05HA,30,28,0.9333333333333333,0.04748127746786423,0.006889896989816859,0.14510765837081796,1.0,low_vs_high,1,3
2,missingindicator_ST019AQ01T,30,23,0.7666666666666667,0.04627924215284753,0.007270444044804692,0.15709946201781844,1.0,low_vs_high,1,3
2,missingindicator_ST019BQ01T,30,17,0.5666666666666667,0.04598328164572384,0.0052157966791610486,0.1134281089232805,1.0,low_vs_high,1,3
2,missingindicator_ST019CQ01T,30,30,1.0,0.0576996892086516,0.0071261354599837165,0.12350387944403711,1.0,low_vs_high,1,3
3,ST011Q04TA,30,22,0.7333333333333333,0.04259847943205398,0.0034093014432505604,0.08003340703013853,1.0,low_vs_high,1,3
3,ST011Q09TA,30,2,0.06666666666666667,0.031061167116146537,0.00299289947389131,0.096355023064652,1.0,low_vs_high,1,3
3,ST012Q01TA,30,30,1.0,0.05449015774925673,0.003038580332933201,0.05576383806623589,1.0,low_vs_high,1,3
3,ST013Q01TA,30,30,1.0,0.11117323962433726,0.0048884642084247865,0.04397159086973875,1.0,low_vs_high,1,3
3,ST166Q02HA,30,30,1.0,0.060463282764651835,0.00277594809964879,0.045911303070558226,1.0,low_vs_high,1,3
3,ST166Q05HA,30,30,1.0,0.06381948247840849,0.0029720919151056133,0.04657029169910828,1.0,low_vs_high,1,3
3,ST004D01T,30,30,1.0,-0.061505757228668564,0.0031071094037482595,0.050517375019000645,1.0,low_vs_high,1,3
3,ST019AQ01T,30,30,1.0,0.047495052804173474,0.003655220203693498,0.07696001978909912,1.0,low_vs_high,1,3
3,missingindicator_ST011Q01TA,30,9,0.3,0.023796853939498732,0.04357107623143435,1.8309595185233192,0.7777777777777778,low_vs_high,1,3
3,missingindicator_ST011Q02TA,30,21,0.7,0.05544867987420651,0.01658900769177466,0.2991776851930337,1.0,low_vs_high,1,3
3,missingindicator_ST011Q03TA,30,8,0.26666666666666666,-0.01152290758742426,0.04061216710007865,3.5244721691946483,0.625,low_vs_high,1,3
3,missingindicator_ST011Q06TA,30,4,0.13333333333333333,0.005300171163286806,0.04697901352508283,8.863678563910687,0.5,low_vs_high,1,3
3,missingindicator_ST011Q07TA,30,3,0.1,0.05193732970223131,0.005835959827409136,0.11236541926333216,1.0,low_vs_high,1,3
3,missingindicator_ST011Q08TA,30,3,0.1,0.03659108720193219,0.003734203151320574,0.10205226017781155,1.0,low_vs_high,1,3
3,missingindicator_ST011Q09TA,30,2,0.06666666666666667,0.04462678334762555,0.005530559718091192,0.12392915875227328,1.0,low_vs_high,1,3
3,missingindicator_ST011Q11TA,30,9,0.3,-0.045402800054518445,0.005570942528921216,0.1227004176445457,1.0,low_vs_high,1,3
3,missingindicator_ST011Q12TA,30,5,0.16666666666666666,0.0465413332759993,0.013837015880425126,0.2973059623876456,1.0,low_vs_high,1,3
3,missingindicator_ST011Q16NA,30,1,0.03333333333333333,0.03437282347101374,,,1.0,low_vs_high,1,3
3,missingindicator_ST012Q01TA,30,7,0.23333333333333334,0.004244312518548788,0.04993488948968883,11.765130223436639,0.5714285714285714,low_vs_high,1,3
3,missingindicator_ST012Q02TA,30,14,0.4666666666666667,0.04380869484172967,0.006222698171837688,0.14204253731636624,1.0,low_vs_high,1,3
3,missingindicator_ST012Q03TA,30,7,0.23333333333333334,0.04258249473978116,0.007295429133805155,0.17132460600035404,1.0,low_vs_high,1,3
3,missingindicator_ST012Q05NA,30,1,0.03333333333333333,-0.041694354304775756,,,1.0,low_vs_high,1,3
3,missingindicator_ST012Q06NA,30,4,0.13333333333333333,-0.05223339646725149,0.013292669000383795,0.25448601659893655,1.0,low_vs_high,1,3
3,missingindicator_ST012Q07NA,30,2,0.06666666666666667,-0.0031287918509686485,0.08125132154907598,25.96891241707921,0.5,low_vs_high,1,3
3,missingindicator_ST012Q08NA,30,1,0.03333333333333333,0.0408984613869338,,,1.0,low_vs_high,1,3
3,missingindicator_ST012Q09NA,30,10,0.3333333333333333,-0.05119261907963017,0.013261681372540947,0.2590545592502776,1.0,low_vs_high,1,3
3,missingindicator_ST013Q01TA,30,3,0.1,0.04548019476483334,0.004105599681561966,0.09027225373134375,1.0,low_vs_high,1,3
3,missingindicator_ST166Q03HA,30,13,0.43333333333333335,0.04185697308057321,0.004969867472571302,0.118734516779426,1.0,low_vs_high,1,3
3,missingindicator_ST166Q04HA,30,23,0.7666666666666667,0.04120064990981169,0.004908641521820905,0.11913990513659206,1.0,low_vs_high,1,3
3,missingindicator_ST166Q05HA,30,27,0.9,0.04855746413621281,0.00696250022081541,0.14338681693270242,1.0,low_vs_high,1,3
3,missingindicator_ST019AQ01T,30,24,0.8,0.04700380181596143,0.007412747161935093,0.157705267990001,1.0,low_vs_high,1,3
3,missingindicator_ST019BQ01T,30,15,0.5,0.04580769717689111,0.007327532936787826,0.1599629186442577,1.0,low_vs_high,1,3
3,missingindicator_ST019CQ01T,30,30,1.0,0.05744547543881487,0.00707889267134228,0.12322802826972863,1.0,low_vs_high,1,3
4,ST011Q04TA,30,20,0.6666666666666666,0.042663388436275804,0.00443247922762602,0.10389421445618637,1.0,low_vs_high,1,3
4,ST012Q01TA,30,30,1.0,0.05439565393704094,0.003173771331407133,0.058346046084500516,1.0,low_vs_high,1,3
4,ST012Q06NA,30,5,0.16666666666666666,0.03974181009265522,0.0035175816544832225,0.08851085660875108,1.0,low_vs_high,1,3
4,ST012Q08NA,30,30,1.0,0.057727691810280084,0.005021621325197044,0.08698808436166851,1.0,low_vs_high,1,3
4,ST013Q01TA,30,30,1.0,0.11200981125292356,0.0041918193435914386,0.037423680092863544,1.0,low_vs_high,1,3
4,ST166Q02HA,30,30,1.0,0.060807557718418344,0.0029334346875550445,0.04824128443274939,1.0,low_vs_high,1,3
4,ST166Q03HA,30,30,1.0,0.07583299356325031,0.004403173394525764,0.05806408513799726,1.0,low_vs_high,1,3
4,ST166Q05HA,30,30,1.0,0.06426512826587931,0.002970837784160305,0.04622783559801328,1.0,low_vs_high,1,3
4,ST004D01T,30,30,1.0,-0.0613387144877494,0.0026121504544378777,0.04258567327751184,1.0,low_vs_high,1,3
4,ST019AQ01T,30,28,0.9333333333333333,0.04766963568768433,0.003030901390010058,0.06358138354292281,1.0,low_vs_high,1,3
4,missingindicator_ST011Q01TA,30,10,0.3333333333333333,0.027628178373277506,0.042224669678115716,1.5283189904027914,0.8,low_vs_high,1,3
4,missingindicator_ST011Q02TA,30,18,0.6,0.05364188979633015,0.015810090848414893,0.29473403917056856,1.0,low_vs_high,1,3
4,missingindicator_ST011Q03TA,30,5,0.16666666666666666,-0.006813861593026685,0.05579870407342792,8.188998750801218,0.6,low_vs_high,1,3
4,missingindicator_ST011Q06TA,30,2,0.06666666666666667,0.0013401227104561826,0.06481400039498914,48.364228058582945,0.5,low_vs_high,1,3
4,missingindicator_ST011Q07TA,30,1,0.03333333333333333,0.05245608916792595,,,1.0,low_vs_high,1,3
4,missingindicator_ST011Q10TA,30,1,0.03333333333333333,-0.031756510153680736,,,1.0,low_vs_high,1,3
4,missingindicator_ST011Q11TA,30,5,0.16666666666666666,-0.04627725667255583,0.006440905009970147,0.13918078713144308,1.0,low_vs_high,1,3
4,missingindicator_ST011Q12TA,30,4,0.13333333333333333,0.046910758883802216,0.012855229861319092,0.274035853761425,1.0,low_vs_high,1,3
4,missingindicator_ST012Q01TA,30,4,0.13333333333333333,0.00412068065891528,0.054121011920400544,13.133998094054505,0.5,low_vs_high,1,3
4,missingindicator_ST012Q02TA,30,6,0.2,0.04567134147172334,0.004664597748151724,0.10213402098205793,1.0,low_vs_high,1,3
4,missingindicator_ST012Q03TA,30,4,0.13333333333333333,0.045862545147686236,0.007404575967784581,0.1614514838620582,1.0,low_vs_high,1,3
4,missingindicator_ST012Q06NA,30,3,0.1,-0.05314104068141157,0.0226591098117438,0.42639567312180676,1.0,low_vs_high,1,3
4,missingindicator_ST012Q07NA,30,2,0.06666666666666667,-0.001309975725616249,0.07357026942642242,56.16155168967953,0.5,low_vs_high,1,3
4,missingindicator_ST012Q09NA,30,8,0.26666666666666666,-0.06080593962506716,0.012726775584016232,0.20930151992536,1.0,low_vs_high,1,3
4,missingindicator_ST013Q01TA,30,1,0.03333333333333333,0.03752869065782626,,,1.0,low_vs_high,1,3
4,missingindicator_ST166Q03HA,30,10,0.3333333333333333,0.0431561046012429,0.0032629102253555783,0.07560715350712181,1.0,low_vs_high,1,3
4,missingindicator_ST166Q04HA,30,13,0.43333333333333335,0.043705364300055,0.004231501814447826,0.0968188203488445,1.0,low_vs_high,1,3
4,missingindicator_ST166Q05HA,30,24,0.8,0.049228153299709566,0.006496733472344993,0.1319719111296284,1.0,low_vs_high,1,3
4,missingindicator_ST019AQ01T,30,22,0.7333333333333333,0.0476239018532558,0.007066608340988567,0.1483836490920674,1.0,low_vs_high,1,3
4,missingindicator_ST019BQ01T,30,14,0.4666666666666667,0.04544880371606036,0.005779100839604408,0.12715628062971948,1.0,low_vs_high,1,3
4,missingindicator_ST019CQ01T,30,30,1.0,0.057831244311768414,0.005768076197857609,0.09973979060111335,1.0,low_vs_high,1,3
5,ST011Q04TA,30,23,0.7666666666666667,0.0426174508355766,0.003853144633416244,0.09041236765385506,1.0,low_vs_high,1,3
5,ST012Q01TA,30,30,1.0,0.054785328847986356,0.003034440603204375,0.05538783223559872,1.0,low_vs_high,1,3
5,ST012Q06NA,30,9,0.3,0.03819409590519466,0.003669954181240936,0.09608694993986745,1.0,low_vs_high,1,3
5,ST013Q01TA,30,30,1.0,0.11237183507739987,0.0049395973529992605,0.04395761045992483,1.0,low_vs_high,1,3
5,ST166Q02HA,30,30,1.0,0.06105201885494265,0.002733507165938911,0.044773411546530896,1.0,low_vs_high,1,3
5,ST166Q05HA,30,30,1.0,0.06448334080212519,0.0028959190264547666,0.044909568741812546,1.0,low_vs_high,1,3
5,ST004D01T,30,30,1.0,0.0620816832043952,0.0031215218761519313,0.05028088342699666,1.0,low_vs_high,1,3
5,ST019AQ01T,30,30,1.0,0.048090601557394315,0.00366439880524583,0.07619781592610166,1.0,low_vs_high,1,3
5,missingindicator_ST011Q01TA,30,13,0.43333333333333335,0.019037540206446872,0.03870324874718583,2.03299629718336,0.7692307692307693,low_vs_high,1,3
5,missingindicator_ST011Q02TA,30,20,0.6666666666666666,0.05697648394676408,0.014657508746861026,0.2572554101540603,1.0,low_vs_high,1,3
5,missingindicator_ST011Q03TA,30,6,0.2,-0.01324427138721643,0.04356694405436818,3.2894934557456783,0.6666666666666666,low_vs_high,1,3
5,missingindicator_ST011Q05TA,30,1,0.03333333333333333,0.04098096338272217,,,1.0,low_vs_high,1,3
5,missingindicator_ST011Q06TA,30,4,0.13333333333333333,0.0009909496531223892,0.051260236871520266,51.7283968060376,0.5,low_vs_high,1,3
5,missingindicator_ST011Q07TA,30,4,0.13333333333333333,0.047895458698292884,0.008722001150668015,0.18210497169701162,1.0,low_vs_high,1,3
5,missingindicator_ST011Q08TA,30,3,0.1,0.035409803190413175,0.0032926006042100072,0.09298556635585717,1.0,low_vs_high,1,3
5,missingindicator_ST011Q10TA,30,2,0.06666666666666667,-0.031949506013095576,0.005701762237236093,0.17846167120390014,1.0,low_vs_high,1,3
5,missingindicator_ST011Q11TA,30,10,0.3333333333333333,-0.043650442507341,0.006993750926422233,0.16022176465326887,1.0,low_vs_high,1,3
5,missingindicator_ST011Q12TA,30,4,0.13333333333333333,0.04600339026398994,0.019107428334839607,0.41534826509941647,1.0,low_vs_high,1,3
5,missingindicator_ST012Q01TA,30,6,0.2,-0.0013615419763931315,0.05265605762346998,38.67384078966221,0.5,low_vs_high,1,3
5,missingindicator_ST012Q02TA,30,13,0.43333333333333335,0.04572810308037139,0.004883782316301812,0.1068004572093907,1.0,low_vs_high,1,3
5,missingindicator_ST012Q03TA,30,3,0.1,0.047460334361300434,0.0037562805128056745,0.07914568161720702,1.0,low_vs_high,1,3
5,missingindicator_ST012Q06NA,30,4,0.13333333333333333,-0.03279010347896302,0.04554492268031579,1.3889838045047895,0.75,low_vs_high,1,3
5,missingindicator_ST012Q07NA,30,2,0.06666666666666667,-0.0022882746386029724,0.08153198059096613,35.630330037981224,0.5,low_vs_high,1,3
5,missingindicator_ST012Q08NA,30,1,0.03333333333333333,0.040479998335824094,,,1.0,low_vs_high,1,3
5,missingindicator_ST012Q09NA,30,9,0.3,-0.05235661826868682,0.012109637066698419,0.23129142918577092,1.0,low_vs_high,1,3
5,missingindicator_ST013Q01TA,30,2,0.06666666666666667,0.04593081014959038,0.005704591434148979,0.12419966936289396,1.0,low_vs_high,1,3
5,missingindicator_ST166Q03HA,30,13,0.43333333333333335,0.041812695167854685,0.004916096024706115,0.11757424401777324,1.0,low_vs_high,1,3
5,missingindicator_ST166Q04HA,30,19,0.6333333333333333,0.04326022095580182,0.003852512442272282,0.08905438662017755,1.0,low_vs_high,1,3
5,missingindicator_ST166Q05HA,30,27,0.9,0.04889485041570995,0.007237619515039276,0.14802416723855696,1.0,low_vs_high,1,3
5,missingindicator_ST019AQ01T,30,24,0.8,0.046983327930520125,0.007199198260270002,0.15322878513238397,1.0,low_vs_high,1,3
5,missingindicator_ST019BQ01T,30,18,0.6,0.04519261921740904,0.007877438889973791,0.1743080845143681,1.0,low_vs_high,1,3
5,missingindicator_ST019CQ01T,30,30,1.0,0.057819077835898715,0.0071156887745255975,0.12306818166006113,1.0,low_vs_high,1,3
0,ST011Q04TA,30,5,0.16666666666666666,0.0630471533418345,0.002310922087106251,0.03665386880477686,1.0,low_vs_medium,1,3
0,ST011Q06TA,30,25,0.8333333333333334,0.075519821706255,0.008220671476703134,0.10885448735139491,1.0,low_vs_medium,1,3
0,ST012Q01TA,30,30,1.0,0.071602263415933,0.003090653395591602,0.04316418571349055,1.0,low_vs_medium,1,3
0,ST013Q01TA,30,30,1.0,-0.1668035652747649,0.002674462928561212,0.016033607699905812,1.0,low_vs_medium,1,3
0,ST166Q02HA,30,30,1.0,-0.1081373087892004,0.003120175754380443,0.02885383212617968,1.0,low_vs_medium,1,3
0,ST166Q03HA,30,7,0.23333333333333334,0.06193605692190043,0.0031741342460528035,0.05124856834291687,1.0,low_vs_medium,1,3
0,ST004D01T,30,15,0.5,-0.06436590778677423,0.0020889724892340826,0.032454641922463806,1.0,low_vs_medium,1,3
0,ST019AQ01T,30,18,0.6,0.06754924135764351,0.005393095015662334,0.07983946092167445,1.0,low_vs_medium,1,3
0,missingindicator_ST011Q01TA,30,10,0.3333333333333333,0.06668180969955198,0.02399339376899416,0.35981917523086304,1.0,low_vs_medium,1,3
0,missingindicator_ST011Q02TA,30,5,0.16666666666666666,0.005797940200706092,0.0809928520466921,13.96924584300275,0.6,low_vs_medium,1,3
0,missingindicator_ST011Q03TA,30,1,0.03333333333333333,0.061880000509847474,,,1.0,low_vs_medium,1,3
0,missingindicator_ST011Q04TA,30,18,0.6,0.08973303120956665,0.023661056596618685,0.26368279637583586,1.0,low_vs_medium,1,3
0,missingindicator_ST011Q05TA,30,1,0.03333333333333333,0.06783975323319698,,,1.0,low_vs_medium,1,3
0,missingindicator_ST011Q06TA,30,7,0.23333333333333334,-0.07004616561456171,0.026370096968548112,0.37646738743206953,1.0,low_vs_medium,1,3
0,missingindicator_ST011Q07TA,30,26,0.8666666666666667,0.09552667339898682,0.027732159037694278,0.29030801608536294,1.0,low_vs_medium,1,3
0,missingindicator_ST011Q09TA,30,3,0.1,0.06906220246042398,0.009302657326573942,0.13469969093303708,1.0,low_vs_medium,1,3
0,missingindicator_ST011Q10TA,30,1,0.03333333333333333,-0.05879077012392637,,,1.0,low_vs_medium,1,3
0,missingindicator_ST011Q12TA,30,13,0.43333333333333335,0.07145930330929014,0.017420011028460896,0.24377527098275237,1.0,low_vs_medium,1,3
0,missingindicator_ST012Q02TA,30,30,1.0,0.09573270735552203,0.010547462080536408,0.11017615997598769,1.0,low_vs_medium,1,3
0,missingindicator_ST012Q03TA,30,20,0.6666666666666666,0.07711230040766119,0.011037078367005886,0.1431299326911189,1.0,low_vs_medium,1,3
0,missingindicator_ST012Q09NA,30,27,0.9,0.0887934221866942,0.0215899106120152,0.24314763504239026,1.0,low_vs_medium,1,3
0,missingindicator_ST013Q01TA,30,20,0.6666666666666666,0.0893218577130147,0.0254467082066767,0.28488780751107207,1.0,low_vs_medium,1,3
0,missingindicator_ST166Q02HA,30,2,0.06666666666666667,0.06965702679742285,0.01884214517132641,0.2704988432268764,1.0,low_vs_medium,1,3
0,missingindicator_ST166Q03HA,30,9,0.3,-0.07216582855274022,0.0042140699295959575,0.05839425686793344,1.0,low_vs_medium,1,3
0,missingindicator_ST166Q04HA,30,12,0.4,0.07052978845966316,0.005700344810169649,0.08082180500838655,1.0,low_vs_medium,1,3
0,missingindicator_ST166Q05HA,30,30,1.0,-0.10792907842729112,0.007366173264939764,0.06825012658569261,1.0,low_vs_medium,1,3
0,missingindicator_ST019AQ01T,30,30,1.0,0.25645452285819,0.017905426192467183,0.06981910863926635,1.0,low_vs_medium,1,3
0,missingindicator_ST019BQ01T,30,1,0.03333333333333333,0.07249790934770714,,,1.0,low_vs_medium,1,3
0,missingindicator_ST019CQ01T,30,24,0.8,0.07911417286698728,0.011309455754711576,0.1429510711529006,1.0,low_vs_medium,1,3
1,ST011Q04TA,30,3,0.1,0.07012506328334822,0.0026160612488352404,0.03730565259192352,1.0,low_vs_medium,1,3
1,ST011Q06TA,30,21,0.7,0.07757866858283742,0.011600528855803337,0.14953245612118818,1.0,low_vs_medium,1,3
1,ST012Q01TA,30,25,0.8333333333333334,0.07148176755859581,0.0033515538198520163,0.04688683470375357,1.0,low_vs_medium,1,3
1,ST012Q03TA,30,25,0.8333333333333334,-0.06958891354912401,0.003738140132099122,0.053717466496445654,1.0,low_vs_medium,1,3
1,ST013Q01TA,30,30,1.0,0.12216592819405002,0.003437274509636496,0.028136114221443825,1.0,low_vs_medium,1,3
1,ST166Q02HA,30,30,1.0,-0.10714552509558528,0.004063205518464322,0.037922307206385966,1.0,low_vs_medium,1,3
1,ST166Q05HA,30,8,0.26666666666666666,-0.06582529660356629,0.0021331703406570323,0.032406543543648254,1.0,low_vs_medium,1,3
1,ST004D01T,30,7,0.23333333333333334,0.06400875076211326,0.002254994234078561,0.03522946795914177,1.0,low_vs_medium,1,3
1,ST019AQ01T,30,13,0.43333333333333335,0.06890042092404955,0.004398669039959606,0.0638409603449064,1.0,low_vs_medium,1,3
1,missingindicator_ST011Q01TA,30,15,0.5,0.044900871445518506,0.06387053705921562,1.422478784998959,0.8,low_vs_medium,1,3
1,missingindicator_ST011Q02TA,30,10,0.3333333333333333,7.174964509281678e-05,0.07061241471224479,984.1500208244815,0.6,low_vs_medium,1,3
1,missingindicator_ST011Q03TA,30,2,0.06666666666666667,0.009122992430281009,0.061716135462348304,6.76490043524538,0.5,low_vs_medium,1,3
1,missingindicator_ST011Q04TA,30,15,0.5,0.10020015011618295,0.026459964476925453,0.2640711061435027,1.0,low_vs_medium,1,3
1,missingindicator_ST011Q06TA,30,8,0.26666666666666666,-0.08368928686051848,0.020217366655718206,0.24157651969736182,1.0,low_vs_medium,1,3
1,missingindicator_ST011Q07TA,30,26,0.8666666666666667,0.09416750170634577,0.024046871883532668,0.25536274667794645,1.0,low_vs_medium,1,3
1,missingindicator_ST011Q09TA,30,1,0.03333333333333333,0.06470257557484273,,,1.0,low_vs_medium,1,3
1,missingindicator_ST011Q10TA,30,2,0.06666666666666667,-0.07079452395785821,0.012590447453098542,0.17784493417306185,1.0,low_vs_medium,1,3
1,missingindicator_ST011Q12TA,30,13,0.43333333333333335,0.07488136937225791,0.016934761555338452,0.22615453880324538,1.0,low_vs_medium,1,3
1,missingindicator_ST012Q01TA,30,1,0.03333333333333333,0.09425671463048567,,,1.0,low_vs_medium,1,3
1,missingindicator_ST012Q02TA,30,30,1.0,0.0973658802327873,0.012235017698102087,0.12566021761267893,1.0,low_vs_medium,1,3
1,missingindicator_ST012Q03TA,30,15,0.5,0.08091870390854675,0.010522045932114383,0.1300323092669188,1.0,low_vs_medium,1,3
1,missingindicator_ST012Q09NA,30,27,0.9,0.09263919935337644,0.027143868230757193,0.29300629129161265,1.0,low_vs_medium,1,3
1,missingindicator_ST013Q01TA,30,20,0.6666666666666666,0.09557077170234854,0.026826333305030706,0.2806959996993671,1.0,low_vs_medium,1,3
1,missingindicator_ST166Q02HA,30,1,0.03333333333333333,0.07715905762113992,,,1.0,low_vs_medium,1,3
1,missingindicator_ST166Q03HA,30,7,0.23333333333333334,0.07150165734283262,0.007989700602637859,0.11174147424764207,1.0,low_vs_medium,1,3
1,missingindicator_ST166Q04HA,30,10,0.3333333333333333,0.07280848836379075,0.011408087796567887,0.15668623333541667,1.0,low_vs_medium,1,3
1,missingindicator_ST166Q05HA,30,30,1.0,0.10711664058481592,0.010109779025963763,0.09438103146969727,1.0,low_vs_medium,1,3
1,missingindicator_ST019AQ01T,30,30,1.0,0.25727773808936394,0.01694460073661485,0.0658611229345045,1.0,low_vs_medium,1,3
1,missingindicator_ST019BQ01T,30,2,0.06666666666666667,0.06858001906988341,0.012738089621825911,0.1857405377628392,1.0,low_vs_medium,1,3
1,missingindicator_ST019CQ01T,30,23,0.7666666666666667,0.07964469846602673,0.009786805204987287,0.12288081182405317,1.0,low_vs_medium,1,3
2,ST011Q04TA,30,4,0.13333333333333333,0.06629952192472745,0.004551237251055975,0.06864660738011324,1.0,low_vs_medium,1,3
2,ST011Q06TA,30,23,0.7666666666666667,0.07674153345630332,0.01106845162481498,0.14423026393025315,1.0,low_vs_medium,1,3
2,ST012Q01TA,30,28,0.9333333333333333,-0.07150350987004643,0.0035730961645094083,0.04997091990313913,1.0,low_vs_medium,1,3
2,ST013Q01TA,30,30,1.0,0.12184616796734087,0.003773098699612964,0.030966084223709764,1.0,low_vs_medium,1,3
2,ST166Q02HA,30,30,1.0,-0.10736335779562715,0.004287485088422882,0.03993434237204444,1.0,low_vs_medium,1,3
2,ST166Q05HA,30,13,0.43333333333333335,-0.0654754935533252,0.001880867403862028,0.02872628065537518,1.0,low_vs_medium,1,3
2,ST004D01T,30,12,0.4,0.06452865586425362,0.002796745476888707,0.043341139520589274,1.0,low_vs_medium,1,3
2,ST019AQ01T,30,16,0.5333333333333333,0.06814869109462368,0.005286526587060358,0.07757341340158795,1.0,low_vs_medium,1,3
2,missingindicator_ST011Q01TA,30,16,0.5333333333333333,0.05146042240669932,0.06190458741380156,1.2029552910498957,0.875,low_vs_medium,1,3
2,missingindicator_ST011Q02TA,30,9,0.3,-0.007795404887696775,0.0701982307348478,9.00507821545476,0.5555555555555556,low_vs_medium,1,3
2,missingindicator_ST011Q03TA,30,2,0.06666666666666667,0.004742261106944371,0.08020205234938349,16.912196638000157,0.5,low_vs_medium,1,3
2,missingindicator_ST011Q04TA,30,17,0.5666666666666667,0.09699442105773859,0.027454322878757962,0.28305053609645264,1.0,low_vs_medium,1,3
2,missingindicator_ST011Q06TA,30,8,0.26666666666666666,-0.06659133576756147,0.05434509229548709,0.8160985459907252,0.875,low_vs_medium,1,3
2,missingindicator_ST011Q07TA,30,26,0.8666666666666667,0.09510349703484539,0.023850006367980753,0.25077948878412165,1.0,low_vs_medium,1,3
2,missingindicator_ST011Q09TA,30,4,0.13333333333333333,0.07173316986728107,0.012608758519160391,0.17577305648821603,1.0,low_vs_medium,1,3
2,missingindicator_ST011Q10TA,30,1,0.03333333333333333,-0.08474230655780962,,,1.0,low_vs_medium,1,3
2,missingindicator_ST011Q12TA,30,11,0.36666666666666664,0.07553579411607102,0.01670476666771584,0.2211503415459788,1.0,low_vs_medium,1,3
2,missingindicator_ST012Q01TA,30,1,0.03333333333333333,0.09360881517307491,,,1.0,low_vs_medium,1,3
2,missingindicator_ST012Q02TA,30,29,0.9666666666666667,0.09823347580719338,0.011780864467254805,0.11992718745265168,1.0,low_vs_medium,1,3
2,missingindicator_ST012Q03TA,30,17,0.5666666666666667,0.07676139197983567,0.00896720598321094,0.11681922059941958,1.0,low_vs_medium,1,3
2,missingindicator_ST012Q09NA,30,26,0.8666666666666667,0.09052577327388728,0.025181991017560277,0.27817482366454616,1.0,low_vs_medium,1,3
2,missingindicator_ST013Q01TA,30,21,0.7,0.0954636254953335,0.02766091137272161,0.28975341371330743,1.0,low_vs_medium,1,3
2,missingindicator_ST166Q02HA,30,3,0.1,0.06520834413624248,0.013528998959105157,0.20747343209388147,1.0,low_vs_medium,1,3
2,missingindicator_ST166Q03HA,30,9,0.3,0.07009092729982701,0.008308113598505341,0.11853336685026061,1.0,low_vs_medium,1,3
2,missingindicator_ST166Q04HA,30,12,0.4,0.07104850223231741,0.010893843280990396,0.15332966830700026,1.0,low_vs_medium,1,3
2,missingindicator_ST166Q05HA,30,30,1.0,0.10678552915492395,0.010665447696405563,0.09987727532756036,1.0,low_vs_medium,1,3
2,missingindicator_ST019AQ01T,30,30,1.0,0.25989980036798477,0.017434121806592182,0.06708016620985358,1.0,low_vs_medium,1,3
2,missingindicator_ST019BQ01T,30,2,0.06666666666666667,0.06817333538122712,0.007412393608247683,0.1087286336629619,1.0,low_vs_medium,1,3
2,missingindicator_ST019CQ01T,30,20,0.6666666666666666,0.08102548541532825,0.00878870339503155,0.10846838312639,1.0,low_vs_medium,1,3
3,ST011Q04TA,30,3,0.1,0.06584964700058472,0.0027830904104707917,0.042264317839791586,1.0,low_vs_medium,1,3
3,ST011Q06TA,30,23,0.7666666666666667,0.07861402636502453,0.010095646804663513,0.12842042662701064,1.0,low_vs_medium,1,3
3,ST012Q01TA,30,29,0.9666666666666667,0.07143821045370094,0.003956893417317672,0.055389033294473866,1.0,low_vs_medium,1,3
3,ST013Q01TA,30,30,1.0,0.12204674393477041,0.003817735942942667,0.03128093236951171,1.0,low_vs_medium,1,3
3,ST166Q02HA,30,30,1.0,0.10727109926884645,0.0038074837942641505,0.03549403166571181,1.0,low_vs_medium,1,3
3,ST166Q03HA,30,9,0.3,0.06395406813429615,0.002956526654467279,0.046228906787585664,1.0,low_vs_medium,1,3
3,ST004D01T,30,12,0.4,-0.06453726779406048,0.0022802684862063207,0.03533258478624624,1.0,low_vs_medium,1,3
3,ST019AQ01T,30,16,0.5333333333333333,0.06823567040936276,0.004821446187049742,0.07065873549896538,1.0,low_vs_medium,1,3
3,missingindicator_ST011Q01TA,30,14,0.4666666666666667,0.04522866362459822,0.059179647373629005,1.3084544762327082,0.8571428571428571,low_vs_medium,1,3
3,missingindicator_ST011Q02TA,30,9,0.3,0.005938951027781702,0.07778206052171256,13.096935832246704,0.5555555555555556,low_vs_medium,1,3
3,missingindicator_ST011Q03TA,30,3,0.1,-0.018383049661329035,0.08100467234032759,4.406487162504418,0.6666666666666666,low_vs_medium,1,3
3,missingindicator_ST011Q04TA,30,16,0.5333333333333333,0.09424762433671999,0.025433319854243405,0.26985634951791865,1.0,low_vs_medium,1,3
3,missingindicator_ST011Q06TA,30,9,0.3,-0.060638369981489526,0.05145250571169152,0.8485139974474564,0.8888888888888888,low_vs_medium,1,3
3,missingindicator_ST011Q07TA,30,25,0.8333333333333334,0.09204026056158617,0.024588421770834947,0.26714854587338216,1.0,low_vs_medium,1,3
3,missingindicator_ST011Q09TA,30,3,0.1,0.07613346741167086,0.04020164134990275,0.5280416447148452,1.0,low_vs_medium,1,3
3,missingindicator_ST011Q10TA,30,1,0.03333333333333333,-0.062365149490976775,,,1.0,low_vs_medium,1,3
3,missingindicator_ST011Q12TA,30,16,0.5333333333333333,0.07352675057714626,0.01779570090926149,0.24203029196278378,1.0,low_vs_medium,1,3
3,missingindicator_ST012Q02TA,30,30,1.0,0.09603319840150208,0.013206114230505642,0.1375161345276935,1.0,low_vs_medium,1,3
3,missingindicator_ST012Q03TA,30,16,0.5333333333333333,0.07894327665599526,0.011135151777336134,0.14105256646311864,1.0,low_vs_medium,1,3
3,missingindicator_ST012Q09NA,30,27,0.9,0.09023480229944676,0.024413084531791196,0.2705506512972199,1.0,low_vs_medium,1,3
3,missingindicator_ST013Q01TA,30,22,0.7333333333333333,0.08120995000085068,0.025360258518834985,0.3122801888016103,1.0,low_vs_medium,1,3
3,missingindicator_ST166Q02HA,30,1,0.03333333333333333,0.0800279656070559,,,1.0,low_vs_medium,1,3
3,missingindicator_ST166Q03HA,30,8,0.26666666666666666,0.07456963155334886,0.008205485323192315,0.11003789548459708,1.0,low_vs_medium,1,3
3,missingindicator_ST166Q04HA,30,11,0.36666666666666664,0.06979034758214034,0.010665809211156119,0.1528264234334541,1.0,low_vs_medium,1,3
3,missingindicator_ST166Q05HA,30,30,1.0,0.10617649453190886,0.011230232197304738,0.10576947606732066,1.0,low_vs_medium,1,3
3,missingindicator_ST019AQ01T,30,30,1.0,0.2598680891897688,0.01712483834047263,0.06589819624974119,1.0,low_vs_medium,1,3
3,missingindicator_ST019BQ01T,30,4,0.13333333333333333,0.06366512482701295,0.011322924167848426,0.1778512835498932,1.0,low_vs_medium,1,3
3,missingindicator_ST019CQ01T,30,23,0.7666666666666667,0.08021134524133741,0.009617513444460291,0.11990215867248473,1.0,low_vs_medium,1,3
4,ST011Q04TA,30,6,0.2,0.06291799337567518,0.002692839661038276,0.04279919807613189,1.0,low_vs_medium,1,3
4,ST011Q06TA,30,26,0.8666666666666667,0.0760694278497112,0.009209196870239056,0.12106304898774152,1.0,low_vs_medium,1,3
4,ST012Q01TA,30,30,1.0,0.07167217275278688,0.003348851130509291,0.04672456550271214,1.0,low_vs_medium,1,3
4,ST013Q01TA,30,30,1.0,-0.1667658247603928,0.0025093512183055893,0.015047155026582909,1.0,low_vs_medium,1,3
4,ST166Q02HA,30,30,1.0,0.10775897509159066,0.0035003749182997367,0.032483372408883465,1.0,low_vs_medium,1,3
4,ST004D01T,30,11,0.36666666666666664,0.06397841608790446,0.002128832724011987,0.03327423300206484,1.0,low_vs_medium,1,3
4,ST019AQ01T,30,19,0.6333333333333333,0.06803731251728178,0.004444657357870782,0.06532676252816158,1.0,low_vs_medium,1,3
4,missingindicator_ST011Q01TA,30,13,0.43333333333333335,0.05190301106032797,0.044934449664256366,0.8657387836714926,0.9230769230769231,low_vs_medium,1,3
4,missingindicator_ST011Q02TA,30,5,0.16666666666666666,0.018368499967945,0.07816737540849834,4.255512183624618,0.8,low_vs_medium,1,3
4,missingindicator_ST011Q03TA,30,1,0.03333333333333333,-0.06052396334935202,,,1.0,low_vs_medium,1,3
4,missingindicator_ST011Q04TA,30,17,0.5666666666666667,0.08764570637432088,0.023357931891863238,0.266504006392569,1.0,low_vs_medium,1,3
4,missingindicator_ST011Q05TA,30,1,0.03333333333333333,0.06953230631560126,,,1.0,low_vs_medium,1,3
4,missingindicator_ST011Q06TA,30,6,0.2,-0.08072737925027361,0.01253175163360831,0.15523545728837515,1.0,low_vs_medium,1,3
4,missingindicator_ST011Q07TA,30,26,0.8666666666666667,0.09612042300970497,0.030925075380948436,0.32173261844494827,1.0,low_vs_medium,1,3
4,missingindicator_ST011Q09TA,30,5,0.16666666666666666,0.06968422897207646,0.01198161754258524,0.17194159595834027,1.0,low_vs_medium,1,3
4,missingindicator_ST011Q12TA,30,12,0.4,0.07465600610739045,0.017033177169697492,0.2281554835011636,1.0,low_vs_medium,1,3
4,missingindicator_ST012Q02TA,30,30,1.0,0.0959307353767483,0.01149793167026942,0.11985659887953166,1.0,low_vs_medium,1,3
4,missingindicator_ST012Q03TA,30,21,0.7,0.07688389783191672,0.012693478179011094,0.16509930605705667,1.0,low_vs_medium,1,3
4,missingindicator_ST012Q09NA,30,29,0.9666666666666667,0.08743500112892033,0.022968564133277275,0.2626930158027997,1.0,low_vs_medium,1,3
4,missingindicator_ST013Q01TA,30,20,0.6666666666666666,0.08224650437077578,0.024217369745084358,0.29444862040470365,1.0,low_vs_medium,1,3
4,missingindicator_ST166Q02HA,30,1,0.03333333333333333,0.08085307172593337,,,1.0,low_vs_medium,1,3
4,missingindicator_ST166Q03HA,30,7,0.23333333333333334,0.06995739543300807,0.006415202886359556,0.091701568456802,1.0,low_vs_medium,1,3
4,missingindicator_ST166Q04HA,30,17,0.5666666666666667,0.06537586546291863,0.007546909613659195,0.11543877178864764,1.0,low_vs_medium,1,3
4,missingindicator_ST166Q05HA,30,30,1.0,0.10754104707684725,0.008857510891904452,0.08236400084123233,1.0,low_vs_medium,1,3
4,missingindicator_ST019AQ01T,30,30,1.0,0.2571465453701173,0.01796988640838837,0.06988188926483098,1.0,low_vs_medium,1,3
4,missingindicator_ST019BQ01T,30,2,0.06666666666666667,0.06613363164658725,0.0056759749175229295,0.0858258464899505,1.0,low_vs_medium,1,3
4,missingindicator_ST019CQ01T,30,25,0.8333333333333334,0.07889567328970575,0.010217264757875651,0.12950348646316442,1.0,low_vs_medium,1,3
5,ST011Q04TA,30,5,0.16666666666666666,-0.06240959219775595,0.0017354079199714562,0.027806749873841605,1.0,low_vs_medium,1,3
5,ST011Q06TA,30,22,0.7333333333333333,0.07979798026395248,0.010448392643756917,0.13093555261920356,1.0,low_vs_medium,1,3
5,ST012Q01TA,30,29,0.9666666666666667,0.07138110875988912,0.0037636269220703207,0.05272581201743954,1.0,low_vs_medium,1,3
5,ST013Q01TA,30,30,1.0,0.12261960283291846,0.0033415884202116575,0.027251665663645213,1.0,low_vs_medium,1,3
5,ST166Q02HA,30,30,1.0,0.10725041430660116,0.0037968751876892564,0.035401962894380745,1.0,low_vs_medium,1,3
5,ST004D01T,30,11,0.36666666666666664,0.06336070959540835,0.0029503726645547317,0.04656470363722916,1.0,low_vs_medium,1,3
5,ST019AQ01T,30,17,0.5666666666666667,0.068306030060036,0.004969391894032239,0.07275187695236435,1.0,low_vs_medium,1,3
5,missingindicator_ST011Q01TA,30,14,0.4666666666666667,0.04770695053976402,0.06042889918497387,1.2666686615109894,0.7857142857142857,low_vs_medium,1,3
5,missingindicator_ST011Q02TA,30,8,0.26666666666666666,0.015493453382670956,0.07255773995731099,4.68312248826753,0.625,low_vs_medium,1,3
5,missingindicator_ST011Q04TA,30,16,0.5333333333333333,0.09645004547546257,0.024814941818097964,0.2572828420740457,1.0,low_vs_medium,1,3
5,missingindicator_ST011Q05TA,30,1,0.03333333333333333,0.04807337732398836,,,1.0,low_vs_medium,1,3
5,missingindicator_ST011Q06TA,30,9,0.3,-0.07852491307098794,0.021506782754356732,0.2738848336567302,1.0,low_vs_medium,1,3
5,missingindicator_ST011Q07TA,30,24,0.8,0.09617034849994562,0.03226893126401124,0.33553929841513974,1.0,low_vs_medium,1,3
5,missingindicator_ST011Q09TA,30,10,0.3333333333333333,0.06788440135860488,0.013095623520971324,0.19291064307678912,1.0,low_vs_medium,1,3
5,missingindicator_ST011Q10TA,30,2,0.06666666666666667,-0.06545196017077923,0.0034987943113693708,0.05345591334835827,1.0,low_vs_medium,1,3
5,missingindicator_ST011Q12TA,30,14,0.4666666666666667,0.07649511664663775,0.020780269504437062,0.2716548508636131,1.0,low_vs_medium,1,3
5,missingindicator_ST012Q02TA,30,30,1.0,0.09553063008664628,0.013980199749928184,0.14634258914913617,1.0,low_vs_medium,1,3
5,missingindicator_ST012Q03TA,30,17,0.5666666666666667,0.0786220855960521,0.014073555314282617,0.17900256915837018,1.0,low_vs_medium,1,3
5,missingindicator_ST012Q05NA,30,1,0.03333333333333333,-0.06212571990952026,,,1.0,low_vs_medium,1,3
5,missingindicator_ST012Q09NA,30,27,0.9,0.09027995614394108,0.023156282297812598,0.25649416866012376,1.0,low_vs_medium,1,3
5,missingindicator_ST013Q01TA,30,19,0.6333333333333333,0.09375015814477938,0.025587494847788706,0.27293281797214314,1.0,low_vs_medium,1,3
5,missingindicator_ST166Q02HA,30,2,0.06666666666666667,0.07094023994708319,0.022579015512945354,0.31828219822470055,1.0,low_vs_medium,1,3
5,missingindicator_ST166Q03HA,30,9,0.3,0.07357155686817715,0.008597960256933733,0.11686527542619829,1.0,low_vs_medium,1,3
5,missingindicator_ST166Q04HA,30,14,0.4666666666666667,0.06996036052652652,0.009441726776873039,0.13495823500356416,1.0,low_vs_medium,1,3
5,missingindicator_ST166Q05HA,30,30,1.0,0.1078375463648646,0.009311569809530228,0.08634812385312304,1.0,low_vs_medium,1,3
5,missingindicator_ST019AQ01T,30,30,1.0,0.25740835485470176,0.015061611154413816,0.05851251861236432,1.0,low_vs_medium,1,3
5,missingindicator_ST019BQ01T,30,4,0.13333333333333333,0.06533748968581374,0.00560063610881491,0.08571856886064198,1.0,low_vs_medium,1,3
5,missingindicator_ST019CQ01T,30,25,0.8333333333333334,0.07949250185138608,0.0121352315903972,0.15265882074116155,1.0,low_vs_medium,1,3
0,ST011Q04TA,30,30,1.0,0.03795538169823209,0.0033305323263119117,0.08774861896506876,1.0,medium_vs_high,1,3
0,ST012Q01TA,30,25,0.8333333333333334,0.027134875591413355,0.0012193011891310154,0.04493483616769759,1.0,medium_vs_high,1,3
0,ST012Q06NA,30,15,0.5,-0.02685889022324368,0.001196269339072229,0.0445390456988047,1.0,medium_vs_high,1,3
0,ST013Q01TA,30,30,1.0,-0.06476637505034535,0.0012582937367738246,0.019428194580840833,1.0,medium_vs_high,1,3
0,ST166Q02HA,30,30,1.0,-0.03533064006384848,0.0015757947340535993,0.04460136389281004,1.0,medium_vs_high,1,3
0,ST166Q03HA,30,26,0.8666666666666667,-0.0278617807321348,0.0015059893753837446,0.05405215803908719,1.0,medium_vs_high,1,3
0,ST166Q05HA,30,30,1.0,-0.05787800036108515,0.0012499523253110204,0.0215963287866358,1.0,medium_vs_high,1,3
0,ST019AQ01T,30,30,1.0,0.032756252276087555,0.002108421548006877,0.06436699565737712,1.0,medium_vs_high,1,3
0,missingindicator_ST011Q01TA,30,9,0.3,0.0034380930479788224,0.03777242136004314,10.986445344243577,0.5555555555555556,medium_vs_high,1,3
0,missingindicator_ST011Q02TA,30,30,1.0,0.07984519249721035,0.012646005460130163,0.15838155140739366,1.0,medium_vs_high,1,3
0,missingindicator_ST011Q03TA,30,23,0.7666666666666667,-0.05214799710753847,0.025644318511915395,0.49176037305962556,1.0,medium_vs_high,1,3
0,missingindicator_ST011Q04TA,30,7,0.23333333333333334,0.007033633166540351,0.03559128643941644,5.0601567634672096,0.5714285714285714,medium_vs_high,1,3
0,missingindicator_ST011Q05TA,30,2,0.06666666666666667,0.02693820083570181,0.0005709983031842631,0.02119660131227124,1.0,medium_vs_high,1,3
0,missingindicator_ST011Q06TA,30,4,0.13333333333333333,0.020076645095428284,0.028239956285231148,1.4066073365844256,0.75,medium_vs_high,1,3
0,missingindicator_ST011Q08TA,30,1,0.03333333333333333,-0.02204162795335294,,,1.0,medium_vs_high,1,3
0,missingindicator_ST011Q09TA,30,2,0.06666666666666667,-0.04542722526264966,0.0050106393662604255,0.11030036145263271,1.0,medium_vs_high,1,3
0,missingindicator_ST011Q10TA,30,1,0.03333333333333333,-0.030421997457253932,,,1.0,medium_vs_high,1,3
0,missingindicator_ST011Q11TA,30,13,0.43333333333333335,-0.029772525685212475,0.004871842397710479,0.16363550910060154,1.0,medium_vs_high,1,3
0,missingindicator_ST011Q12TA,30,3,0.1,0.024055444575016485,0.0066911814305832115,0.2781566314318939,1.0,medium_vs_high,1,3
0,missingindicator_ST012Q01TA,30,10,0.3333333333333333,-0.030026276794383484,0.019904751897409652,0.6629110906328853,0.9,medium_vs_high,1,3
0,missingindicator_ST012Q03TA,30,10,0.3333333333333333,0.0270513070294092,0.004206423629720625,0.15549798111963883,1.0,medium_vs_high,1,3
0,missingindicator_ST012Q07NA,30,1,0.03333333333333333,-0.026039381938273626,,,1.0,medium_vs_high,1,3
0,missingindicator_ST012Q08NA,30,15,0.5,0.03216563026991227,0.007051184306478659,0.2192148652866391,1.0,medium_vs_high,1,3
0,missingindicator_ST012Q09NA,30,30,1.0,0.07489144698520918,0.011372912003584543,0.15185862286558113,1.0,medium_vs_high,1,3
0,missingindicator_ST013Q01TA,30,1,0.03333333333333333,0.02328836549138425,,,1.0,medium_vs_high,1,3
0,missingindicator_ST166Q01HA,30,1,0.03333333333333333,0.028584277979863053,,,1.0,medium_vs_high,1,3
0,missingindicator_ST166Q03HA,30,7,0.23333333333333334,0.029042380595017497,0.004156149939126547,0.14310637950387492,1.0,medium_vs_high,1,3
0,missingindicator_ST019AQ01T,30,6,0.2,-0.02872863779438282,0.010828320603690387,0.3769173004717821,1.0,medium_vs_high,1,3
0,missingindicator_ST019BQ01T,30,28,0.9333333333333333,0.03485148677562696,0.005345488524176279,0.15337906697038226,1.0,medium_vs_high,1,3
0,missingindicator_ST019CQ01T,30,30,1.0,0.042189884575336276,0.003978825543870854,0.0943075712085932,1.0,medium_vs_high,1,3
1,ST011Q04TA,30,30,1.0,0.038758467919614424,0.0038049111420266346,0.09816980252981286,1.0,medium_vs_high,1,3
1,ST012Q01TA,30,22,0.7333333333333333,-0.027220745695914993,0.0015826605622361876,0.058141704856884094,1.0,medium_vs_high,1,3
1,ST012Q06NA,30,21,0.7,0.026106857097369242,0.0016230085639889755,0.06216790316566004,1.0,medium_vs_high,1,3
1,ST166Q02HA,30,30,1.0,-0.03511536201806978,0.001910247307556339,0.054399191629388804,1.0,medium_vs_high,1,3
1,ST166Q03HA,30,25,0.8333333333333334,-0.028077346474219958,0.0018743265832569121,0.06675583054039241,1.0,medium_vs_high,1,3
1,ST166Q05HA,30,30,1.0,-0.058007217749084426,0.0015932606263532514,0.027466592747906773,1.0,medium_vs_high,1,3
1,ST019AQ01T,30,30,1.0,0.033001279443243624,0.002715746240892416,0.0822921500835451,1.0,medium_vs_high,1,3
1,missingindicator_ST011Q01TA,30,9,0.3,0.005969580143574643,0.04112786907516467,6.889574825364,0.5555555555555556,medium_vs_high,1,3
1,missingindicator_ST011Q02TA,30,30,1.0,0.07851786343504377,0.011710859228455031,0.1491489798132776,1.0,medium_vs_high,1,3
1,missingindicator_ST011Q03TA,30,24,0.8,-0.04831018662726033,0.03708975251375799,0.7677418594948895,0.9166666666666666,medium_vs_high,1,3
1,missingindicator_ST011Q04TA,30,10,0.3333333333333333,0.00388431305781498,0.038377217487213226,9.880052641483367,0.6,medium_vs_high,1,3
1,missingindicator_ST011Q05TA,30,3,0.1,0.02726821946192584,0.005865328406182673,0.21509759426618716,1.0,medium_vs_high,1,3
1,missingindicator_ST011Q06TA,30,6,0.2,0.020518796477904017,0.025317633599016853,1.2338751751975578,0.8333333333333334,medium_vs_high,1,3
1,missingindicator_ST011Q07TA,30,3,0.1,-0.005748825402420586,0.027901889605882062,4.853494001423971,0.6666666666666666,medium_vs_high,1,3
1,missingindicator_ST011Q08TA,30,2,0.06666666666666667,-0.025477997453354603,0.0006193709525448939,0.024310032751939985,1.0,medium_vs_high,1,3
1,missingindicator_ST011Q09TA,30,5,0.16666666666666666,-0.04080913750134064,0.011928234898725345,0.29229323698236664,1.0,medium_vs_high,1,3
1,missingindicator_ST011Q10TA,30,6,0.2,-0.02726189109717006,0.007327069330894641,0.2687659966353263,1.0,medium_vs_high,1,3
1,missingindicator_ST011Q11TA,30,14,0.4666666666666667,-0.02998708821922839,0.004004989628917851,0.13355713631274685,1.0,medium_vs_high,1,3
1,missingindicator_ST011Q12TA,30,7,0.23333333333333334,0.024026983924842798,0.004443194010598928,0.18492516682482438,1.0,medium_vs_high,1,3
1,missingindicator_ST012Q01TA,30,11,0.36666666666666664,-0.03525709833460739,0.026604519790785746,0.754586198169107,0.9090909090909091,medium_vs_high,1,3
1,missingindicator_ST012Q03TA,30,7,0.23333333333333334,0.03154497052292339,0.005632509505481808,0.17855491421013453,1.0,medium_vs_high,1,3
1,missingindicator_ST012Q06NA,30,3,0.1,0.023408451180297538,0.0037322264456334507,0.15943927331573296,1.0,medium_vs_high,1,3
1,missingindicator_ST012Q07NA,30,1,0.03333333333333333,-0.029391777674563323,,,1.0,medium_vs_high,1,3
1,missingindicator_ST012Q08NA,30,17,0.5666666666666667,0.03396015450239462,0.006996710654259452,0.20602705602432098,1.0,medium_vs_high,1,3
1,missingindicator_ST012Q09NA,30,30,1.0,0.07433253235803572,0.012205738319669078,0.1642045270417802,1.0,medium_vs_high,1,3
1,missingindicator_ST013Q01TA,30,3,0.1,0.025479922994789104,0.0005991077410957667,0.02351293374074522,1.0,medium_vs_high,1,3
1,missingindicator_ST166Q01HA,30,1,0.03333333333333333,0.031613779012439294,,,1.0,medium_vs_high,1,3
1,missingindicator_ST166Q03HA,30,8,0.26666666666666666,0.03022613258424896,0.006092145422975925,0.20155226296302897,1.0,medium_vs_high,1,3
1,missingindicator_ST019AQ01T,30,6,0.2,-0.033364417441496326,0.014202346803458834,0.4256734537134447,1.0,medium_vs_high,1,3
1,missingindicator_ST019BQ01T,30,26,0.8666666666666667,0.0343879011972303,0.005492940041964256,0.1597346697741086,1.0,medium_vs_high,1,3
1,missingindicator_ST019CQ01T,30,30,1.0,0.04339262404780793,0.004319548423795077,0.09954568359442849,1.0,medium_vs_high,1,3
2,ST011Q04TA,30,30,1.0,0.03819824138177848,0.0034020866879855343,0.0890639611908525,1.0,medium_vs_high,1,3
2,ST011Q08TA,30,3,0.1,-0.0203519688101878,0.000562301545753265,0.02762885256937834,1.0,medium_vs_high,1,3
2,ST011Q09TA,30,2,0.06666666666666667,0.019698139710179155,0.0006917723434838209,0.03511866367392768,1.0,medium_vs_high,1,3
2,ST012Q01TA,30,26,0.8666666666666667,-0.027049537061182235,0.001368348813494177,0.050586773829036896,1.0,medium_vs_high,1,3
2,ST012Q06NA,30,21,0.7,0.02604787743569343,0.0018152102491918796,0.06968745356212769,1.0,medium_vs_high,1,3
2,ST013Q01TA,30,30,1.0,-0.06496458058295575,0.0014971153287814207,0.02304510112044358,1.0,medium_vs_high,1,3
2,ST166Q03HA,30,30,1.0,0.03568116379668459,0.0018127933111027272,0.05080533026983743,1.0,medium_vs_high,1,3
2,ST019AQ01T,30,29,0.9666666666666667,0.03290249892086205,0.002553497745700655,0.07760801852292115,1.0,medium_vs_high,1,3
2,missingindicator_ST011Q01TA,30,17,0.5666666666666667,0.009738790714986366,0.031196160988713324,3.20328898132164,0.7647058823529411,medium_vs_high,1,3
2,missingindicator_ST011Q02TA,30,30,1.0,0.07788584357697685,0.01249950596163701,0.1604849532031246,1.0,medium_vs_high,1,3
2,missingindicator_ST011Q03TA,30,22,0.7333333333333333,-0.053105489572958506,0.027307503546192262,0.5142124433044929,1.0,medium_vs_high,1,3
2,missingindicator_ST011Q04TA,30,8,0.26666666666666666,0.005019102355706251,0.028413319479803897,5.661036071021864,0.625,medium_vs_high,1,3
2,missingindicator_ST011Q05TA,30,2,0.06666666666666667,0.028788015102423924,4.0613073019214196e-05,0.0014107632247210616,1.0,medium_vs_high,1,3
2,missingindicator_ST011Q06TA,30,7,0.23333333333333334,0.02295939538186002,0.020888207620616026,0.909789098240783,0.8571428571428571,medium_vs_high,1,3
2,missingindicator_ST011Q07TA,30,2,0.06666666666666667,0.002848094222413748,0.031308943771242576,10.992945221000582,0.5,medium_vs_high,1,3
2,missingindicator_ST011Q09TA,30,4,0.13333333333333333,-0.035684415423680005,0.009896946990680593,0.27734647949740626,1.0,medium_vs_high,1,3
2,missingindicator_ST011Q10TA,30,4,0.13333333333333333,-0.0034845212699681086,0.03164874885826403,9.08266771996306,0.5,medium_vs_high,1,3
2,missingindicator_ST011Q11TA,30,16,0.5333333333333333,-0.029415776638714447,0.005799237012419955,0.19714716642182792,1.0,medium_vs_high,1,3
2,missingindicator_ST011Q12TA,30,4,0.13333333333333333,0.03243462467593869,0.0031572506893960844,0.09734198317202233,1.0,medium_vs_high,1,3
2,missingindicator_ST012Q01TA,30,11,0.36666666666666664,-0.037569683533104796,0.011881621027878115,0.3162555526295168,1.0,medium_vs_high,1,3
2,missingindicator_ST012Q03TA,30,10,0.3333333333333333,0.030205627502848463,0.003979146865385868,0.13173528227515305,1.0,medium_vs_high,1,3
2,missingindicator_ST012Q06NA,30,1,0.03333333333333333,0.03378718529554502,,,1.0,medium_vs_high,1,3
2,missingindicator_ST012Q07NA,30,4,0.13333333333333333,-0.022512116464953658,0.0071570793978248245,0.31792121407006757,1.0,medium_vs_high,1,3
2,missingindicator_ST012Q08NA,30,20,0.6666666666666666,0.030035452314501658,0.007438436374016776,0.2476552141159321,1.0,medium_vs_high,1,3
2,missingindicator_ST012Q09NA,30,30,1.0,0.07808166611514614,0.011210354556715157,0.14357217403869657,1.0,medium_vs_high,1,3
2,missingindicator_ST013Q01TA,30,5,0.16666666666666666,0.019195635600337844,0.026320369128060076,1.371164241500648,0.8,medium_vs_high,1,3
2,missingindicator_ST166Q01HA,30,3,0.1,0.023782715647571354,0.0015423707924657622,0.06485259359451098,1.0,medium_vs_high,1,3
2,missingindicator_ST166Q03HA,30,12,0.4,0.02705184954317506,0.004896979985344195,0.18102200285893796,1.0,medium_vs_high,1,3
2,missingindicator_ST019AQ01T,30,9,0.3,-0.021383821775336095,0.019476710527745973,0.9108152290256288,0.8888888888888888,medium_vs_high,1,3
2,missingindicator_ST019BQ01T,30,28,0.9333333333333333,0.0346029994208994,0.006220470281076998,0.17976679435829426,1.0,medium_vs_high,1,3
2,missingindicator_ST019CQ01T,30,30,1.0,0.043224467957209106,0.005139173702570047,0.11889501352932026,1.0,medium_vs_high,1,3
3,ST011Q04TA,30,30,1.0,0.039204170549653077,0.0036172567006193613,0.09226714020229082,1.0,medium_vs_high,1,3
3,ST012Q01TA,30,21,0.7,-0.027339127218164155,0.001814530463374214,0.06637119206090228,1.0,medium_vs_high,1,3
3,ST012Q06NA,30,12,0.4,0.026432695221594166,0.0018941644749069357,0.07165990675667079,1.0,medium_vs_high,1,3
3,ST013Q01TA,30,30,1.0,0.04370322456890176,0.002475385378159608,0.05664079487445961,1.0,medium_vs_high,1,3
3,ST166Q02HA,30,9,0.3,0.02667464623312082,0.0027250512563688103,0.10215885273804401,1.0,medium_vs_high,1,3
3,ST166Q03HA,30,25,0.8333333333333334,-0.028346132156239934,0.0020869047205318778,0.07362220386997244,1.0,medium_vs_high,1,3
3,ST166Q05HA,30,30,1.0,0.033638081632665094,0.0016457791020917866,0.04892606897337486,1.0,medium_vs_high,1,3
3,ST019AQ01T,30,30,1.0,0.033156202370162514,0.0031219645368359638,0.09415929188698162,1.0,medium_vs_high,1,3
3,missingindicator_ST011Q01TA,30,8,0.26666666666666666,0.012005079916545074,0.04458902571841474,3.7141798329025164,0.625,medium_vs_high,1,3
3,missingindicator_ST011Q02TA,30,30,1.0,0.08044157115249853,0.01068069390516155,0.13277579928061617,1.0,medium_vs_high,1,3
3,missingindicator_ST011Q03TA,30,23,0.7666666666666667,-0.05148591742237668,0.03339439398499896,0.6486121964388881,0.9565217391304348,medium_vs_high,1,3
3,missingindicator_ST011Q04TA,30,11,0.36666666666666664,0.0016354198173599975,0.033806477327558336,20.67143675813528,0.5454545454545454,medium_vs_high,1,3
3,missingindicator_ST011Q05TA,30,2,0.06666666666666667,0.029518764272990956,0.0035105173879010076,0.11892494399276249,1.0,medium_vs_high,1,3
3,missingindicator_ST011Q06TA,30,5,0.16666666666666666,0.012369372164134834,0.03389251707654651,2.740035357236508,0.6,medium_vs_high,1,3
3,missingindicator_ST011Q07TA,30,3,0.1,0.004465426815847621,0.029884245289688437,6.692360332416701,0.6666666666666666,medium_vs_high,1,3
3,missingindicator_ST011Q08TA,30,1,0.03333333333333333,-0.0234087124626725,,,1.0,medium_vs_high,1,3
3,missingindicator_ST011Q09TA,30,5,0.16666666666666666,-0.03403432806105182,0.010328358236303768,0.30346884527223345,1.0,medium_vs_high,1,3
3,missingindicator_ST011Q10TA,30,5,0.16666666666666666,-0.01066912230586832,0.03427275270843473,3.2123310358513506,0.6,medium_vs_high,1,3
3,missingindicator_ST011Q11TA,30,17,0.5666666666666667,-0.03108396333151211,0.004750195473436105,0.15281820476928953,1.0,medium_vs_high,1,3
3,missingindicator_ST011Q12TA,30,3,0.1,0.024830283300963676,0.008770225580426413,0.35320682708787443,1.0,medium_vs_high,1,3
3,missingindicator_ST012Q01TA,30,14,0.4666666666666667,-0.032594776589327315,0.02522638476911603,0.773939489966501,0.9285714285714286,medium_vs_high,1,3
3,missingindicator_ST012Q03TA,30,9,0.3,0.029003507217515608,0.0057240065044293015,0.1973556667302807,1.0,medium_vs_high,1,3
3,missingindicator_ST012Q07NA,30,3,0.1,-0.025039854048704596,0.004662889656306153,0.1862187234492839,1.0,medium_vs_high,1,3
3,missingindicator_ST012Q08NA,30,18,0.6,0.03620784856644331,0.007602651607957973,0.20997247582956238,1.0,medium_vs_high,1,3
3,missingindicator_ST012Q09NA,30,30,1.0,0.07623630405423096,0.008965365486474109,0.11759968689059959,1.0,medium_vs_high,1,3
3,missingindicator_ST013Q01TA,30,4,0.13333333333333333,0.00939918016172422,0.0376465690035106,4.00530347921372,0.75,medium_vs_high,1,3
3,missingindicator_ST166Q01HA,30,1,0.03333333333333333,0.03074613352881968,,,1.0,medium_vs_high,1,3
3,missingindicator_ST166Q03HA,30,9,0.3,0.02885977932735207,0.00715235986136476,0.2478314120228237,1.0,medium_vs_high,1,3
3,missingindicator_ST019AQ01T,30,4,0.13333333333333333,-0.044770791129864096,0.01396741547893577,0.3119760702557451,1.0,medium_vs_high,1,3
3,missingindicator_ST019BQ01T,30,28,0.9333333333333333,0.03378183452989188,0.006082347665967164,0.18004787929989993,1.0,medium_vs_high,1,3
3,missingindicator_ST019CQ01T,30,30,1.0,0.04468798758205905,0.005371788890470594,0.12020655171832381,1.0,medium_vs_high,1,3
4,ST011Q04TA,30,30,1.0,0.039651515909205216,0.0033530906889600244,0.08456399741785395,1.0,medium_vs_high,1,3
4,ST012Q01TA,30,15,0.5,0.027556472950684346,0.0020470656824122706,0.07428620078033002,1.0,medium_vs_high,1,3
4,ST012Q06NA,30,6,0.2,0.026645501395550608,0.0016790199408076416,0.06301326125872836,1.0,medium_vs_high,1,3
4,ST012Q08NA,30,30,1.0,0.04421765903039554,0.0021424869073512153,0.04845319617391898,1.0,medium_vs_high,1,3
4,ST013Q01TA,30,30,1.0,0.043838785984165796,0.0022389484085431084,0.051072317772481154,1.0,medium_vs_high,1,3
4,ST166Q02HA,30,6,0.2,0.025991548922776542,0.0021062888073652792,0.08103744850386836,1.0,medium_vs_high,1,3
4,ST166Q03HA,30,30,1.0,0.035802250473894064,0.001707002273648909,0.04767863056244479,1.0,medium_vs_high,1,3
4,ST166Q05HA,30,30,1.0,0.03373465938178834,0.001339786426578486,0.039715427727181084,1.0,medium_vs_high,1,3
4,ST019AQ01T,30,30,1.0,0.03333543927700753,0.0033055529450189045,0.0991603235688826,1.0,medium_vs_high,1,3
4,missingindicator_ST011Q01TA,30,7,0.23333333333333334,0.019038512419691504,0.0340230893314853,1.7870665828016725,0.8571428571428571,medium_vs_high,1,3
4,missingindicator_ST011Q02TA,30,30,1.0,0.07993514158660558,0.012027539698247767,0.15046623374297213,1.0,medium_vs_high,1,3
4,missingindicator_ST011Q03TA,30,23,0.7666666666666667,-0.05469443654818061,0.029703394857759514,0.5430789076982928,1.0,medium_vs_high,1,3
4,missingindicator_ST011Q04TA,30,8,0.26666666666666666,-0.0028700036477713776,0.031711886694269074,11.049423828744631,0.5,medium_vs_high,1,3
4,missingindicator_ST011Q05TA,30,3,0.1,0.029139747830853668,0.005848510247787998,0.20070558886564882,1.0,medium_vs_high,1,3
4,missingindicator_ST011Q06TA,30,4,0.13333333333333333,0.01940092175377663,0.035166717010535184,1.8126312479812743,0.75,medium_vs_high,1,3
4,missingindicator_ST011Q07TA,30,4,0.13333333333333333,-0.0022769252448268,0.02532221514351619,11.121232548608504,0.5,medium_vs_high,1,3
4,missingindicator_ST011Q09TA,30,3,0.1,-0.03469067954809133,0.012141292516339794,0.3499871629642897,1.0,medium_vs_high,1,3
4,missingindicator_ST011Q10TA,30,3,0.1,-0.01079241142738504,0.04956730810068005,4.592792670496812,0.6666666666666666,medium_vs_high,1,3
4,missingindicator_ST011Q11TA,30,16,0.5333333333333333,-0.031179878387069756,0.00593752979880981,0.19042825392391827,1.0,medium_vs_high,1,3
4,missingindicator_ST011Q12TA,30,3,0.1,0.016611667043095284,0.009673719356081217,0.5823448863371087,1.0,medium_vs_high,1,3
4,missingindicator_ST012Q01TA,30,12,0.4,-0.03365431540668982,0.023827684497574504,0.7080127528857125,0.9166666666666666,medium_vs_high,1,3
4,missingindicator_ST012Q03TA,30,6,0.2,0.029373452768457983,0.004456284649882421,0.1517112981238522,1.0,medium_vs_high,1,3
4,missingindicator_ST012Q07NA,30,4,0.13333333333333333,-0.030083651358834042,0.006156623257256764,0.2046501331843442,1.0,medium_vs_high,1,3
4,missingindicator_ST012Q08NA,30,17,0.5666666666666667,0.03544074224168458,0.007297699954037925,0.20591272903575197,1.0,medium_vs_high,1,3
4,missingindicator_ST012Q09NA,30,30,1.0,0.08001347208721922,0.010268079331539719,0.12832938083660375,1.0,medium_vs_high,1,3
4,missingindicator_ST013Q01TA,30,4,0.13333333333333333,0.002125128775706079,0.038215190510521524,17.982529316523156,0.5,medium_vs_high,1,3
4,missingindicator_ST166Q03HA,30,5,0.16666666666666666,0.029174666587682436,0.0070133114969223986,0.24039045916238247,1.0,medium_vs_high,1,3
4,missingindicator_ST019AQ01T,30,5,0.16666666666666666,-0.038395726516037024,0.016542915266907994,0.43085303412603465,1.0,medium_vs_high,1,3
4,missingindicator_ST019BQ01T,30,26,0.8666666666666667,0.033275190046390235,0.0048961393737584095,0.14714083877304718,1.0,medium_vs_high,1,3
4,missingindicator_ST019CQ01T,30,30,1.0,0.04535168039308056,0.005182254739526703,0.11426819678146644,1.0,medium_vs_high,1,3
5,ST011Q04TA,30,30,1.0,0.038526495059810505,0.003722957533672882,0.09663369397847306,1.0,medium_vs_high,1,3
5,ST011Q08TA,30,1,0.03333333333333333,0.019368598262236237,,,1.0,medium_vs_high,1,3
5,ST011Q09TA,30,1,0.03333333333333333,0.019657004359296976,,,1.0,medium_vs_high,1,3
5,ST012Q01TA,30,22,0.7333333333333333,0.02756930937895249,0.0017328377876437743,0.06285386999816149,1.0,medium_vs_high,1,3
5,ST012Q06NA,30,22,0.7333333333333333,-0.025879247649333435,0.0019481957100353732,0.07528022979777592,1.0,medium_vs_high,1,3
5,ST013Q01TA,30,30,1.0,0.07869675173495283,0.002845246051645852,0.03615455516167319,1.0,medium_vs_high,1,3
5,ST166Q02HA,30,1,0.03333333333333333,0.021506458394160637,,,1.0,medium_vs_high,1,3
5,ST166Q03HA,30,30,1.0,0.03580444322260393,0.0019561764990895705,0.05463502076900345,1.0,medium_vs_high,1,3
5,ST019AQ01T,30,29,0.9666666666666667,0.03304948883832404,0.0026646903656645272,0.08062727925082352,1.0,medium_vs_high,1,3
5,missingindicator_ST011Q01TA,30,13,0.43333333333333335,0.0009863648950135485,0.03992843249285066,40.48038681699252,0.5384615384615384,medium_vs_high,1,3
5,missingindicator_ST011Q02TA,30,30,1.0,0.07768177457866754,0.012896712002257671,0.1660197912857578,1.0,medium_vs_high,1,3
5,missingindicator_ST011Q03TA,30,24,0.8,-0.047438585372304935,0.03127948172496639,0.6593679275948146,0.9583333333333334,medium_vs_high,1,3
5,missingindicator_ST011Q04TA,30,13,0.43333333333333335,0.004074882361230327,0.031971514185283705,7.845996853668817,0.6153846153846154,medium_vs_high,1,3
5,missingindicator_ST011Q05TA,30,2,0.06666666666666667,0.024643284789247162,0.00172543235286276,0.0700163297068106,1.0,medium_vs_high,1,3
5,missingindicator_ST011Q06TA,30,7,0.23333333333333334,0.020695790565299573,0.02653840536829585,1.2823093316760041,0.8571428571428571,medium_vs_high,1,3
5,missingindicator_ST011Q07TA,30,3,0.1,-0.0021554528406544857,0.03343986100649513,15.514076845374817,0.6666666666666666,medium_vs_high,1,3
5,missingindicator_ST011Q08TA,30,1,0.03333333333333333,0.027315954898443313,,,1.0,medium_vs_high,1,3
5,missingindicator_ST011Q09TA,30,6,0.2,-0.03223985698286814,0.0298790837051165,0.9267746975736858,0.8333333333333334,medium_vs_high,1,3
5,missingindicator_ST011Q10TA,30,3,0.1,-0.012962309470149182,0.043245799272443985,3.3362727044925484,0.6666666666666666,medium_vs_high,1,3
5,missingindicator_ST011Q11TA,30,17,0.5666666666666667,-0.029413651622789756,0.005654325379455143,0.192234730048756,1.0,medium_vs_high,1,3
5,missingindicator_ST011Q12TA,30,7,0.23333333333333334,0.022283522822314578,0.022851124490947748,1.0254718104116274,0.8571428571428571,medium_vs_high,1,3
5,missingindicator_ST012Q01TA,30,12,0.4,-0.034375319459432924,0.02686148953613476,0.781417888140199,0.9166666666666666,medium_vs_high,1,3
5,missingindicator_ST012Q03TA,30,13,0.43333333333333335,0.029231812835850295,0.005090043434006744,0.1741268481222706,1.0,medium_vs_high,1,3
5,missingindicator_ST012Q05NA,30,1,0.03333333333333333,0.0307176360321386,,,1.0,medium_vs_high,1,3
5,missingindicator_ST012Q06NA,30,1,0.03333333333333333,0.04314014953053373,,,1.0,medium_vs_high,1,3
5,missingindicator_ST012Q07NA,30,2,0.06666666666666667,-0.026600219805071303,0.009412132092328917,0.3538366284678033,1.0,medium_vs_high,1,3
5,missingindicator_ST012Q08NA,30,18,0.6,0.03357939131794217,0.007776915620371166,0.23159787343184499,1.0,medium_vs_high,1,3
5,missingindicator_ST012Q09NA,30,30,1.0,0.0798193103595891,0.011943938539959452,0.14963720540996336,1.0,medium_vs_high,1,3
5,missingindicator_ST013Q01TA,30,9,0.3,0.012169309465985564,0.02885810661370876,2.371384070260523,0.6666666666666666,medium_vs_high,1,3
5,missingindicator_ST166Q01HA,30,2,0.06666666666666667,0.030192997968648258,0.00031295920928554156,0.01036529097277824,1.0,medium_vs_high,1,3
5,missingindicator_ST166Q03HA,30,12,0.4,0.029666823409694468,0.006698873426765416,0.22580352922370417,1.0,medium_vs_high,1,3
5,missingindicator_ST019AQ01T,30,7,0.23333333333333334,-0.03528973300799378,0.007865529564297962,0.2228843602335068,1.0,medium_vs_high,1,3
5,missingindicator_ST019BQ01T,30,21,0.7,0.03562603776179247,0.006358740781617728,0.1784857699903195,1.0,medium_vs_high,1,3
5,missingindicator_ST019CQ01T,30,30,1.0,0.04515183370085489,0.004003201721474196,0.08866088912349977,1.0,medium_vs_high,1,3
0,ST011Q04TA,30,27,0.9,-0.03752430656816199,0.0023978035896445077,0.0639000106581305,1.0,low_vs_high,1,4
0,ST012Q01TA,30,28,0.9333333333333333,0.03377965854587718,0.0017451884671678864,0.051663887152609694,1.0,low_vs_high,1,4
0,ST012Q03TA,30,30,1.0,-0.034869428008753554,0.00203069261203313,0.05823704970220185,1.0,low_vs_high,1,4
0,ST012Q08NA,30,16,0.5333333333333333,-0.030291971187022797,0.0014513176183122685,0.04791096655122988,1.0,low_vs_high,1,4
0,ST013Q01TA,30,30,1.0,-0.08109508119317192,0.0016740318579434722,0.020642828557700773,1.0,low_vs_high,1,4
0,ST166Q02HA,30,30,1.0,0.04840059516494766,0.0019619244804544573,0.040535131309197385,1.0,low_vs_high,1,4
0,ST166Q03HA,30,30,1.0,0.0549607914872854,0.0027452085728543398,0.04994849052509396,1.0,low_vs_high,1,4
0,ST166Q05HA,30,30,1.0,0.03563798899464919,0.002080853738319169,0.05838864080213941,1.0,low_vs_high,1,4
0,ST004D01T,30,30,1.0,-0.052612430524903345,0.0020162366028787775,0.038322437925091116,1.0,low_vs_high,1,4
0,ST019AQ01T,30,30,1.0,-0.03533499681328402,0.002017275000708645,0.05709000092368087,1.0,low_vs_high,1,4
0,missingindicator_ST011Q01TA,30,7,0.23333333333333334,0.017964366489447898,0.025457071341429764,1.4170870626795,0.8571428571428571,low_vs_high,1,4
0,missingindicator_ST011Q02TA,30,12,0.4,-0.013302019825367993,0.0521342279082408,3.91927155369418,0.5,low_vs_high,1,4
0,missingindicator_ST011Q03TA,30,3,0.1,-0.038931808360165014,0.011590043965143447,0.29770114601207087,1.0,low_vs_high,1,4
0,missingindicator_ST011Q04TA,30,5,0.16666666666666666,-0.006426358664063277,0.06096076109006571,9.486050231052815,0.6,low_vs_high,1,4
0,missingindicator_ST011Q06TA,30,3,0.1,0.028314351945807115,0.0055706329196433145,0.19674237751601562,1.0,low_vs_high,1,4
0,missingindicator_ST011Q07TA,30,2,0.06666666666666667,-0.03401380372151813,0.0023433802367913096,0.06889497734441322,1.0,low_vs_high,1,4
0,missingindicator_ST011Q08TA,30,9,0.3,0.03533081137093367,0.006926624765296697,0.19605054332251104,1.0,low_vs_high,1,4
0,missingindicator_ST011Q10TA,30,1,0.03333333333333333,-0.023965665636467164,,,1.0,low_vs_high,1,4
0,missingindicator_ST011Q12TA,30,1,0.03333333333333333,-0.03997781994787923,,,1.0,low_vs_high,1,4
0,missingindicator_ST012Q01TA,30,3,0.1,0.007244858353166261,0.04926321919239603,6.799749117367663,0.6666666666666666,low_vs_high,1,4
0,missingindicator_ST012Q02TA,30,13,0.43333333333333335,0.03442612018214916,0.005486732082740381,0.15937700948320613,1.0,low_vs_high,1,4
0,missingindicator_ST012Q03TA,30,13,0.43333333333333335,0.03318273576159306,0.003869114553369109,0.11660022793682272,1.0,low_vs_high,1,4
0,missingindicator_ST012Q07NA,30,1,0.03333333333333333,-0.0329154412045283,,,1.0,low_vs_high,1,4
0,missingindicator_ST012Q09NA,30,7,0.23333333333333334,0.039086212877365675,0.008615135522506008,0.22041366733421552,1.0,low_vs_high,1,4
0,missingindicator_ST013Q01TA,30,2,0.06666666666666667,0.024266518546007275,0.003938889520945745,0.16231786663084538,1.0,low_vs_high,1,4
0,missingindicator_ST166Q03HA,30,2,0.06666666666666667,0.027865345483493675,0.004242349521325008,0.15224464106637425,1.0,low_vs_high,1,4
0,missingindicator_ST166Q04HA,30,5,0.16666666666666666,0.03130463950898406,0.0024239944653355575,0.07743243504337112,1.0,low_vs_high,1,4
0,missingindicator_ST166Q05HA,30,30,1.0,0.04500204951517375,0.004122172063686153,0.09159965175133285,1.0,low_vs_high,1,4
0,missingindicator_ST019AQ01T,30,15,0.5,0.0349833023409983,0.00423788887877465,0.1211403325353908,1.0,low_vs_high,1,4
0,missingindicator_ST019BQ01T,30,5,0.16666666666666666,0.031939175116995525,0.0037122259861150733,0.11622798561693967,1.0,low_vs_high,1,4
0,missingindicator_ST019CQ01T,30,30,1.0,0.04817777631598999,0.004842877015584952,0.1005209743144086,1.0,low_vs_high,1,4
1,ST011Q04TA,30,30,1.0,0.03686690991808415,0.003140228127635643,0.08517741613314009,1.0,low_vs_high,1,4
1,ST012Q01TA,30,29,0.9666666666666667,-0.033505727730581164,0.0023735688718410086,0.070840690013565,1.0,low_vs_high,1,4
1,ST012Q03TA,30,3,0.1,0.024421897799349303,0.0025343186015126746,0.10377238584546852,1.0,low_vs_high,1,4
1,ST012Q06NA,30,22,0.7333333333333333,0.028716630550924806,0.0019496688254613025,0.0678933700805826,1.0,low_vs_high,1,4
1,ST012Q08NA,30,29,0.9666666666666667,-0.03006386336433005,0.002041582237983295,0.0679081797719177,1.0,low_vs_high,1,4
1,ST013Q01TA,30,30,1.0,-0.08150970679440565,0.0016335548455689375,0.020041230790944952,1.0,low_vs_high,1,4
1,ST004D01T,30,30,1.0,-0.0525493836137037,0.0021262250279832327,0.040461464659858754,1.0,low_vs_high,1,4
1,ST019AQ01T,30,30,1.0,0.03491621835165127,0.0027680286724615375,0.07927630204920605,1.0,low_vs_high,1,4
1,missingindicator_ST011Q01TA,30,11,0.36666666666666664,0.017826276250703134,0.03908027339395227,2.192284739916493,0.8181818181818182,low_vs_high,1,4
1,missingindicator_ST011Q02TA,30,15,0.5,-0.014092630339902854,0.04693655106758471,3.3305742033611208,0.5333333333333333,low_vs_high,1,4
1,missingindicator_ST011Q03TA,30,7,0.23333333333333334,-0.015898313178690084,0.03363911894065056,2.115892331630506,0.7142857142857143,low_vs_high,1,4
1,missingindicator_ST011Q04TA,30,8,0.26666666666666666,-0.008964388641211678,0.043201172284302536,4.819198945223689,0.5,low_vs_high,1,4
1,missingindicator_ST011Q06TA,30,5,0.16666666666666666,0.002634595953088452,0.03389856483623968,12.866703448967758,0.6,low_vs_high,1,4
1,missingindicator_ST011Q07TA,30,3,0.1,-0.039761518727892985,0.010064869483595931,0.2531309116353082,1.0,low_vs_high,1,4
1,missingindicator_ST011Q08TA,30,11,0.36666666666666664,0.033236221649086635,0.007268276989922796,0.21868541697255578,1.0,low_vs_high,1,4
1,missingindicator_ST011Q09TA,30,3,0.1,0.028943435399504145,0.0025400995538765406,0.08776081756763598,1.0,low_vs_high,1,4
1,missingindicator_ST011Q10TA,30,2,0.06666666666666667,-0.03509099976794218,0.003433987201299261,0.09785948602229404,1.0,low_vs_high,1,4
1,missingindicator_ST011Q12TA,30,4,0.13333333333333333,-0.02635310598180638,0.03539780056969323,1.343211710761195,0.75,low_vs_high,1,4
1,missingindicator_ST012Q01TA,30,9,0.3,-0.00709657329847407,0.03934688805720912,5.544491179379437,0.5555555555555556,low_vs_high,1,4
1,missingindicator_ST012Q02TA,30,20,0.6666666666666666,0.03189410962014109,0.004162896699466406,0.13052243028717572,1.0,low_vs_high,1,4
1,missingindicator_ST012Q03TA,30,20,0.6666666666666666,0.030772520923633,0.0039438653412991,0.12816191923588063,1.0,low_vs_high,1,4
1,missingindicator_ST012Q05NA,30,3,0.1,0.034270516255833015,0.0038851220715009926,0.11336631296996365,1.0,low_vs_high,1,4
1,missingindicator_ST012Q08NA,30,1,0.03333333333333333,0.026648065214541338,,,1.0,low_vs_high,1,4
1,missingindicator_ST012Q09NA,30,12,0.4,0.03430048966111719,0.007821942857499768,0.22804172578231938,1.0,low_vs_high,1,4
1,missingindicator_ST013Q01TA,30,7,0.23333333333333334,0.022632679507429733,0.023092766300264963,1.0203284278683924,0.8571428571428571,low_vs_high,1,4
1,missingindicator_ST166Q03HA,30,8,0.26666666666666666,0.027885081651890364,0.0033683761113254794,0.12079491655700901,1.0,low_vs_high,1,4
1,missingindicator_ST166Q04HA,30,8,0.26666666666666666,0.027473512676676762,0.002832783255079551,0.10310961282662631,1.0,low_vs_high,1,4
1,missingindicator_ST166Q05HA,30,30,1.0,0.04579383894912852,0.004948417420952277,0.10805858461548455,1.0,low_vs_high,1,4
1,missingindicator_ST019AQ01T,30,21,0.7,0.032995920829658534,0.007140929356270214,0.21641855043643932,1.0,low_vs_high,1,4
1,missingindicator_ST019BQ01T,30,9,0.3,0.032126745516490945,0.004446645178709543,0.1384094500461318,1.0,low_vs_high,1,4
1,missingindicator_ST019CQ01T,30,30,1.0,0.04820075803322568,0.006209682875462064,0.12882956884581803,1.0,low_vs_high,1,4
2,ST011Q04TA,30,29,0.9666666666666667,-0.03820090628026527,0.0028835914178088817,0.07548489548004665,1.0,low_vs_high,1,4
2,ST012Q01TA,30,27,0.9,-0.03368896577130337,0.0021356729223702205,0.06339384048973715,1.0,low_vs_high,1,4
2,ST012Q08NA,30,21,0.7,-0.03047728689066711,0.0019195185411935622,0.06298193628847473,1.0,low_vs_high,1,4
2,ST013Q01TA,30,28,0.9333333333333333,0.03451535536085847,0.002174846807735123,0.06301099278848711,1.0,low_vs_high,1,4
2,ST166Q02HA,30,30,1.0,0.04852121152680396,0.0020543469322195714,0.04233915163236834,1.0,low_vs_high,1,4
2,ST166Q03HA,30,30,1.0,0.054945795579353224,0.003007370649375723,0.05473340803724373,1.0,low_vs_high,1,4
2,ST166Q05HA,30,30,1.0,0.03613817486268368,0.0024263573803282625,0.0671411157189823,1.0,low_vs_high,1,4
2,ST004D01T,30,30,1.0,-0.05276273546656432,0.0023640963404071716,0.04480617465152648,1.0,low_vs_high,1,4
2,ST019AQ01T,30,28,0.9333333333333333,0.035266481329329274,0.0019869744793247286,0.056341727454172374,1.0,low_vs_high,1,4
2,missingindicator_ST011Q01TA,30,11,0.36666666666666664,0.013153404284651284,0.04076416095647813,3.09913388764655,0.6363636363636364,low_vs_high,1,4
2,missingindicator_ST011Q02TA,30,16,0.5333333333333333,-0.01507634895568847,0.045513430596729416,3.0188629044405815,0.5625,low_vs_high,1,4
2,missingindicator_ST011Q03TA,30,6,0.2,-0.02634541852992588,0.03502703097650304,1.3295302534941957,0.8333333333333334,low_vs_high,1,4
2,missingindicator_ST011Q04TA,30,4,0.13333333333333333,-0.03275882125999505,0.07066219085688355,2.15704314560231,0.5,low_vs_high,1,4
2,missingindicator_ST011Q06TA,30,5,0.16666666666666666,0.034464489342694124,0.005384448656641332,0.15623178405754448,1.0,low_vs_high,1,4
2,missingindicator_ST011Q07TA,30,3,0.1,-0.008548670283938761,0.042318293620450566,4.9502779046184715,0.6666666666666666,low_vs_high,1,4
2,missingindicator_ST011Q08TA,30,13,0.43333333333333335,0.034801945546931674,0.006441881731642267,0.1851011956488225,1.0,low_vs_high,1,4
2,missingindicator_ST011Q09TA,30,4,0.13333333333333333,0.031880607927479876,0.007364062455864687,0.23098877137525176,1.0,low_vs_high,1,4
2,missingindicator_ST011Q10TA,30,1,0.03333333333333333,-0.03878303753396001,,,1.0,low_vs_high,1,4
2,missingindicator_ST011Q12TA,30,2,0.06666666666666667,-0.039405447147752515,0.0031519457054702497,0.07998756348714649,1.0,low_vs_high,1,4
2,missingindicator_ST012Q01TA,30,5,0.16666666666666666,-0.01704151044859311,0.04378987995725276,2.5696008631011873,0.6,low_vs_high,1,4
2,missingindicator_ST012Q02TA,30,14,0.4666666666666667,0.03371197445243677,0.004435620256789223,0.13157402759210407,1.0,low_vs_high,1,4
2,missingindicator_ST012Q03TA,30,15,0.5,0.03377507525322197,0.005574663678894709,0.16505259091503915,1.0,low_vs_high,1,4
2,missingindicator_ST012Q05NA,30,1,0.03333333333333333,0.032345330963328055,,,1.0,low_vs_high,1,4
2,missingindicator_ST012Q07NA,30,1,0.03333333333333333,0.03169035478361057,,,1.0,low_vs_high,1,4
2,missingindicator_ST012Q08NA,30,1,0.03333333333333333,-0.043555777838044485,,,1.0,low_vs_high,1,4
2,missingindicator_ST012Q09NA,30,5,0.16666666666666666,0.04645959436049139,0.008831238434973035,0.19008427767253605,1.0,low_vs_high,1,4
2,missingindicator_ST013Q01TA,30,4,0.13333333333333333,0.033621359923207514,0.009809575840034156,0.2917661826422134,1.0,low_vs_high,1,4
2,missingindicator_ST166Q03HA,30,4,0.13333333333333333,0.03068536789257239,0.006461041018056772,0.21055771730280323,1.0,low_vs_high,1,4
2,missingindicator_ST166Q04HA,30,3,0.1,0.03019425506741528,0.0014429251300781736,0.04778806852020451,1.0,low_vs_high,1,4
2,missingindicator_ST166Q05HA,30,30,1.0,0.044934811887181576,0.0048407477010707625,0.10772822891135032,1.0,low_vs_high,1,4
2,missingindicator_ST019AQ01T,30,15,0.5,0.038540783771110435,0.005568267507437519,0.1444772773824959,1.0,low_vs_high,1,4
2,missingindicator_ST019BQ01T,30,4,0.13333333333333333,0.03301814368529202,0.0031080894877887587,0.09413277491954407,1.0,low_vs_high,1,4
2,missingindicator_ST019CQ01T,30,30,1.0,0.04833861228151958,0.004767250316664533,0.09862199371592445,1.0,low_vs_high,1,4
3,ST011Q04TA,30,30,1.0,0.03764286672971255,0.00333749370171572,0.08866204919194808,1.0,low_vs_high,1,4
3,ST012Q01TA,30,28,0.9333333333333333,0.03340695684900038,0.0023517900877729953,0.07039821371348186,1.0,low_vs_high,1,4
3,ST012Q03TA,30,1,0.03333333333333333,0.02507328400985661,,,1.0,low_vs_high,1,4
3,ST012Q06NA,30,15,0.5,0.02952069414342069,0.0026314508163985304,0.08913919176880213,1.0,low_vs_high,1,4
3,ST012Q08NA,30,22,0.7333333333333333,-0.030897086436964247,0.0019084355691164436,0.06176749296442576,1.0,low_vs_high,1,4
3,ST166Q02HA,30,30,1.0,-0.049680469802872176,0.0017023941757587635,0.034266869506542855,1.0,low_vs_high,1,4
3,ST166Q05HA,30,30,1.0,0.03622924745573717,0.0024908215423207363,0.06875167764287349,1.0,low_vs_high,1,4
3,ST004D01T,30,30,1.0,-0.052522160221754335,0.0022923133825413712,0.04364468964838788,1.0,low_vs_high,1,4
3,ST019AQ01T,30,29,0.9666666666666667,0.03543102366810577,0.0025807611445948634,0.07283902290743036,1.0,low_vs_high,1,4
3,missingindicator_ST011Q01TA,30,11,0.36666666666666664,0.007375081213837143,0.038070171293776045,5.162000280396738,0.6363636363636364,low_vs_high,1,4
3,missingindicator_ST011Q02TA,30,13,0.43333333333333335,-0.011171076539063693,0.052859675540377966,4.731833620111282,0.5384615384615384,low_vs_high,1,4
3,missingindicator_ST011Q03TA,30,5,0.16666666666666666,-0.02375907227672388,0.03518810017534235,1.4810384751350407,0.8,low_vs_high,1,4
3,missingindicator_ST011Q04TA,30,4,0.13333333333333333,-0.046173449127875084,0.0643257215422841,1.393132260146674,0.75,low_vs_high,1,4
3,missingindicator_ST011Q05TA,30,1,0.03333333333333333,0.03140997429633263,,,1.0,low_vs_high,1,4
3,missingindicator_ST011Q06TA,30,6,0.2,0.02206856318080649,0.029688437428375996,1.345281846631351,0.8333333333333334,low_vs_high,1,4
3,missingindicator_ST011Q07TA,30,4,0.13333333333333333,-0.018386807564945463,0.03967502584944135,2.1577985035902576,0.75,low_vs_high,1,4
3,missingindicator_ST011Q08TA,30,14,0.4666666666666667,0.03364088513507332,0.006546495066624604,0.19459937038931704,1.0,low_vs_high,1,4
3,missingindicator_ST011Q09TA,30,2,0.06666666666666667,0.03642630915382533,0.00623785634942347,0.17124590699215536,1.0,low_vs_high,1,4
3,missingindicator_ST011Q10TA,30,4,0.13333333333333333,0.009357986569405815,0.03737267474033168,3.993666208339585,0.75,low_vs_high,1,4
3,missingindicator_ST011Q12TA,30,5,0.16666666666666666,-0.024856821065450407,0.03153683789864827,1.2687397883908298,0.8,low_vs_high,1,4
3,missingindicator_ST012Q01TA,30,10,0.3333333333333333,-0.0042760968562126946,0.04208859491279597,9.842759957985027,0.6,low_vs_high,1,4
3,missingindicator_ST012Q02TA,30,19,0.6333333333333333,0.031745788673158574,0.004381496607881055,0.138018199925386,1.0,low_vs_high,1,4
3,missingindicator_ST012Q03TA,30,15,0.5,0.031649766681741194,0.00458591125915966,0.14489557870280542,1.0,low_vs_high,1,4
3,missingindicator_ST012Q05NA,30,5,0.16666666666666666,0.026199269309493033,0.004091932988199314,0.15618500424042914,1.0,low_vs_high,1,4
3,missingindicator_ST012Q06NA,30,1,0.03333333333333333,-0.02660920252449686,,,1.0,low_vs_high,1,4
3,missingindicator_ST012Q08NA,30,1,0.03333333333333333,-0.03631990168209615,,,1.0,low_vs_high,1,4
3,missingindicator_ST012Q09NA,30,12,0.4,0.03798210032402619,0.008285428547451323,0.21814034707844318,1.0,low_vs_high,1,4
3,missingindicator_ST013Q01TA,30,6,0.2,0.02972132928727936,0.002869336118534973,0.09654131182359466,1.0,low_vs_high,1,4
3,missingindicator_ST166Q03HA,30,8,0.26666666666666666,0.028241132171070667,0.003609591245658643,0.12781326271884366,1.0,low_vs_high,1,4
3,missingindicator_ST166Q04HA,30,3,0.1,0.029111930903204557,0.0016590102350873322,0.05698729639759873,1.0,low_vs_high,1,4
3,missingindicator_ST166Q05HA,30,30,1.0,0.045523166336666046,0.0059418375919799895,0.13052338117338322,1.0,low_vs_high,1,4
3,missingindicator_ST019AQ01T,30,18,0.6,0.03674105955129396,0.00649214823277501,0.1767000819263626,1.0,low_vs_high,1,4
3,missingindicator_ST019BQ01T,30,8,0.26666666666666666,0.03200431456262827,0.003479257053612434,0.10871212526061078,1.0,low_vs_high,1,4
3,missingindicator_ST019CQ01T,30,30,1.0,0.047902453146462715,0.005746012439543796,0.11995236281480716,1.0,low_vs_high,1,4
4,ST011Q04TA,30,29,0.9666666666666667,0.038220547801147704,0.002840756976377827,0.07432538620737726,1.0,low_vs_high,1,4
4,ST012Q01TA,30,26,0.8666666666666667,-0.033558979049905624,0.0021911781166201513,0.06529334856586805,1.0,low_vs_high,1,4
4,ST012Q03TA,30,30,1.0,-0.03484792368612655,0.0021715003778347347,0.06231362296914234,1.0,low_vs_high,1,4
4,ST012Q06NA,30,13,0.43333333333333335,0.030163867041626467,0.0026968865177200664,0.08940785059151513,1.0,low_vs_high,1,4
4,ST013Q01TA,30,29,0.9666666666666667,0.03557357420948091,0.0026344546001722383,0.07405650567072103,1.0,low_vs_high,1,4
4,ST166Q02HA,30,30,1.0,0.049380655100930364,0.002088328855149791,0.04229042427406852,1.0,low_vs_high,1,4
4,ST166Q05HA,30,29,0.9666666666666667,0.03671819874003305,0.0024602772119366105,0.06700430022059399,1.0,low_vs_high,1,4
4,ST004D01T,30,30,1.0,0.05321513347863807,0.0020242388827623778,0.038038782399652527,1.0,low_vs_high,1,4
4,ST019AQ01T,30,30,1.0,0.03548556521605496,0.0023411766605993885,0.06597546485014574,1.0,low_vs_high,1,4
4,missingindicator_ST011Q01TA,30,8,0.26666666666666666,0.005636425323245769,0.04077633795996537,7.234432396681532,0.5,low_vs_high,1,4
4,missingindicator_ST011Q02TA,30,13,0.43333333333333335,-0.02332229220034822,0.048950346070131955,2.098865139396594,0.6153846153846154,low_vs_high,1,4
4,missingindicator_ST011Q03TA,30,10,0.3333333333333333,-0.01796577727101097,0.03680425150032663,2.048575519174049,0.7,low_vs_high,1,4
4,missingindicator_ST011Q04TA,30,5,0.16666666666666666,-0.01634179712627571,0.07201352759286339,4.406707967086068,0.6,low_vs_high,1,4
4,missingindicator_ST011Q06TA,30,6,0.2,0.02416986821245952,0.022958442533196552,0.9498786808180245,0.8333333333333334,low_vs_high,1,4
4,missingindicator_ST011Q07TA,30,3,0.1,-0.031697834899353655,0.0011310392871529754,0.03568190984476476,1.0,low_vs_high,1,4
4,missingindicator_ST011Q08TA,30,14,0.4666666666666667,0.03472011746377392,0.006088161044881815,0.17534966727097184,1.0,low_vs_high,1,4
4,missingindicator_ST011Q09TA,30,3,0.1,0.03816493388098171,0.010315251197531686,0.2702808612141201,1.0,low_vs_high,1,4
4,missingindicator_ST011Q10TA,30,1,0.03333333333333333,-0.03652783824740409,,,1.0,low_vs_high,1,4
4,missingindicator_ST011Q12TA,30,4,0.13333333333333333,-0.022248236174720038,0.02986411350964655,1.3423137580488376,0.75,low_vs_high,1,4
4,missingindicator_ST012Q01TA,30,7,0.23333333333333334,0.002561714827104107,0.04229762694476441,16.511450258723684,0.7142857142857143,low_vs_high,1,4
4,missingindicator_ST012Q02TA,30,13,0.43333333333333335,0.03418491145024511,0.004191947157910827,0.12262565500607053,1.0,low_vs_high,1,4
4,missingindicator_ST012Q03TA,30,12,0.4,0.03234949785490986,0.003715210817993535,0.11484601197386614,1.0,low_vs_high,1,4
4,missingindicator_ST012Q05NA,30,3,0.1,0.027093257872745736,0.007049293289253906,0.2601862545421343,1.0,low_vs_high,1,4
4,missingindicator_ST012Q08NA,30,1,0.03333333333333333,-0.04436589718548868,,,1.0,low_vs_high,1,4
4,missingindicator_ST012Q09NA,30,9,0.3,0.036305045073388394,0.01089553632338156,0.3001108055741815,1.0,low_vs_high,1,4
4,missingindicator_ST013Q01TA,30,3,0.1,0.03416953777154222,0.008334586486015453,0.24391861961202285,1.0,low_vs_high,1,4
4,missingindicator_ST166Q03HA,30,4,0.13333333333333333,0.03204019031394618,0.004003510467795204,0.12495276802561907,1.0,low_vs_high,1,4
4,missingindicator_ST166Q04HA,30,1,0.03333333333333333,0.030619757465837134,,,1.0,low_vs_high,1,4
4,missingindicator_ST166Q05HA,30,30,1.0,0.045031946645236784,0.004941185846946414,0.10972623248719948,1.0,low_vs_high,1,4
4,missingindicator_ST019AQ01T,30,15,0.5,0.03802842592695636,0.005684383638594542,0.14947722657553336,1.0,low_vs_high,1,4
4,missingindicator_ST019BQ01T,30,9,0.3,0.03163224319642167,0.003933866263879757,0.12436254487082242,1.0,low_vs_high,1,4
4,missingindicator_ST019CQ01T,30,30,1.0,0.048567251460786644,0.005806715933295722,0.11956031602867383,1.0,low_vs_high,1,4
5,ST011Q04TA,30,30,1.0,0.038176801155501504,0.0026472148484709785,0.06934092874068626,1.0,low_vs_high,1,4
5,ST012Q01TA,30,27,0.9,0.03380049466809549,0.002167851621195251,0.06413668327882494,1.0,low_vs_high,1,4
5,ST012Q06NA,30,15,0.5,0.029339668715321683,0.0016939011113026852,0.05773415943234903,1.0,low_vs_high,1,4
5,ST012Q08NA,30,30,1.0,0.06024265717172868,0.0046605744604758465,0.07736336143325051,1.0,low_vs_high,1,4
5,ST013Q01TA,30,30,1.0,0.09155300032210739,0.003233841916578124,0.035322074702091935,1.0,low_vs_high,1,4
5,ST166Q02HA,30,30,1.0,0.05000570765229646,0.0018742825535509628,0.03748137245818754,1.0,low_vs_high,1,4
5,ST166Q05HA,30,30,1.0,0.03693820400883101,0.002006954567071286,0.05433275983292184,1.0,low_vs_high,1,4
5,ST004D01T,30,30,1.0,-0.05270805663970379,0.00215374998701271,0.04086187433801797,1.0,low_vs_high,1,4
5,ST019AQ01T,30,29,0.9666666666666667,0.03567621836109662,0.00216996483632774,0.060823846697103785,1.0,low_vs_high,1,4
5,missingindicator_ST011Q01TA,30,8,0.26666666666666666,0.006120636869189236,0.03793596761288744,6.198042527870567,0.5,low_vs_high,1,4
5,missingindicator_ST011Q02TA,30,13,0.43333333333333335,-0.016331829462612735,0.04323492986869022,2.6472802675085965,0.6153846153846154,low_vs_high,1,4
5,missingindicator_ST011Q03TA,30,3,0.1,-0.04430260756138904,0.020046180027813006,0.45248307337294996,1.0,low_vs_high,1,4
5,missingindicator_ST011Q04TA,30,8,0.26666666666666666,-0.0021343313507859807,0.037455991987554844,17.549286325087923,0.5,low_vs_high,1,4
5,missingindicator_ST011Q06TA,30,4,0.13333333333333333,0.014147585201400699,0.03402404878336707,2.4049368354394836,0.75,low_vs_high,1,4
5,missingindicator_ST011Q07TA,30,3,0.1,-0.02891631897052514,0.006821190900382819,0.23589416437603164,1.0,low_vs_high,1,4
5,missingindicator_ST011Q08TA,30,13,0.43333333333333335,0.033801540972799735,0.005376104472485481,0.15904909414667392,1.0,low_vs_high,1,4
5,missingindicator_ST011Q09TA,30,1,0.03333333333333333,0.037977995290514134,,,1.0,low_vs_high,1,4
5,missingindicator_ST011Q10TA,30,2,0.06666666666666667,-0.027986452734700254,0.004385800962388273,0.15671157055750554,1.0,low_vs_high,1,4
5,missingindicator_ST011Q12TA,30,4,0.13333333333333333,-0.0209050941707385,0.030736718257264622,1.4702980051765444,0.75,low_vs_high,1,4
5,missingindicator_ST012Q01TA,30,6,0.2,0.00039131722051213846,0.042065287540384244,107.49664296738865,0.6666666666666666,low_vs_high,1,4
5,missingindicator_ST012Q02TA,30,20,0.6666666666666666,0.03348291894391735,0.003785138490927564,0.11304684926865341,1.0,low_vs_high,1,4
5,missingindicator_ST012Q03TA,30,12,0.4,0.03408863714296708,0.0033031364093184953,0.09689845902214293,1.0,low_vs_high,1,4
5,missingindicator_ST012Q05NA,30,1,0.03333333333333333,0.02339225691297034,,,1.0,low_vs_high,1,4
5,missingindicator_ST012Q06NA,30,1,0.03333333333333333,-0.025948254560449677,,,1.0,low_vs_high,1,4
5,missingindicator_ST012Q09NA,30,6,0.2,0.03846329908990797,0.008587234190754241,0.223257869032024,1.0,low_vs_high,1,4
5,missingindicator_ST013Q01TA,30,3,0.1,0.03235373426599892,0.005570935364562044,0.17218832666301007,1.0,low_vs_high,1,4
5,missingindicator_ST166Q03HA,30,5,0.16666666666666666,0.030401902035809465,0.004495055094306548,0.1478544036163251,1.0,low_vs_high,1,4
5,missingindicator_ST166Q04HA,30,4,0.13333333333333333,0.030054313119702962,0.002029296636125166,0.06752097870421143,1.0,low_vs_high,1,4
5,missingindicator_ST166Q05HA,30,30,1.0,0.046346957948483786,0.005108961493026411,0.11023294125809066,1.0,low_vs_high,1,4
5,missingindicator_ST019AQ01T,30,14,0.4666666666666667,0.03640150469987258,0.00901132878858941,0.2475537443544457,1.0,low_vs_high,1,4
5,missingindicator_ST019BQ01T,30,8,0.26666666666666666,0.0336355748887531,0.004574622919547298,0.1360054922408042,1.0,low_vs_high,1,4
5,missingindicator_ST019CQ01T,30,30,1.0,0.04837704233343545,0.00515658749659059,0.10659162379231793,1.0,low_vs_high,1,4
0,ST011Q04TA,30,17,0.5666666666666667,0.06846962753082518,0.0044083630435656305,0.06438421242442097,1.0,low_vs_medium,1,4
0,ST011Q06TA,30,2,0.06666666666666667,0.06391475153764514,0.0007539118587260244,0.011795584596491437,1.0,low_vs_medium,1,4
0,ST012Q01TA,30,1,0.03333333333333333,-0.05699717241943963,,,1.0,low_vs_medium,1,4
0,ST013Q01TA,30,30,1.0,-0.17310741877913852,0.002602167908771503,0.015032099300674773,1.0,low_vs_medium,1,4
0,ST166Q02HA,30,30,1.0,-0.10117774601710074,0.003319648256597493,0.03281006335164273,1.0,low_vs_medium,1,4
0,ST166Q05HA,30,30,1.0,-0.07776491687601758,0.0032480939059785843,0.04176811390613451,1.0,low_vs_medium,1,4
0,ST004D01T,30,26,0.8666666666666667,-0.06863030790323474,0.003195906127972639,0.04656697930714088,1.0,low_vs_medium,1,4
0,ST019AQ01T,30,30,1.0,-0.10452938908987378,0.005787214459256034,0.05536447222780782,1.0,low_vs_medium,1,4
0,missingindicator_ST011Q01TA,30,6,0.2,0.0626827627716466,0.02573077415182234,0.41049202386882006,1.0,low_vs_medium,1,4
0,missingindicator_ST011Q02TA,30,1,0.03333333333333333,-0.04890814090532466,,,1.0,low_vs_medium,1,4
0,missingindicator_ST011Q03TA,30,5,0.16666666666666666,0.05607635572153358,0.013616931329701279,0.2428283927243923,1.0,low_vs_medium,1,4
0,missingindicator_ST011Q04TA,30,9,0.3,0.07623487682447823,0.02174814116125821,0.28527810455220814,1.0,low_vs_medium,1,4
0,missingindicator_ST011Q06TA,30,1,0.03333333333333333,-0.07835881795310916,,,1.0,low_vs_medium,1,4
0,missingindicator_ST011Q07TA,30,27,0.9,0.08888937904901881,0.019536722157373218,0.21978691229915698,1.0,low_vs_medium,1,4
0,missingindicator_ST011Q09TA,30,21,0.7,0.08020490724359304,0.023338902372463863,0.2909909527303671,1.0,low_vs_medium,1,4
0,missingindicator_ST011Q12TA,30,25,0.8333333333333334,0.09547324291130219,0.020958621406123746,0.21952351011680835,1.0,low_vs_medium,1,4
0,missingindicator_ST012Q02TA,30,30,1.0,0.11958039852645226,0.010495084681884813,0.08776592828935259,1.0,low_vs_medium,1,4
0,missingindicator_ST012Q09NA,30,25,0.8333333333333334,0.08510461948482334,0.024361251581728187,0.2862506375000304,1.0,low_vs_medium,1,4
0,missingindicator_ST013Q01TA,30,30,1.0,0.10994862742786293,0.02068290932664082,0.18811430220182454,1.0,low_vs_medium,1,4
0,missingindicator_ST166Q03HA,30,27,0.9,0.08035116178859762,0.006709228411104576,0.0834988351351587,1.0,low_vs_medium,1,4
0,missingindicator_ST166Q04HA,30,7,0.23333333333333334,0.06644726239734496,0.0072920460590412675,0.10974185836936207,1.0,low_vs_medium,1,4
0,missingindicator_ST166Q05HA,30,30,1.0,0.10641633348163251,0.010409231836037173,0.09781611051121028,1.0,low_vs_medium,1,4
0,missingindicator_ST019AQ01T,30,30,1.0,0.2517760556928475,0.01975052893392309,0.07844482621499804,1.0,low_vs_medium,1,4
0,missingindicator_ST019BQ01T,30,8,0.26666666666666666,0.07032650539597449,0.008940498140550979,0.12712842889336481,1.0,low_vs_medium,1,4
0,missingindicator_ST019CQ01T,30,2,0.06666666666666667,0.0672294878711047,0.005450100464453021,0.08106711261734122,1.0,low_vs_medium,1,4
1,ST011Q04TA,30,21,0.7,0.06745014994945503,0.005281358978833477,0.07830018143460254,1.0,low_vs_medium,1,4
1,ST011Q06TA,30,3,0.1,0.07240312934791172,0.0035360910914062874,0.04883892620738328,1.0,low_vs_medium,1,4
1,ST013Q01TA,30,30,1.0,-0.17328582655500968,0.0024308838317362727,0.014028174606447615,1.0,low_vs_medium,1,4
1,ST166Q03HA,30,18,0.6,0.0683787098879692,0.0035386561162797044,0.051750846456117605,1.0,low_vs_medium,1,4
1,ST166Q05HA,30,30,1.0,-0.07790288591673841,0.0032828569535453523,0.042140376635777355,1.0,low_vs_medium,1,4
1,ST004D01T,30,23,0.7666666666666667,-0.06945648634293992,0.002683700461093885,0.038638586579850455,1.0,low_vs_medium,1,4
1,ST019AQ01T,30,30,1.0,0.10481039693080992,0.0062436559555246116,0.0595709599272516,1.0,low_vs_medium,1,4
1,missingindicator_ST011Q01TA,30,9,0.3,0.07200232233946674,0.026878904844758977,0.37330608196266196,1.0,low_vs_medium,1,4
1,missingindicator_ST011Q02TA,30,2,0.06666666666666667,-0.06372339127992549,0.007232172174417495,0.11349320915215973,1.0,low_vs_medium,1,4
1,missingindicator_ST011Q03TA,30,5,0.16666666666666666,0.06665678253996585,0.02410093488647138,0.3615676300010584,1.0,low_vs_medium,1,4
1,missingindicator_ST011Q04TA,30,9,0.3,0.07400871500017668,0.02448852726215818,0.33088707542212725,1.0,low_vs_medium,1,4
1,missingindicator_ST011Q06TA,30,4,0.13333333333333333,-0.07177714334394891,0.008113876436874584,0.11304262135362085,1.0,low_vs_medium,1,4
1,missingindicator_ST011Q07TA,30,26,0.8666666666666667,0.09349253862366094,0.014720995218664946,0.15745636427653253,1.0,low_vs_medium,1,4
1,missingindicator_ST011Q08TA,30,1,0.03333333333333333,0.04862858108777082,,,1.0,low_vs_medium,1,4
1,missingindicator_ST011Q09TA,30,20,0.6666666666666666,0.07980676721831217,0.015999869501040962,0.2004826164336812,1.0,low_vs_medium,1,4
1,missingindicator_ST011Q12TA,30,23,0.7666666666666667,0.09890868135025702,0.017010496127723602,0.17198183107391513,1.0,low_vs_medium,1,4
1,missingindicator_ST012Q02TA,30,30,1.0,0.12020290180319633,0.012416297777038527,0.10329449281821218,1.0,low_vs_medium,1,4
1,missingindicator_ST012Q06NA,30,1,0.03333333333333333,-0.055659878605114295,,,1.0,low_vs_medium,1,4
1,missingindicator_ST012Q09NA,30,27,0.9,0.08817865839731376,0.0243211588016908,0.2758168387196931,1.0,low_vs_medium,1,4
1,missingindicator_ST013Q01TA,30,29,0.9666666666666667,0.1132035372405977,0.02523175240827014,0.22288837454472565,1.0,low_vs_medium,1,4
1,missingindicator_ST166Q02HA,30,1,0.03333333333333333,0.04908687937811275,,,1.0,low_vs_medium,1,4
1,missingindicator_ST166Q03HA,30,29,0.9666666666666667,0.07929266626811017,0.010272808447672086,0.12955559361488633,1.0,low_vs_medium,1,4
1,missingindicator_ST166Q04HA,30,6,0.2,0.06682737448600212,0.00906567496006481,0.13565810462842193,1.0,low_vs_medium,1,4
1,missingindicator_ST166Q05HA,30,30,1.0,0.10678731527586842,0.0105667112184509,0.09895099610991666,1.0,low_vs_medium,1,4
1,missingindicator_ST019AQ01T,30,30,1.0,0.24942296492017382,0.021132409214589098,0.08472519449583316,1.0,low_vs_medium,1,4
1,missingindicator_ST019BQ01T,30,10,0.3333333333333333,0.07091121057757996,0.010508458854954423,0.14819178475958622,1.0,low_vs_medium,1,4
1,missingindicator_ST019CQ01T,30,3,0.1,0.06540133158745363,0.010347365534805976,0.15821337706205021,1.0,low_vs_medium,1,4
2,ST011Q04TA,30,13,0.43333333333333335,0.0692273211262056,0.0055211742920164095,0.07975426756657208,1.0,low_vs_medium,1,4
2,ST011Q06TA,30,1,0.03333333333333333,0.07816020029864319,,,1.0,low_vs_medium,1,4
2,ST013Q01TA,30,30,1.0,0.12974997753957707,0.003423832204169919,0.026387921363035017,1.0,low_vs_medium,1,4
2,ST166Q02HA,30,30,1.0,-0.10081173510175044,0.0037233103115375268,0.03693330253446731,1.0,low_vs_medium,1,4
2,ST166Q03HA,30,10,0.3333333333333333,0.0694618889114345,0.00317917329345413,0.04576859833897764,1.0,low_vs_medium,1,4
2,ST166Q05HA,30,30,1.0,-0.07764196419681628,0.0037889836330857038,0.04880071842954575,1.0,low_vs_medium,1,4
2,ST004D01T,30,20,0.6666666666666666,-0.06941125290564831,0.002742496317212379,0.039510831492125524,1.0,low_vs_medium,1,4
2,ST019AQ01T,30,30,1.0,0.10491894010438606,0.005880381763646951,0.05604690399842426,1.0,low_vs_medium,1,4
2,missingindicator_ST011Q01TA,30,10,0.3333333333333333,0.05784515159038926,0.043738078376340125,0.7561234982329449,0.9,low_vs_medium,1,4
2,missingindicator_ST011Q02TA,30,5,0.16666666666666666,-0.04042746603796987,0.08041360160301844,1.9890834000699722,0.8,low_vs_medium,1,4
2,missingindicator_ST011Q03TA,30,7,0.23333333333333334,0.05996939327723357,0.024697732495255503,0.411838958934934,1.0,low_vs_medium,1,4
2,missingindicator_ST011Q04TA,30,9,0.3,0.09161872473703468,0.03169951622645874,0.3459938600700143,1.0,low_vs_medium,1,4
2,missingindicator_ST011Q06TA,30,2,0.06666666666666667,-0.08301571699180563,0.016787913817327735,0.20222572815922132,1.0,low_vs_medium,1,4
2,missingindicator_ST011Q07TA,30,24,0.8,0.09294234808738676,0.01494722723630777,0.16082256951647067,1.0,low_vs_medium,1,4
2,missingindicator_ST011Q09TA,30,18,0.6,0.0815621887269755,0.01778546243978727,0.21806014180569666,1.0,low_vs_medium,1,4
2,missingindicator_ST011Q12TA,30,24,0.8,0.09896345367005992,0.02040082386718779,0.20614502738761822,1.0,low_vs_medium,1,4
2,missingindicator_ST012Q02TA,30,30,1.0,0.12145284969947327,0.011376399077618006,0.09366926429283565,1.0,low_vs_medium,1,4
2,missingindicator_ST012Q05NA,30,1,0.03333333333333333,0.08038189573628636,,,1.0,low_vs_medium,1,4
2,missingindicator_ST012Q09NA,30,25,0.8333333333333334,0.0954101091785164,0.024691662687408522,0.2587950365008949,1.0,low_vs_medium,1,4
2,missingindicator_ST013Q01TA,30,29,0.9666666666666667,0.11204434178189854,0.02360084245358512,0.21063841402652592,1.0,low_vs_medium,1,4
2,missingindicator_ST166Q02HA,30,1,0.03333333333333333,0.06939283442703327,,,1.0,low_vs_medium,1,4
2,missingindicator_ST166Q03HA,30,26,0.8666666666666667,0.08038789262298963,0.00939307730123731,0.11684691555841387,1.0,low_vs_medium,1,4
2,missingindicator_ST166Q04HA,30,5,0.16666666666666666,0.0674777088431976,0.009035665429760937,0.13390593107951704,1.0,low_vs_medium,1,4
2,missingindicator_ST166Q05HA,30,30,1.0,0.10539913782461534,0.011680836015403337,0.11082477766412381,1.0,low_vs_medium,1,4
2,missingindicator_ST019AQ01T,30,30,1.0,0.2520614025908746,0.017998072183931298,0.07140352310561522,1.0,low_vs_medium,1,4
2,missingindicator_ST019BQ01T,30,6,0.2,0.07454198380334451,0.010121816767125438,0.13578679088859047,1.0,low_vs_medium,1,4
2,missingindicator_ST019CQ01T,30,4,0.13333333333333333,0.07131148111901903,0.003371345068861127,0.04727632936461303,1.0,low_vs_medium,1,4
3,ST011Q04TA,30,18,0.6,0.06877675761167358,0.005871850904927324,0.08537551214729969,1.0,low_vs_medium,1,4
3,ST011Q06TA,30,2,0.06666666666666667,0.07569544886200151,0.002836024328781858,0.037466246272641085,1.0,low_vs_medium,1,4
3,ST013Q01TA,30,30,1.0,0.12988847387410496,0.0034491602712880595,0.026554783256835975,1.0,low_vs_medium,1,4
3,ST166Q02HA,30,30,1.0,0.09983990797335934,0.003743579167792307,0.03749581949525855,1.0,low_vs_medium,1,4
3,ST166Q05HA,30,30,1.0,-0.07740187130436552,0.003930177119112264,0.05077625453857212,1.0,low_vs_medium,1,4
3,ST004D01T,30,24,0.8,0.06842751852390043,0.00336921756172969,0.04923775747549411,1.0,low_vs_medium,1,4
3,ST019AQ01T,30,30,1.0,0.1051186400276328,0.006023375404585023,0.057300735654510396,1.0,low_vs_medium,1,4
3,missingindicator_ST011Q01TA,30,9,0.3,0.07773962688076429,0.0115305578722139,0.14832278382168304,1.0,low_vs_medium,1,4
3,missingindicator_ST011Q02TA,30,5,0.16666666666666666,-0.07185714692339931,0.048943562545498864,0.6811230982726515,0.8,low_vs_medium,1,4
3,missingindicator_ST011Q03TA,30,3,0.1,0.07511600423597192,0.010811548035573056,0.14393135185425063,1.0,low_vs_medium,1,4
3,missingindicator_ST011Q04TA,30,10,0.3333333333333333,0.09242461637766061,0.02695917372473964,0.2916882404421402,1.0,low_vs_medium,1,4
3,missingindicator_ST011Q05TA,30,1,0.03333333333333333,0.0589814355330322,,,1.0,low_vs_medium,1,4
3,missingindicator_ST011Q06TA,30,2,0.06666666666666667,-0.08310314440271024,0.015886028357562344,0.1911603763219849,1.0,low_vs_medium,1,4
3,missingindicator_ST011Q07TA,30,28,0.9333333333333333,0.08929367616689202,0.01946267632852079,0.21796253849090702,1.0,low_vs_medium,1,4
3,missingindicator_ST011Q09TA,30,19,0.6333333333333333,0.0741612478738933,0.017583812594127723,0.23710243689572116,1.0,low_vs_medium,1,4
3,missingindicator_ST011Q12TA,30,24,0.8,0.0944848668382121,0.019396855973825594,0.20529061026290202,1.0,low_vs_medium,1,4
3,missingindicator_ST012Q02TA,30,30,1.0,0.12104096996401745,0.011208069274782002,0.0925973187269888,1.0,low_vs_medium,1,4
3,missingindicator_ST012Q05NA,30,1,0.03333333333333333,0.07113712504324168,,,1.0,low_vs_medium,1,4
3,missingindicator_ST012Q06NA,30,1,0.03333333333333333,-0.0523208572237629,,,1.0,low_vs_medium,1,4
3,missingindicator_ST012Q07NA,30,1,0.03333333333333333,0.07098186147153565,,,1.0,low_vs_medium,1,4
3,missingindicator_ST012Q08NA,30,1,0.03333333333333333,0.0699786457309345,,,1.0,low_vs_medium,1,4
3,missingindicator_ST012Q09NA,30,24,0.8,0.09374459926173573,0.02648714112009044,0.282545782143013,1.0,low_vs_medium,1,4
3,missingindicator_ST013Q01TA,30,29,0.9666666666666667,0.113396280217139,0.021489848147559436,0.18951105015446004,1.0,low_vs_medium,1,4
3,missingindicator_ST166Q02HA,30,2,0.06666666666666667,0.06633820512978761,0.0010433143667594297,0.015727202216554305,1.0,low_vs_medium,1,4
3,missingindicator_ST166Q03HA,30,25,0.8333333333333334,0.08068979278664283,0.01014134282316087,0.1256830941427283,1.0,low_vs_medium,1,4
3,missingindicator_ST166Q04HA,30,5,0.16666666666666666,0.07022224258910095,0.005550279680538295,0.07903876999507478,1.0,low_vs_medium,1,4
3,missingindicator_ST166Q05HA,30,30,1.0,0.10568740920370566,0.010070720557728084,0.09528779855240296,1.0,low_vs_medium,1,4
3,missingindicator_ST019AQ01T,30,30,1.0,0.25239439246906337,0.01827026019541436,0.07238774212328743,1.0,low_vs_medium,1,4
3,missingindicator_ST019BQ01T,30,4,0.13333333333333333,0.07826651788565245,0.011560995617171234,0.14771317198577652,1.0,low_vs_medium,1,4
3,missingindicator_ST019CQ01T,30,2,0.06666666666666667,0.07043301819818187,0.0011362190334590237,0.016131908904740838,1.0,low_vs_medium,1,4
4,ST011Q04TA,30,22,0.7333333333333333,0.06850184523585054,0.005804364508341212,0.08473296578153328,1.0,low_vs_medium,1,4
4,ST011Q06TA,30,4,0.13333333333333333,0.06612212818152807,0.007464920884532065,0.1128959561621834,1.0,low_vs_medium,1,4
4,ST012Q01TA,30,3,0.1,0.058318756849052744,0.002430518834157757,0.04167645137650487,1.0,low_vs_medium,1,4
4,ST013Q01TA,30,30,1.0,0.12966142473814113,0.0033761421919269604,0.02603813893565706,1.0,low_vs_medium,1,4
4,ST166Q02HA,30,30,1.0,0.10010412672406933,0.00371578156742957,0.03711916470408743,1.0,low_vs_medium,1,4
4,ST004D01T,30,22,0.7333333333333333,-0.06891607618872557,0.0030454776038644246,0.044191105650362814,1.0,low_vs_medium,1,4
4,ST019AQ01T,30,30,1.0,0.10460130337208508,0.0057958187930377625,0.05540866706431969,1.0,low_vs_medium,1,4
4,missingindicator_ST011Q01TA,30,10,0.3333333333333333,0.06471799362101156,0.044963494251608935,0.694760324538413,0.9,low_vs_medium,1,4
4,missingindicator_ST011Q02TA,30,5,0.16666666666666666,-0.05264189823010461,0.07630907385445185,1.4495881877377395,0.8,low_vs_medium,1,4
4,missingindicator_ST011Q03TA,30,5,0.16666666666666666,0.06738668847091679,0.018624018907127213,0.27637533954744037,1.0,low_vs_medium,1,4
4,missingindicator_ST011Q04TA,30,14,0.4666666666666667,0.0826722807024657,0.027634749050309396,0.3342686183990227,1.0,low_vs_medium,1,4
4,missingindicator_ST011Q06TA,30,3,0.1,-0.07409208329161562,0.02212376535696088,0.2985982357910625,1.0,low_vs_medium,1,4
4,missingindicator_ST011Q07TA,30,25,0.8333333333333334,0.09304108565072661,0.015418951528098785,0.16572196487454002,1.0,low_vs_medium,1,4
4,missingindicator_ST011Q08TA,30,3,0.1,0.06771914123354215,0.013365382565783368,0.19736491518240523,1.0,low_vs_medium,1,4
4,missingindicator_ST011Q09TA,30,18,0.6,0.07533561299893513,0.016806284461323324,0.2230855208088754,1.0,low_vs_medium,1,4
4,missingindicator_ST011Q10TA,30,2,0.06666666666666667,0.07227783712815189,0.008246779482140148,0.11409831574675143,1.0,low_vs_medium,1,4
4,missingindicator_ST011Q12TA,30,24,0.8,0.09942207721920776,0.022561300059785575,0.2269244486819761,1.0,low_vs_medium,1,4
4,missingindicator_ST012Q02TA,30,30,1.0,0.11976916391738746,0.01105781440106884,0.09232605488250825,1.0,low_vs_medium,1,4
4,missingindicator_ST012Q05NA,30,2,0.06666666666666667,0.0718059249708173,0.0017298126908089815,0.024090110830157763,1.0,low_vs_medium,1,4
4,missingindicator_ST012Q07NA,30,1,0.03333333333333333,0.06835875216231861,,,1.0,low_vs_medium,1,4
4,missingindicator_ST012Q08NA,30,1,0.03333333333333333,0.05967377195547527,,,1.0,low_vs_medium,1,4
4,missingindicator_ST012Q09NA,30,26,0.8666666666666667,0.09044995708634827,0.026229073052692606,0.28998436149232176,1.0,low_vs_medium,1,4
4,missingindicator_ST013Q01TA,30,29,0.9666666666666667,0.11347359127166654,0.022772490427429997,0.20068537685487098,1.0,low_vs_medium,1,4
4,missingindicator_ST166Q02HA,30,1,0.03333333333333333,0.06687612894858684,,,1.0,low_vs_medium,1,4
4,missingindicator_ST166Q03HA,30,28,0.9333333333333333,0.07906958094497406,0.013137490916480374,0.16615101230425125,1.0,low_vs_medium,1,4
4,missingindicator_ST166Q04HA,30,8,0.26666666666666666,0.07013157522651409,0.0066525560741162535,0.09485821547041445,1.0,low_vs_medium,1,4
4,missingindicator_ST166Q05HA,30,30,1.0,0.10551655621880689,0.010284874588462443,0.09747166659926781,1.0,low_vs_medium,1,4
4,missingindicator_ST019AQ01T,30,30,1.0,0.25238930654674213,0.017595449086678882,0.06971550945412273,1.0,low_vs_medium,1,4
4,missingindicator_ST019BQ01T,30,10,0.3333333333333333,0.07222125014140435,0.012326864232926981,0.17068195591729318,1.0,low_vs_medium,1,4
4,missingindicator_ST019CQ01T,30,4,0.13333333333333333,0.07097720022657927,0.00263159844651437,0.03707667304590156,1.0,low_vs_medium,1,4
5,ST011Q04TA,30,18,0.6,0.0704704339657672,0.006306898528487848,0.08949708655904665,1.0,low_vs_medium,1,4
5,ST011Q06TA,30,2,0.06666666666666667,0.06407071517924458,0.0005307506083488399,0.008283825252519956,1.0,low_vs_medium,1,4
5,ST012Q01TA,30,1,0.03333333333333333,0.0544429948972881,,,1.0,low_vs_medium,1,4
5,ST013Q01TA,30,30,1.0,0.12255416415179862,0.003953544907473363,0.03225957220495914,1.0,low_vs_medium,1,4
5,ST166Q02HA,30,30,1.0,0.10014401777918829,0.0036365638683250154,0.036313341015969884,1.0,low_vs_medium,1,4
5,ST166Q05HA,30,1,0.03333333333333333,0.0613232503235279,,,1.0,low_vs_medium,1,4
5,ST004D01T,30,25,0.8333333333333334,0.06883046483016513,0.00412095874023488,0.05987114499957379,1.0,low_vs_medium,1,4
5,ST019AQ01T,30,30,1.0,0.1034182128120159,0.00542544588038487,0.05246122257253416,1.0,low_vs_medium,1,4
5,missingindicator_ST011Q01TA,30,14,0.4666666666666667,0.050739319380001764,0.048378864399887755,0.9534787811709522,0.8571428571428571,low_vs_medium,1,4
5,missingindicator_ST011Q02TA,30,3,0.1,-0.00999523852862775,0.0770999422986243,7.713667070355487,0.6666666666666666,low_vs_medium,1,4
5,missingindicator_ST011Q03TA,30,5,0.16666666666666666,0.06109816687092939,0.02187410391140943,0.35801571522790093,1.0,low_vs_medium,1,4
5,missingindicator_ST011Q04TA,30,13,0.43333333333333335,0.07795746040443954,0.02787882993887981,0.3576159330261118,1.0,low_vs_medium,1,4
5,missingindicator_ST011Q06TA,30,7,0.23333333333333334,-0.07620827771227359,0.014721593421077466,0.1931757791018351,1.0,low_vs_medium,1,4
5,missingindicator_ST011Q07TA,30,26,0.8666666666666667,0.09462363351036997,0.01667891642252061,0.17626586301711547,1.0,low_vs_medium,1,4
5,missingindicator_ST011Q08TA,30,1,0.03333333333333333,0.06032229296559555,,,1.0,low_vs_medium,1,4
5,missingindicator_ST011Q09TA,30,20,0.6666666666666666,0.07549214543728458,0.01920245493476942,0.25436361390367346,1.0,low_vs_medium,1,4
5,missingindicator_ST011Q10TA,30,1,0.03333333333333333,0.07818413258947307,,,1.0,low_vs_medium,1,4
5,missingindicator_ST011Q11TA,30,1,0.03333333333333333,-0.05287595238577111,,,1.0,low_vs_medium,1,4
5,missingindicator_ST011Q12TA,30,22,0.7333333333333333,0.10414942886463147,0.01756188006302839,0.1686219526547236,1.0,low_vs_medium,1,4
5,missingindicator_ST012Q01TA,30,1,0.03333333333333333,0.07820357050723739,,,1.0,low_vs_medium,1,4
5,missingindicator_ST012Q02TA,30,30,1.0,0.11715463083465318,0.011364870150136269,0.09700743427014968,1.0,low_vs_medium,1,4
5,missingindicator_ST012Q03TA,30,1,0.03333333333333333,0.04486550334702414,,,1.0,low_vs_medium,1,4
5,missingindicator_ST012Q05NA,30,2,0.06666666666666667,0.07198710997782881,0.0015560574042073798,0.02161577822316561,1.0,low_vs_medium,1,4
5,missingindicator_ST012Q07NA,30,1,0.03333333333333333,0.06762833284093343,,,1.0,low_vs_medium,1,4
5,missingindicator_ST012Q08NA,30,1,0.03333333333333333,0.07605378856405708,,,1.0,low_vs_medium,1,4
5,missingindicator_ST012Q09NA,30,21,0.7,0.09131679923112909,0.032934085007831584,0.3606574615528645,1.0,low_vs_medium,1,4
5,missingindicator_ST013Q01TA,30,30,1.0,0.10527170285235424,0.023417694899639446,0.2224500436977186,1.0,low_vs_medium,1,4
5,missingindicator_ST166Q02HA,30,2,0.06666666666666667,0.06076088333463802,0.003944683915362385,0.06492143791980777,1.0,low_vs_medium,1,4
5,missingindicator_ST166Q03HA,30,28,0.9333333333333333,0.07907730221910489,0.012365563711121795,0.1563731104136517,1.0,low_vs_medium,1,4
5,missingindicator_ST166Q04HA,30,9,0.3,0.07006061702868212,0.00843257089608912,0.12036107093714161,1.0,low_vs_medium,1,4
5,missingindicator_ST166Q05HA,30,30,1.0,0.1051441575640075,0.011833967978855709,0.1125499338529739,1.0,low_vs_medium,1,4
5,missingindicator_ST019AQ01T,30,30,1.0,0.2537286793584436,0.020134227473738157,0.07935337670399666,1.0,low_vs_medium,1,4
5,missingindicator_ST019BQ01T,30,14,0.4666666666666667,0.07000314720314368,0.008057707727733354,0.11510493527313155,1.0,low_vs_medium,1,4
0,ST011Q04TA,30,30,1.0,0.04530375648634698,0.0025358899965646445,0.05597526989464717,1.0,medium_vs_high,1,4
0,ST012Q01TA,30,11,0.36666666666666664,-0.025901959080685353,0.0012737477693427505,0.049175730892593465,1.0,medium_vs_high,1,4
0,ST012Q06NA,30,29,0.9666666666666667,0.03248151406177089,0.001388052990272473,0.04273362958490108,1.0,medium_vs_high,1,4
0,ST013Q01TA,30,30,1.0,-0.0610666064442406,0.0015437964958674292,0.025280535234540283,1.0,medium_vs_high,1,4
0,ST166Q03HA,30,30,1.0,-0.03761995868796094,0.0017845012381405548,0.04743496006846034,1.0,medium_vs_high,1,4
0,ST166Q05HA,30,30,1.0,-0.06015663315684958,0.0013984872561460097,0.023247432290628027,1.0,medium_vs_high,1,4
0,ST019AQ01T,30,30,1.0,0.034528265181019896,0.0026103154613710913,0.0755993806142909,1.0,medium_vs_high,1,4
0,missingindicator_ST011Q01TA,30,13,0.43333333333333335,0.003939934927837089,0.027111582452658323,6.881225946424907,0.6153846153846154,medium_vs_high,1,4
0,missingindicator_ST011Q02TA,30,30,1.0,0.06486242539403085,0.014547067670137852,0.22427572792362135,1.0,medium_vs_high,1,4
0,missingindicator_ST011Q03TA,30,29,0.9666666666666667,-0.07113175187439842,0.029798906340115044,0.4189255227782489,1.0,medium_vs_high,1,4
0,missingindicator_ST011Q04TA,30,7,0.23333333333333334,0.027770333586370422,0.005345459061791771,0.19248811128488938,1.0,medium_vs_high,1,4
0,missingindicator_ST011Q05TA,30,1,0.03333333333333333,0.02373622831054891,,,1.0,medium_vs_high,1,4
0,missingindicator_ST011Q06TA,30,2,0.06666666666666667,-0.0076791158200114895,0.03435589146715846,4.473938441926906,0.5,medium_vs_high,1,4
0,missingindicator_ST011Q07TA,30,2,0.06666666666666667,0.027141599177838698,0.003243304688267703,0.1194957108833839,1.0,medium_vs_high,1,4
0,missingindicator_ST011Q09TA,30,1,0.03333333333333333,-0.03135899190883206,,,1.0,medium_vs_high,1,4
0,missingindicator_ST011Q10TA,30,2,0.06666666666666667,-0.03234605961334466,0.008618427847966898,0.26644444334144757,1.0,medium_vs_high,1,4
0,missingindicator_ST011Q11TA,30,2,0.06666666666666667,-0.027453185897203258,0.006505194324592059,0.23695589826806815,1.0,medium_vs_high,1,4
0,missingindicator_ST011Q12TA,30,26,0.8666666666666667,-0.04561257877790201,0.014725413434747892,0.3228366785936237,1.0,medium_vs_high,1,4
0,missingindicator_ST012Q01TA,30,1,0.03333333333333333,-0.038607874029305184,,,1.0,medium_vs_high,1,4
0,missingindicator_ST012Q03TA,30,13,0.43333333333333335,0.027693714980805348,0.0049643045758698415,0.17925744448914224,1.0,medium_vs_high,1,4
0,missingindicator_ST012Q06NA,30,1,0.03333333333333333,0.02573233099298863,,,1.0,medium_vs_high,1,4
0,missingindicator_ST012Q08NA,30,30,1.0,0.052757029015737894,0.008233951260129286,0.1560730657837655,1.0,medium_vs_high,1,4
0,missingindicator_ST012Q09NA,30,8,0.26666666666666666,0.034841688223203174,0.009606284089618278,0.2757123600922666,1.0,medium_vs_high,1,4
0,missingindicator_ST013Q01TA,30,9,0.3,-0.038379147397159565,0.016502148524239528,0.42997694434089617,1.0,medium_vs_high,1,4
0,missingindicator_ST166Q03HA,30,19,0.6333333333333333,0.028773203389230704,0.003467027427431523,0.12049500990665396,1.0,medium_vs_high,1,4
0,missingindicator_ST166Q05HA,30,19,0.6333333333333333,0.028553194270040355,0.00537649680420901,0.18829755975324758,1.0,medium_vs_high,1,4
0,missingindicator_ST019AQ01T,30,6,0.2,-0.02165145455070608,0.03551222235086669,1.640177211544829,0.6666666666666666,medium_vs_high,1,4
0,missingindicator_ST019BQ01T,30,22,0.7333333333333333,0.03237990636106251,0.0041471224452470845,0.12807703638803855,1.0,medium_vs_high,1,4
0,missingindicator_ST019CQ01T,30,17,0.5666666666666667,0.03045462892443258,0.00459245096780989,0.15079648414712887,1.0,medium_vs_high,1,4
1,ST011Q04TA,30,30,1.0,0.04547794283594937,0.0027546335497986413,0.06057075975787455,1.0,medium_vs_high,1,4
1,ST012Q01TA,30,12,0.4,0.025769210471244586,0.001157580642397977,0.04492107523781922,1.0,medium_vs_high,1,4
1,ST012Q06NA,30,30,1.0,-0.03253798337104041,0.0017510698772960518,0.05381617715296229,1.0,medium_vs_high,1,4
1,ST013Q01TA,30,30,1.0,-0.061230706484732986,0.001867812229333981,0.030504502341479493,1.0,medium_vs_high,1,4
1,ST166Q03HA,30,30,1.0,-0.037648521792536215,0.0020092891867322777,0.053369670071100044,1.0,medium_vs_high,1,4
1,ST019AQ01T,30,30,1.0,0.03447469778021696,0.002785215140528288,0.08079012492827602,1.0,medium_vs_high,1,4
1,missingindicator_ST011Q01TA,30,16,0.5333333333333333,-0.006381726778584453,0.030553936802570958,4.787722486820128,0.625,medium_vs_high,1,4
1,missingindicator_ST011Q02TA,30,30,1.0,0.06529359321197971,0.01477910621175763,0.22634848971745733,1.0,medium_vs_high,1,4
1,missingindicator_ST011Q03TA,30,28,0.9333333333333333,-0.07348039293847876,0.030730885336605736,0.4182188486979796,1.0,medium_vs_high,1,4
1,missingindicator_ST011Q04TA,30,9,0.3,0.02632425723188202,0.02041118796663268,0.7753756463795733,0.8888888888888888,medium_vs_high,1,4
1,missingindicator_ST011Q05TA,30,3,0.1,0.026441610229547063,0.006232607500180252,0.2357121009678772,1.0,medium_vs_high,1,4
1,missingindicator_ST011Q06TA,30,4,0.13333333333333333,-0.013595745634580853,0.028676473718155248,2.109224053531605,0.75,medium_vs_high,1,4
1,missingindicator_ST011Q07TA,30,4,0.13333333333333333,0.023848802682850362,0.005673027969539311,0.23787474972983766,1.0,medium_vs_high,1,4
1,missingindicator_ST011Q08TA,30,1,0.03333333333333333,0.026567107986652096,,,1.0,medium_vs_high,1,4
1,missingindicator_ST011Q09TA,30,3,0.1,0.004744944559034517,0.040143921307465295,8.460356239785787,0.6666666666666666,medium_vs_high,1,4
1,missingindicator_ST011Q10TA,30,4,0.13333333333333333,-0.026906922158844958,0.008591642563229376,0.3193097490864482,1.0,medium_vs_high,1,4
1,missingindicator_ST011Q11TA,30,2,0.06666666666666667,-0.030013739099345564,0.00741620466665543,0.24709366074342723,1.0,medium_vs_high,1,4
1,missingindicator_ST011Q12TA,30,26,0.8666666666666667,-0.04472030011085285,0.01620501220218125,0.36236367291838834,1.0,medium_vs_high,1,4
1,missingindicator_ST012Q01TA,30,2,0.06666666666666667,-0.03172108761616105,0.0015355295469884234,0.04840721622061004,1.0,medium_vs_high,1,4
1,missingindicator_ST012Q03TA,30,15,0.5,0.02904240994333255,0.005197596957245228,0.17896575963863748,1.0,medium_vs_high,1,4
1,missingindicator_ST012Q05NA,30,2,0.06666666666666667,-0.02592114902935695,0.009647580268385407,0.3721895297719657,1.0,medium_vs_high,1,4
1,missingindicator_ST012Q06NA,30,3,0.1,0.026229788446890005,0.006474478590981,0.24683685894343008,1.0,medium_vs_high,1,4
1,missingindicator_ST012Q08NA,30,30,1.0,0.050931365072869994,0.007865049899022317,0.1544244865176774,1.0,medium_vs_high,1,4
1,missingindicator_ST012Q09NA,30,9,0.3,0.033818199680108976,0.008188874856610193,0.24214402109130267,1.0,medium_vs_high,1,4
1,missingindicator_ST013Q01TA,30,7,0.23333333333333334,-0.041234165945357205,0.01382582402145399,0.3353001983785905,1.0,medium_vs_high,1,4
1,missingindicator_ST166Q03HA,30,22,0.7333333333333333,0.028776486419720405,0.0034907717488359903,0.12130639223709323,1.0,medium_vs_high,1,4
1,missingindicator_ST166Q05HA,30,16,0.5333333333333333,0.029359112711772065,0.005846160874715669,0.19912593858368022,1.0,medium_vs_high,1,4
1,missingindicator_ST019AQ01T,30,10,0.3333333333333333,-0.020088509830064508,0.03532990486851241,1.758712078067513,0.7,medium_vs_high,1,4
1,missingindicator_ST019BQ01T,30,22,0.7333333333333333,0.032750148201578205,0.004614532306951115,0.1409011122193561,1.0,medium_vs_high,1,4
1,missingindicator_ST019CQ01T,30,20,0.6666666666666666,0.030927843078644983,0.00503786168402674,0.1628908188397165,1.0,medium_vs_high,1,4
2,ST011Q04TA,30,30,1.0,0.04559080535402244,0.0030250335966095906,0.06635183504918485,1.0,medium_vs_high,1,4
2,ST012Q01TA,30,9,0.3,-0.025675492006838243,0.0011120364831745829,0.043311204430996314,1.0,medium_vs_high,1,4
2,ST012Q06NA,30,29,0.9666666666666667,0.03252573489640314,0.0014870008160215516,0.04571767004674172,1.0,medium_vs_high,1,4
2,ST013Q01TA,30,30,1.0,-0.061329807613102284,0.0015233935980581632,0.024839366979079038,1.0,medium_vs_high,1,4
2,ST166Q02HA,30,1,0.03333333333333333,-0.020119373865326903,,,1.0,medium_vs_high,1,4
2,ST166Q03HA,30,30,1.0,0.04378462863581934,0.0018517243626732462,0.04229165395177948,1.0,medium_vs_high,1,4
2,ST166Q05HA,30,30,1.0,-0.06007948417188321,0.0012128829616954717,0.020187972290599203,1.0,medium_vs_high,1,4
2,ST019AQ01T,30,30,1.0,0.03458334323064523,0.0029034880089605186,0.0839562557499548,1.0,medium_vs_high,1,4
2,missingindicator_ST011Q01TA,30,9,0.3,-0.002871773782547427,0.024803756399201446,8.63708574468533,0.6666666666666666,medium_vs_high,1,4
2,missingindicator_ST011Q02TA,30,29,0.9666666666666667,0.06536178235150358,0.013369785851629592,0.2045505090379781,1.0,medium_vs_high,1,4
2,missingindicator_ST011Q03TA,30,30,1.0,-0.06966515161774559,0.0285453597954259,0.4097509175326998,1.0,medium_vs_high,1,4
2,missingindicator_ST011Q04TA,30,8,0.26666666666666666,0.02372682997268405,0.016712158230487172,0.7043569768792272,0.875,medium_vs_high,1,4
2,missingindicator_ST011Q06TA,30,2,0.06666666666666667,-0.02682456057073851,0.004532109822532769,0.16895373963652574,1.0,medium_vs_high,1,4
2,missingindicator_ST011Q07TA,30,1,0.03333333333333333,0.028994908542704145,,,1.0,medium_vs_high,1,4
2,missingindicator_ST011Q09TA,30,2,0.06666666666666667,-0.026559247147170718,0.014958338107882881,0.5632064050985854,1.0,medium_vs_high,1,4
2,missingindicator_ST011Q10TA,30,2,0.06666666666666667,-0.02560001120471846,0.0063948126274156036,0.2497972589260799,1.0,medium_vs_high,1,4
2,missingindicator_ST011Q11TA,30,2,0.06666666666666667,-0.028293472379140695,0.00204510426282504,0.07228184068113142,1.0,medium_vs_high,1,4
2,missingindicator_ST011Q12TA,30,26,0.8666666666666667,-0.046358426780535845,0.014491406843547102,0.31259487972166256,1.0,medium_vs_high,1,4
2,missingindicator_ST012Q01TA,30,1,0.03333333333333333,-0.030015432843838365,,,1.0,medium_vs_high,1,4
2,missingindicator_ST012Q03TA,30,15,0.5,0.028012491593752985,0.004093077187126756,0.1461161415587732,1.0,medium_vs_high,1,4
2,missingindicator_ST012Q05NA,30,1,0.03333333333333333,-0.024696750167181414,,,1.0,medium_vs_high,1,4
2,missingindicator_ST012Q06NA,30,2,0.06666666666666667,0.022502497936285146,0.006792313787112345,0.30184710187928865,1.0,medium_vs_high,1,4
2,missingindicator_ST012Q08NA,30,30,1.0,0.052169315147202064,0.00771425883432602,0.14786965887053147,1.0,medium_vs_high,1,4
2,missingindicator_ST012Q09NA,30,8,0.26666666666666666,0.02908855831964105,0.005047782418643539,0.17353154333658388,1.0,medium_vs_high,1,4
2,missingindicator_ST013Q01TA,30,8,0.26666666666666666,-0.039546911336403485,0.015283623377673895,0.3864681933732991,1.0,medium_vs_high,1,4
2,missingindicator_ST166Q03HA,30,21,0.7,0.02796616188787476,0.0037734796838105374,0.13493019524594108,1.0,medium_vs_high,1,4
2,missingindicator_ST166Q05HA,30,14,0.4666666666666667,0.029058080373385274,0.005011887041973237,0.1724782565665865,1.0,medium_vs_high,1,4
2,missingindicator_ST019AQ01T,30,2,0.06666666666666667,-0.05376541290637171,0.026828573611007895,0.4989931660662175,1.0,medium_vs_high,1,4
2,missingindicator_ST019BQ01T,30,24,0.8,0.032108539520335315,0.0045160888442249,0.14065070886717607,1.0,medium_vs_high,1,4
2,missingindicator_ST019CQ01T,30,24,0.8,0.029141018352733663,0.004211407865765288,0.14451821191657924,1.0,medium_vs_high,1,4
3,ST011Q04TA,30,30,1.0,0.04555968901389663,0.003062541385411024,0.06722041900849865,1.0,medium_vs_high,1,4
3,ST012Q01TA,30,8,0.26666666666666666,-0.025581392496600408,0.001062198709855148,0.04152231783302285,1.0,medium_vs_high,1,4
3,ST012Q06NA,30,29,0.9666666666666667,0.03257629427650408,0.0015682955785866438,0.04814223389791115,1.0,medium_vs_high,1,4
3,ST012Q08NA,30,23,0.7666666666666667,0.02863738455971001,0.002452121022935921,0.08562657032534371,1.0,medium_vs_high,1,4
3,ST013Q01TA,30,30,1.0,-0.06133970669689241,0.001727834157277675,0.02816828202025313,1.0,medium_vs_high,1,4
3,ST166Q03HA,30,30,1.0,0.0439934655833063,0.0019743144238793075,0.04487744708678914,1.0,medium_vs_high,1,4
3,ST166Q05HA,30,30,1.0,0.03433001691101723,0.0013814133986078385,0.04023922860825954,1.0,medium_vs_high,1,4
3,ST019AQ01T,30,30,1.0,0.03499719589427275,0.0028915673755097095,0.08262283024746309,1.0,medium_vs_high,1,4
3,missingindicator_ST011Q01TA,30,8,0.26666666666666666,-0.002520194300453695,0.03185740485302365,12.640852670482019,0.5,medium_vs_high,1,4
3,missingindicator_ST011Q02TA,30,29,0.9666666666666667,0.06486212376260367,0.014719753082432015,0.22693911683044066,1.0,medium_vs_high,1,4
3,missingindicator_ST011Q03TA,30,28,0.9333333333333333,-0.0757388632018631,0.02786914890636065,0.36796365469709214,1.0,medium_vs_high,1,4
3,missingindicator_ST011Q04TA,30,10,0.3333333333333333,0.025057926576411475,0.01924726808810782,0.7681109619910222,0.9,medium_vs_high,1,4
3,missingindicator_ST011Q05TA,30,1,0.03333333333333333,0.030225986647355416,,,1.0,medium_vs_high,1,4
3,missingindicator_ST011Q06TA,30,3,0.1,0.009199971911402979,0.046466909011999506,5.0507664001023445,0.6666666666666666,medium_vs_high,1,4
3,missingindicator_ST011Q07TA,30,2,0.06666666666666667,0.022050383338047184,0.00772800383645794,0.3504702715586596,1.0,medium_vs_high,1,4
3,missingindicator_ST011Q09TA,30,2,0.06666666666666667,-0.028871361561344434,0.019856942675720385,0.6877729903222382,1.0,medium_vs_high,1,4
3,missingindicator_ST011Q10TA,30,2,0.06666666666666667,-0.02979215505538646,0.006923808055972506,0.23240373323448693,1.0,medium_vs_high,1,4
3,missingindicator_ST011Q11TA,30,1,0.03333333333333333,-0.03264363852577969,,,1.0,medium_vs_high,1,4
3,missingindicator_ST011Q12TA,30,27,0.9,-0.04611283995648816,0.016459760253061645,0.3569452731298482,1.0,medium_vs_high,1,4
3,missingindicator_ST012Q03TA,30,13,0.43333333333333335,0.03080484258837537,0.00413475342654828,0.13422413747728695,1.0,medium_vs_high,1,4
3,missingindicator_ST012Q05NA,30,1,0.03333333333333333,-0.027681378973231363,,,1.0,medium_vs_high,1,4
3,missingindicator_ST012Q06NA,30,1,0.03333333333333333,0.029607277113234333,,,1.0,medium_vs_high,1,4
3,missingindicator_ST012Q08NA,30,30,1.0,0.05125323662393832,0.007827114132351617,0.15271453371387453,1.0,medium_vs_high,1,4
3,missingindicator_ST012Q09NA,30,4,0.13333333333333333,0.032361951499419596,0.008683573526827346,0.2683266343496956,1.0,medium_vs_high,1,4
3,missingindicator_ST013Q01TA,30,6,0.2,-0.04336534498817524,0.012095426143179511,0.2789191725899485,1.0,medium_vs_high,1,4
3,missingindicator_ST166Q03HA,30,16,0.5333333333333333,0.029064724325491648,0.004128670692801185,0.14205091528014507,1.0,medium_vs_high,1,4
3,missingindicator_ST166Q05HA,30,12,0.4,0.0307700282077305,0.003904082053456744,0.1268793784360556,1.0,medium_vs_high,1,4
3,missingindicator_ST019AQ01T,30,2,0.06666666666666667,-0.02427145804069633,0.07182832399277582,2.9593740875533787,0.5,medium_vs_high,1,4
3,missingindicator_ST019BQ01T,30,19,0.6333333333333333,0.0325674550200203,0.005537381584862597,0.17002807193434624,1.0,medium_vs_high,1,4
3,missingindicator_ST019CQ01T,30,23,0.7666666666666667,0.030601039938281612,0.004277797871061219,0.13979256520984223,1.0,medium_vs_high,1,4
4,ST011Q04TA,30,30,1.0,0.046384316570030455,0.0037357737323430516,0.08053958770100293,1.0,medium_vs_high,1,4
4,ST012Q01TA,30,18,0.6,0.025666899361866887,0.001527283403328048,0.05950400871548673,1.0,medium_vs_high,1,4
4,ST012Q06NA,30,30,1.0,-0.032297657659829934,0.0017255038980552007,0.05342504760651075,1.0,medium_vs_high,1,4
4,ST013Q01TA,30,30,1.0,0.06266455451342375,0.0034011475408997995,0.05427546030302058,1.0,medium_vs_high,1,4
4,ST166Q03HA,30,30,1.0,0.044047472558479225,0.002323144493354306,0.05274183417152946,1.0,medium_vs_high,1,4
4,ST019AQ01T,30,29,0.9666666666666667,0.03506935913274302,0.0029607978840901065,0.08442691732355366,1.0,medium_vs_high,1,4
4,missingindicator_ST011Q01TA,30,13,0.43333333333333335,0.0022792597214426175,0.030518153323344666,13.389502317896767,0.5384615384615384,medium_vs_high,1,4
4,missingindicator_ST011Q02TA,30,30,1.0,0.06713354787577792,0.012302879870336306,0.18325978977159404,1.0,medium_vs_high,1,4
4,missingindicator_ST011Q03TA,30,27,0.9,-0.07614933319644974,0.028162051729266557,0.36982663599449006,1.0,medium_vs_high,1,4
4,missingindicator_ST011Q04TA,30,9,0.3,0.031654447000654166,0.025936095255168153,0.8193507615101335,0.8888888888888888,medium_vs_high,1,4
4,missingindicator_ST011Q05TA,30,4,0.13333333333333333,0.02636490783292006,0.004171259704312408,0.15821256538223286,1.0,medium_vs_high,1,4
4,missingindicator_ST011Q06TA,30,6,0.2,-0.016646820387982344,0.02337050042209656,1.4039017588588971,0.8333333333333334,medium_vs_high,1,4
4,missingindicator_ST011Q07TA,30,2,0.06666666666666667,0.02762626327647542,0.005131699463174352,0.18575438204645453,1.0,medium_vs_high,1,4
4,missingindicator_ST011Q08TA,30,1,0.03333333333333333,-0.027536695037088842,,,1.0,medium_vs_high,1,4
4,missingindicator_ST011Q09TA,30,5,0.16666666666666666,-0.009972261741006261,0.03543441961263792,3.553298191816451,0.6,medium_vs_high,1,4
4,missingindicator_ST011Q10TA,30,9,0.3,-0.026597829915612888,0.008756196054447232,0.3292071602167573,1.0,medium_vs_high,1,4
4,missingindicator_ST011Q11TA,30,1,0.03333333333333333,-0.030957369096368523,,,1.0,medium_vs_high,1,4
4,missingindicator_ST011Q12TA,30,25,0.8333333333333334,-0.04481527745526177,0.01336547944375148,0.29823489226623623,1.0,medium_vs_high,1,4
4,missingindicator_ST012Q01TA,30,5,0.16666666666666666,-0.018008190785093588,0.022551636255889643,1.2522988302943194,0.8,medium_vs_high,1,4
4,missingindicator_ST012Q02TA,30,2,0.06666666666666667,0.024915802705206436,0.0036148080508192396,0.14508093893615095,1.0,medium_vs_high,1,4
4,missingindicator_ST012Q03TA,30,12,0.4,0.030865990023904985,0.005917104840125851,0.1917030633244938,1.0,medium_vs_high,1,4
4,missingindicator_ST012Q05NA,30,1,0.03333333333333333,-0.03137612297993147,,,1.0,medium_vs_high,1,4
4,missingindicator_ST012Q06NA,30,5,0.16666666666666666,0.02853640271348772,0.004561616670251423,0.15985254750050806,1.0,medium_vs_high,1,4
4,missingindicator_ST012Q08NA,30,30,1.0,0.048888187886966396,0.009639359480488508,0.19717154382517754,1.0,medium_vs_high,1,4
4,missingindicator_ST012Q09NA,30,7,0.23333333333333334,0.030832110073712882,0.008016144078769093,0.2599933659942259,1.0,medium_vs_high,1,4
4,missingindicator_ST013Q01TA,30,9,0.3,-0.03803697622487412,0.011816214127855058,0.31065072202368954,1.0,medium_vs_high,1,4
4,missingindicator_ST166Q01HA,30,1,0.03333333333333333,0.022543273496050207,,,1.0,medium_vs_high,1,4
4,missingindicator_ST166Q03HA,30,17,0.5666666666666667,0.02930870235525781,0.003079529680822537,0.10507219471864769,1.0,medium_vs_high,1,4
4,missingindicator_ST166Q05HA,30,15,0.5,0.03053706043819404,0.006182842499163632,0.20247012680469006,1.0,medium_vs_high,1,4
4,missingindicator_ST019AQ01T,30,6,0.2,-0.036925375235855526,0.021501204334593977,0.5822880389774816,1.0,medium_vs_high,1,4
4,missingindicator_ST019BQ01T,30,24,0.8,0.03400723515383578,0.007607467406158535,0.22370143799533393,1.0,medium_vs_high,1,4
4,missingindicator_ST019CQ01T,30,17,0.5666666666666667,0.032833533479201746,0.004128179663740129,0.12573059388673796,1.0,medium_vs_high,1,4
5,ST011Q04TA,30,30,1.0,0.046350554502187634,0.0036021373932418384,0.07771508737984625,1.0,medium_vs_high,1,4
5,ST012Q01TA,30,10,0.3333333333333333,0.025973603811518003,0.0009882750074871357,0.03804920621176507,1.0,medium_vs_high,1,4
5,ST012Q06NA,30,29,0.9666666666666667,0.03267623013658956,0.0015184405929931036,0.04646927098523564,1.0,medium_vs_high,1,4
5,ST013Q01TA,30,30,1.0,0.04967861847999773,0.0020807068668847097,0.04188334801867471,1.0,medium_vs_high,1,4
5,ST166Q03HA,30,30,1.0,0.04402631530007784,0.002075562152022589,0.04714367163992303,1.0,medium_vs_high,1,4
5,ST166Q05HA,30,30,1.0,0.034555322406886725,0.0013931713903649909,0.040317128978294176,1.0,medium_vs_high,1,4
5,ST019AQ01T,30,30,1.0,0.03507521681655247,0.002884678432592772,0.08224264008630312,1.0,medium_vs_high,1,4
5,missingindicator_ST011Q01TA,30,7,0.23333333333333334,0.005581912776096237,0.037501471695923175,6.718390845610844,0.5714285714285714,medium_vs_high,1,4
5,missingindicator_ST011Q02TA,30,30,1.0,0.06620560065682685,0.015395092615646262,0.23253459621106518,1.0,medium_vs_high,1,4
5,missingindicator_ST011Q03TA,30,28,0.9333333333333333,-0.07696083510202154,0.029773287226100897,0.38686283986696035,1.0,medium_vs_high,1,4
5,missingindicator_ST011Q04TA,30,12,0.4,0.027442656231665228,0.02111510343224276,0.7694263723596368,0.9166666666666666,medium_vs_high,1,4
5,missingindicator_ST011Q05TA,30,3,0.1,0.02702370118809098,0.0031630419587948887,0.11704695581036113,1.0,medium_vs_high,1,4
5,missingindicator_ST011Q06TA,30,2,0.06666666666666667,-0.0012373052574550097,0.05211107001499298,42.11658335807873,0.5,medium_vs_high,1,4
5,missingindicator_ST011Q07TA,30,1,0.03333333333333333,0.016120845442706644,,,1.0,medium_vs_high,1,4
5,missingindicator_ST011Q08TA,30,2,0.06666666666666667,-0.02140043118276034,0.0058633259919344,0.2739816755027698,1.0,medium_vs_high,1,4
5,missingindicator_ST011Q09TA,30,1,0.03333333333333333,-0.042221249572576024,,,1.0,medium_vs_high,1,4
5,missingindicator_ST011Q10TA,30,4,0.13333333333333333,-0.03676024615127463,0.006538266676884513,0.17786242915725972,1.0,medium_vs_high,1,4
5,missingindicator_ST011Q11TA,30,2,0.06666666666666667,-0.027229450194130686,0.003435568604084628,0.12617106036262038,1.0,medium_vs_high,1,4
5,missingindicator_ST011Q12TA,30,25,0.8333333333333334,-0.04669726160910145,0.016368411694744144,0.3505218749605199,1.0,medium_vs_high,1,4
5,missingindicator_ST012Q01TA,30,1,0.03333333333333333,0.026055181414383483,,,1.0,medium_vs_high,1,4
5,missingindicator_ST012Q03TA,30,14,0.4666666666666667,0.031087924955767877,0.004898210561286071,0.15755990688523855,1.0,medium_vs_high,1,4
5,missingindicator_ST012Q06NA,30,5,0.16666666666666666,0.0266923219335203,0.005010000527847937,0.1876944441298815,1.0,medium_vs_high,1,4
5,missingindicator_ST012Q08NA,30,30,1.0,0.050954601624252284,0.008139954176777028,0.1597491476197264,1.0,medium_vs_high,1,4
5,missingindicator_ST012Q09NA,30,7,0.23333333333333334,0.030326911664101463,0.0074479405296111285,0.24558849289053708,1.0,medium_vs_high,1,4
5,missingindicator_ST013Q01TA,30,8,0.26666666666666666,-0.04754512923885741,0.010892318054625328,0.22909429901650824,1.0,medium_vs_high,1,4
5,missingindicator_ST166Q03HA,30,19,0.6333333333333333,0.02937692852666168,0.003661162784258784,0.1246271468079454,1.0,medium_vs_high,1,4
5,missingindicator_ST166Q05HA,30,13,0.43333333333333335,0.029950913919967535,0.004580508039064033,0.15293383204611732,1.0,medium_vs_high,1,4
5,missingindicator_ST019AQ01T,30,6,0.2,-0.041467436627263106,0.02272189037496296,0.5479453813169698,1.0,medium_vs_high,1,4
5,missingindicator_ST019BQ01T,30,21,0.7,0.03424240249733505,0.005111285296187773,0.1492677184839926,1.0,medium_vs_high,1,4
5,missingindicator_ST019CQ01T,30,20,0.6666666666666666,0.030176088668588293,0.0043388187617888875,0.14378333817349123,1.0,medium_vs_high,1,4
